# Blender 4.5.4 LTS
# www.blender.org
o Icosphere.001
v -0.000005 -1.484188 1.807332
v -0.762001 -1.510037 1.242705
v 0.285087 -1.026535 0.906335
v 0.895054 -0.917832 1.815411
v 0.279184 -0.920114 2.709576
v -0.728572 -0.924277 2.360160
v -0.298596 0.037675 0.639288
v 0.740504 -0.160092 1.106932
v 0.910464 -0.754571 2.600811
v -0.288918 0.246516 3.193692
v -0.885130 0.041840 1.837000
v 0.005568 0.679036 1.804955
v 0.273233 -1.033948 0.945420
v 0.260254 -1.048673 0.988037
v 0.246820 -1.081938 1.033461
v 0.233082 -1.136222 1.081370
v 0.217713 -1.190239 1.132761
v 0.200716 -1.241723 1.187249
v 0.182250 -1.289553 1.244391
v 0.162501 -1.333033 1.305157
v 0.141783 -1.371403 1.368971
v 0.120476 -1.404085 1.434660
v 0.098977 -1.430809 1.501003
v 0.077666 -1.451613 1.566825
v 0.056879 -1.466800 1.631095
v 0.036884 -1.476870 1.692977
v 0.017880 -1.482443 1.751857
v -0.046831 -1.482457 1.773047
v -0.096592 -1.476880 1.736658
v -0.148952 -1.466782 1.698417
v -0.203391 -1.451545 1.658707
v -0.259202 -1.430663 1.618050
v -0.315508 -1.403834 1.577086
v -0.371315 -1.371015 1.536545
v -0.425579 -1.332479 1.497188
v -0.477302 -1.288807 1.459742
v -0.525620 -1.240846 1.424832
v -0.569903 -1.190085 1.392913
v -0.612480 -1.179608 1.361599
v -0.654032 -1.223271 1.330243
v -0.693327 -1.302742 1.299670
v -0.729506 -1.402692 1.270241
v -0.721933 -1.525258 1.202277
v -0.675022 -1.514582 1.162528
v -0.620902 -1.475189 1.124209
v -0.559639 -1.407867 1.088035
v -0.491860 -1.318122 1.054578
v -0.418802 -1.216516 1.024181
v -0.342275 -1.117933 0.996884
v -0.264500 -1.039767 0.972398
v -0.187860 -0.999362 0.950178
v -0.113409 -0.992786 0.930803
v -0.040117 -0.984763 0.916636
v 0.030950 -0.974256 0.907602
v 0.098848 -0.961715 0.903326
v 0.162967 -0.948828 0.903196
v 0.225040 -0.969202 0.904469
v -0.751367 -0.933420 2.305287
v -0.774247 -0.947104 2.246795
v -0.795670 -0.961098 2.183813
v -0.814580 -0.973523 2.116230
v -0.830235 -0.983909 2.044544
v -0.841940 -0.991819 1.969525
v -0.849126 -0.996891 1.892196
v -0.851417 -0.998883 1.813780
v -0.848679 -0.997708 1.735610
v -0.841049 -0.993458 1.659011
v -0.831037 -1.018710 1.582936
v -0.820290 -1.090082 1.507477
v -0.808234 -1.188804 1.434907
v -0.794541 -1.299133 1.366412
v -0.779134 -1.409516 1.302125
v -0.046840 -1.482532 1.841670
v -0.096632 -1.477030 1.878230
v -0.149046 -1.467003 1.916785
v -0.203569 -1.451822 1.956979
v -0.259495 -1.430970 1.998317
v -0.315952 -1.404127 2.040185
v -0.371946 -1.371243 2.081882
v -0.426432 -1.332561 2.122669
v -0.478413 -1.288644 2.161836
v -0.527020 -1.240318 2.198768
v -0.571583 -1.188605 2.232989
v -0.611679 -1.134612 2.264191
v -0.647122 -1.079441 2.292240
v -0.677949 -1.024102 2.317151
v -0.704365 -0.969455 2.339062
v 0.867793 -0.970462 1.814321
v 0.835493 -1.024586 1.813293
v 0.797740 -1.079521 1.812338
v 0.754274 -1.134396 1.811463
v 0.705038 -1.188192 1.810676
v 0.650253 -1.239796 1.809980
v 0.590439 -1.288082 1.809377
v 0.526416 -1.332013 1.808866
v 0.459258 -1.370747 1.808442
v 0.390199 -1.403707 1.808100
v 0.320533 -1.430634 1.807833
v 0.251491 -1.451572 1.807632
v 0.184158 -1.466835 1.807490
v 0.119407 -1.476929 1.807398
v 0.057881 -1.482489 1.807348
v 0.338456 -1.107154 0.933614
v 0.394378 -1.194119 0.965465
v 0.451794 -1.279059 1.002647
v 0.509349 -1.351777 1.045834
v 0.565498 -1.401774 1.095469
v 0.618703 -1.420515 1.151629
v 0.667659 -1.403909 1.213887
v 0.711485 -1.353923 1.281261
v 0.749814 -1.278497 1.352272
v 0.782754 -1.189774 1.425114
v 0.810761 -1.101407 1.497857
v 0.834494 -1.025988 1.568670
v 0.854657 -0.973277 1.636326
v 0.871943 -0.949363 1.699571
v 0.885441 -0.933956 1.759170
v 0.270391 -0.973220 2.676510
v 0.260059 -1.027609 2.639197
v 0.248064 -1.082614 2.597292
v 0.234332 -1.137401 2.550568
v 0.218851 -1.190987 2.498989
v 0.201690 -1.242295 2.442752
v 0.183013 -1.290233 2.382333
v 0.163071 -1.333798 2.318469
v 0.142192 -1.372172 2.252128
v 0.120757 -1.404800 2.184425
v 0.099159 -1.431432 2.116529
v 0.077775 -1.452123 2.049552
v 0.056935 -1.467181 1.984468
v 0.036907 -1.477121 1.922059
v 0.017885 -1.482565 1.862895
v 0.885774 -0.933215 1.871080
v 0.872623 -0.947927 1.930379
v 0.855062 -0.961557 1.992946
v 0.832628 -0.973655 2.058214
v 0.804991 -0.983759 2.125395
v 0.772029 -0.991436 2.193495
v 0.733867 -0.996325 2.261380
v 0.690915 -0.998181 2.327840
v 0.643842 -0.996906 2.391709
v 0.593534 -0.992563 2.451949
v 0.541012 -0.985366 2.507742
v 0.487334 -0.975647 2.558537
v 0.433507 -0.963821 2.604051
v 0.380418 -0.950333 2.644255
v 0.328795 -0.935627 2.679326
v 0.223429 -0.936369 2.717123
v 0.163111 -0.951816 2.721805
v 0.098451 -0.966003 2.722957
v 0.029906 -0.978444 2.719929
v -0.041807 -0.988644 2.712157
v -0.115712 -0.996156 2.699225
v -0.190622 -1.000615 2.680941
v -0.265211 -1.001799 2.657381
v -0.338131 -0.999650 2.628907
v -0.408126 -0.994289 2.596143
v -0.474136 -0.985994 2.559901
v -0.535371 -0.975169 2.521109
v -0.591338 -0.962290 2.480713
v -0.641827 -0.947854 2.439600
v -0.687034 -0.933036 2.398715
v -0.905707 -0.008280 1.795699
v -0.924137 -0.062418 1.753203
v -0.939661 -0.120510 1.709786
v -0.952893 -0.201527 1.663713
v -0.965060 -0.333952 1.613078
v -0.974692 -0.508680 1.560534
v -0.980245 -0.711054 1.508635
v -0.980380 -0.923000 1.459312
v -0.974090 -1.125483 1.413891
v -0.960775 -1.301216 1.373312
v -0.940332 -1.437332 1.338232
v -0.913220 -1.527406 1.308948
v -0.880426 -1.572030 1.285343
v -0.843309 -1.577538 1.266929
v -0.803360 -1.553472 1.252986
v -0.773953 -0.921403 2.355429
v -0.826637 -0.947235 2.356178
v -0.884439 -0.995286 2.360956
v -0.944013 -1.054844 2.367132
v -1.000952 -1.111430 2.370762
v -1.050185 -1.148246 2.367011
v -1.086746 -1.148973 2.351122
v -1.106897 -1.101771 2.319839
v -1.109177 -1.003137 2.272728
v -1.094789 -0.859387 2.212694
v -1.066658 -0.682965 2.144200
v -1.028349 -0.488545 2.071431
v -0.985422 -0.298709 2.000794
v -0.943952 -0.136401 1.936649
v -0.909405 -0.019848 1.881439
v -0.281301 -0.018241 0.612527
v -0.250887 -0.076476 0.602577
v -0.208493 -0.132467 0.605185
v -0.161914 -0.186206 0.607892
v -0.115703 -0.240186 0.606481
v -0.072104 -0.300099 0.609582
v -0.032967 -0.368839 0.618909
v 0.006702 -0.439059 0.635226
v 0.046364 -0.509304 0.658011
v 0.085332 -0.578296 0.686412
v 0.123014 -0.645385 0.719325
v 0.159891 -0.724905 0.754575
v 0.195337 -0.812495 0.791266
v 0.228345 -0.896151 0.829112
v 0.258331 -0.968532 0.867650
v -0.768975 -1.639885 1.189549
v -0.773540 -1.773836 1.133563
v -0.774118 -1.895084 1.075967
v -0.768680 -1.979465 1.018563
v -0.754867 -1.996643 0.963705
v -0.730611 -1.918538 0.913839
v -0.695450 -1.738290 0.870486
v -0.650890 -1.475612 0.833915
v -0.599601 -1.164535 0.803760
v -0.544726 -0.843730 0.779292
v -0.489413 -0.549770 0.759267
v -0.436389 -0.311482 0.741920
v -0.387634 -0.146427 0.725613
v -0.348459 -0.063008 0.708474
v -0.319031 -0.012998 0.682302
v 0.782453 -0.307580 1.132208
v 0.824570 -0.468795 1.160924
v 0.865192 -0.630433 1.194161
v 0.902381 -0.776105 1.232743
v 0.934204 -0.889384 1.277047
v 0.959050 -0.958194 1.326874
v 0.975983 -0.978960 1.381377
v 0.984920 -0.958210 1.439089
v 0.986555 -0.910546 1.498090
v 0.982114 -0.854263 1.556273
v 0.973053 -0.806826 1.611606
v 0.960808 -0.781737 1.662360
v 0.946614 -0.787187 1.707321
v 0.931398 -0.825821 1.746136
v 0.914280 -0.874054 1.781789
v 0.330049 -1.078728 0.884507
v 0.378159 -1.152252 0.862769
v 0.428453 -1.239430 0.842297
v 0.479571 -1.329005 0.824517
v 0.529816 -1.406765 0.811013
v 0.577291 -1.457192 0.803392
v 0.620152 -1.466238 0.803072
v 0.656917 -1.424852 0.811027
v 0.686745 -1.331890 0.827582
v 0.709519 -1.194504 0.852356
v 0.725728 -1.025496 0.884417
v 0.736215 -0.839562 0.922504
v 0.741970 -0.650387 0.965222
v 0.743993 -0.469123 1.011133
v 0.743226 -0.303933 1.058817
v 0.936044 -0.929649 2.669940
v 0.953026 -1.082660 2.734680
v 0.957409 -1.199698 2.790026
v 0.944973 -1.265572 2.830132
v 0.913134 -1.270996 2.851179
v 0.862301 -1.217702 2.853128
v 0.795886 -1.118270 2.839685
v 0.719399 -0.992731 2.817171
v 0.639407 -0.865127 2.792759
v 0.562599 -0.760777 2.772107
v 0.495054 -0.703601 2.757341
v 0.441601 -0.712240 2.748153
v 0.399619 -0.770432 2.742322
v 0.358355 -0.825353 2.733691
v 0.318049 -0.875199 2.722589
v 0.914493 -0.873492 1.851051
v 0.931845 -0.824469 1.889212
v 0.946358 -0.770685 1.929752
v 0.961504 -0.730173 1.976989
v 0.988656 -0.754561 2.043231
v 1.025416 -0.837509 2.126057
v 1.066831 -0.961135 2.220536
v 1.106884 -1.101778 2.319829
v 1.139233 -1.233335 2.415615
v 1.157932 -1.330702 2.499383
v 1.158320 -1.373266 2.564016
v 1.138066 -1.349013 2.605338
v 1.098336 -1.259340 2.623802
v 1.043555 -1.118360 2.624411
v 0.979287 -0.944648 2.614292
v -0.326486 0.140527 3.118169
v -0.373936 -0.008825 3.026889
v -0.431199 -0.185077 2.946892
v -0.494604 -0.373583 2.894044
v -0.559603 -0.561928 2.866137
v -0.621658 -0.736786 2.851725
v -0.676252 -0.884333 2.838500
v -0.719439 -0.992716 2.817200
v -0.748830 -1.055473 2.782798
v -0.764279 -1.073965 2.734465
v -0.767792 -1.057142 2.674724
v -0.762781 -1.018848 2.608045
v -0.753129 -0.974326 2.539392
v -0.742436 -0.937347 2.473152
v -0.733585 -0.918459 2.412655
v 0.252886 -0.875681 2.746394
v 0.223862 -0.826357 2.783619
v 0.192089 -0.771947 2.820861
v 0.157651 -0.712385 2.857724
v 0.120767 -0.647753 2.893839
v 0.081802 -0.578299 2.928922
v 0.041264 -0.504429 2.962803
v -0.000214 -0.426680 2.995428
v -0.041918 -0.345686 3.026833
v -0.083107 -0.262133 3.057052
v -0.123082 -0.176744 3.086028
v -0.161241 -0.090282 3.113505
v -0.197129 -0.003597 3.138956
v -0.230453 0.082305 3.161558
v -0.261067 0.166184 3.180221
v -0.875498 0.055474 1.768388
v -0.862042 0.068354 1.694262
v -0.844208 0.080159 1.614965
v -0.821512 0.090540 1.531162
v -0.794306 0.089303 1.442824
v -0.762447 0.075655 1.351481
v -0.725164 0.061616 1.260133
v -0.682251 0.056041 1.171376
v -0.634222 0.061791 1.087172
v -0.582274 0.075122 1.008796
v -0.528046 0.087646 0.936934
v -0.473294 0.089714 0.871859
v -0.419233 0.079130 0.813939
v -0.367277 0.068927 0.759316
v -0.325862 0.056047 0.702581
v -0.290358 0.055816 0.532615
v -0.444045 0.067773 0.303808
v -0.399830 -0.005794 -0.067547
v -0.011130 -0.087396 -0.487405
v 0.403598 0.062274 -0.138292
v 0.563610 0.220359 0.132715
v 0.345462 0.149943 0.469710
v 0.307452 0.142011 0.621260
v 0.351676 0.129350 0.713022
v 0.415259 0.116360 0.775116
v 0.479736 0.106254 0.828951
v 0.540314 0.087098 0.885234
v 0.597612 0.037477 0.941716
v 0.650590 -0.029129 0.997667
v 0.698369 -0.098386 1.052810
v 0.761808 -0.107153 1.173627
v 0.781151 -0.044929 1.248401
v 0.798263 0.020057 1.330886
v 0.813200 0.076004 1.419806
v 0.826471 0.105466 1.512593
v 0.836833 0.116787 1.608748
v 0.842571 0.126240 1.708642
v 0.843373 0.133590 1.810678
v 0.839207 0.138652 1.913123
v 0.843122 0.089819 2.022987
v 0.862260 -0.041132 2.138127
v 0.886750 -0.215601 2.249157
v 0.907480 -0.395251 2.353636
v 0.919129 -0.552292 2.449038
v 0.920011 -0.673146 2.532046
v 0.852137 -0.655786 2.629476
v 0.781275 -0.522525 2.658380
v 0.698895 -0.358109 2.696127
v 0.607400 -0.169554 2.757897
v 0.511902 0.032097 2.863123
v 0.422121 0.229939 3.016726
v 0.346590 0.381090 3.173873
v 0.277805 0.434821 3.273538
v 0.203849 0.470525 3.348997
v 0.124914 0.485831 3.396420
v 0.043983 0.477548 3.413363
v -0.034808 0.448183 3.402016
v -0.108212 0.403757 3.367692
v -0.174852 0.351475 3.317178
v -0.234839 0.297670 3.257279
v -0.338583 0.249422 3.146654
v -0.395330 0.189803 3.056096
v -0.461192 0.087541 2.944210
v -0.535121 -0.032867 2.837278
v -0.612450 -0.153781 2.747728
v -0.687237 -0.259943 2.673607
v -0.754002 -0.337085 2.605981
v -0.808268 -0.373335 2.535692
v -0.847307 -0.363012 2.457455
v -0.870756 -0.309307 2.370226
v -0.880778 -0.224636 2.276214
v -0.881592 -0.127939 2.179035
v -0.878406 -0.039552 2.082484
v -0.875976 0.024023 1.990602
v -0.877689 0.052337 1.907689
v -0.010973 0.665078 1.708104
v -0.028772 0.648764 1.609483
v -0.047695 0.629440 1.509820
v -0.067536 0.606454 1.410129
v -0.088017 0.579225 1.311728
v -0.108805 0.547282 1.216208
v -0.129527 0.510382 1.125338
v -0.149800 0.468521 1.040906
v -0.169369 0.422793 0.963669
v -0.189175 0.380741 0.886170
v -0.210119 0.340881 0.807694
v -0.232026 0.297868 0.734170
v -0.253695 0.245703 0.673016
v -0.276684 0.178842 0.636965
v -0.292803 0.106476 0.629262
v -0.856414 0.099850 1.836899
v -0.822575 0.160039 1.836664
v -0.783255 0.221624 1.836275
v -0.738272 0.283575 1.835689
v -0.687692 0.344631 1.834836
v -0.631865 0.403389 1.833623
v -0.571441 0.458422 1.831950
v -0.507339 0.508421 1.829746
v -0.440672 0.552359 1.827007
v -0.372658 0.589571 1.823816
v -0.304505 0.619804 1.820333
v -0.237332 0.643171 1.816762
v -0.172091 0.660099 1.813303
v -0.109534 0.671215 1.810121
v -0.050202 0.677269 1.807322
v 0.051348 0.669297 1.742509
v 0.100351 0.655995 1.678375
v 0.152242 0.638545 1.613463
v 0.206472 0.616385 1.548862
v 0.262286 0.589047 1.485798
v 0.318742 0.556227 1.425563
v 0.374779 0.517843 1.369405
v 0.429292 0.474114 1.318408
v 0.481239 0.425556 1.273379
v 0.529726 0.372963 1.234762
v 0.574080 0.317341 1.202627
v 0.613885 0.259805 1.176710
v 0.648976 0.201471 1.156488
v 0.680962 0.120816 1.139322
v 0.711671 -0.004411 1.122568
v 0.049982 0.685918 1.865771
v 0.096745 0.690295 1.932433
v 0.145480 0.691585 2.004568
v 0.195710 0.689103 2.081224
v 0.246912 0.681993 2.160657
v 0.298580 0.669086 2.240145
v 0.350242 0.648788 2.315966
v 0.401413 0.619169 2.383768
v 0.451500 0.578512 2.439494
v 0.499763 0.526271 2.480669
v 0.547220 0.455782 2.507242
v 0.611417 0.290420 2.513688
v 0.690533 0.041329 2.505578
v 0.771280 -0.237531 2.515978
v 0.845168 -0.507997 2.552030
v -0.012351 0.692235 1.907840
v -0.031112 0.706091 2.023367
v -0.050515 0.721702 2.153432
v -0.070396 0.741375 2.300265
v -0.090857 0.769825 2.466257
v -0.112769 0.816455 2.653216
v -0.138826 0.898192 2.860212
v -0.175218 1.035292 3.077969
v -0.228125 1.205432 3.276133
v -0.277105 1.266727 3.408163
v -0.290266 1.127324 3.456421
v -0.283826 0.901275 3.433966
v -0.279309 0.688208 3.376157
v -0.279982 0.510435 3.310235
v -0.283815 0.365507 3.248005
v -0.070202 0.689520 1.913692
v -0.131629 0.681915 1.919364
v -0.090835 0.702177 2.032925
v -0.196223 0.668539 1.924573
v -0.154086 0.692602 2.041282
v -0.111847 0.716303 2.166676
v -0.263360 0.648574 1.928980
v -0.220392 0.676359 2.047818
v -0.176607 0.704182 2.177047
v -0.133107 0.734112 2.316673
v -0.332193 0.621374 1.932243
v -0.289055 0.652553 2.051914
v -0.244263 0.684151 2.183477
v -0.199102 0.718457 2.327512
v -0.154926 0.759905 2.484274
v -0.401666 0.586572 1.934078
v -0.359148 0.620548 2.053078
v -0.314058 0.655252 2.185064
v -0.267780 0.692979 2.331179
v -0.222041 0.738528 2.492423
v -0.178617 0.801258 2.669146
v -0.470563 0.544222 1.934337
v -0.429526 0.580144 2.051086
v -0.384996 0.616984 2.181333
v -0.338319 0.656808 2.326658
v -0.291450 0.704169 2.488694
v -0.246837 0.768503 2.668613
v -0.207172 0.868208 2.866177
v -0.537584 0.494851 1.933062
v -0.498879 0.531683 2.046083
v -0.455852 0.569510 2.172456
v -0.409662 0.609948 2.313961
v -0.362244 0.656735 2.472597
v -0.316383 0.717894 2.650063
v -0.275640 0.809558 2.846697
v -0.244519 0.960681 3.059656
v -0.601448 0.439454 1.930478
v -0.565815 0.476120 2.038581
v -0.525219 0.513740 2.159288
v -0.480514 0.553401 2.294309
v -0.433375 0.597725 2.445643
v -0.386460 0.652421 2.615129
v -0.343422 0.728995 2.803323
v -0.308806 0.847699 3.007579
v -0.287582 1.032599 3.218278
v -0.661024 0.379420 1.926933
v -0.628999 0.414917 2.029337
v -0.591613 0.451254 2.143175
v -0.549382 0.489025 2.269860
v -0.503560 0.529767 2.411080
v -0.456341 0.576876 2.568443
v -0.410890 0.637119 2.742480
v -0.371000 0.721953 2.930801
v -0.340069 0.844335 3.125482
v -0.317550 0.998927 3.309510
v -0.715424 0.316346 1.922803
v -0.687287 0.349854 2.019153
v -0.653648 0.384061 2.125572
v -0.614704 0.419175 2.243073
v -0.571261 0.455892 2.372850
v -0.524922 0.495870 2.516050
v -0.478133 0.542407 2.673022
v -0.433862 0.600930 2.841858
v -0.394609 0.677339 3.016375
v -0.360479 0.770188 3.184526
v -0.326493 0.857386 3.329047
v -0.764095 0.251853 1.918411
v -0.739870 0.282792 2.008708
v -0.710244 0.314172 2.107734
v -0.677701 0.335665 2.217272
v -0.641969 0.349680 2.336104
v -0.601029 0.368206 2.462601
v -0.554570 0.400242 2.597595
v -0.504721 0.450180 2.743276
v -0.455702 0.517043 2.899137
v -0.411433 0.590384 3.055595
v -0.370686 0.646053 3.192065
v -0.327586 0.682297 3.300746
v -0.806816 0.187415 1.913987
v -0.786694 0.213914 1.998746
v -0.767057 0.218009 2.094276
v -0.747037 0.201693 2.197756
v -0.723017 0.178797 2.304452
v -0.691464 0.164244 2.411560
v -0.650050 0.170662 2.519697
v -0.598841 0.204723 2.632937
v -0.540852 0.265757 2.756962
v -0.481499 0.347010 2.894395
v -0.426308 0.435551 3.037958
v -0.376959 0.504316 3.165779
v -0.329421 0.519477 3.252353
v -0.843734 0.123999 1.909717
v -0.832536 0.125165 1.992977
v -0.824762 0.093114 2.086378
v -0.817174 0.038441 2.184830
v -0.805465 -0.023555 2.283456
v -0.784967 -0.074615 2.378920
v -0.752073 -0.098227 2.469927
v -0.705476 -0.084695 2.557848
v -0.646591 -0.033347 2.647482
v -0.579333 0.048647 2.746353
v -0.509514 0.149348 2.860717
v -0.443451 0.254097 2.988490
v -0.384968 0.342014 3.111861
v -0.333086 0.379228 3.200645
v 0.032661 0.700745 1.977889
v 0.014346 0.717155 2.104798
v 0.079987 0.706981 2.054627
v -0.004770 0.737199 2.249139
v 0.062064 0.726654 2.194101
v 0.129222 0.710400 2.137440
v -0.024545 0.765301 2.414137
v 0.043224 0.752977 2.354415
v 0.111677 0.734257 2.290296
v 0.179913 0.710285 2.224850
v -0.045220 0.811086 2.603342
v 0.023733 0.794230 2.539996
v 0.093325 0.769391 2.467667
v 0.162891 0.739262 2.391023
v 0.231637 0.705504 2.314149
v -0.068303 0.895100 2.819374
v 0.003501 0.869518 2.755631
v 0.074982 0.830496 2.675040
v 0.145706 0.785870 2.584893
v 0.215551 0.739928 2.491863
v 0.284034 0.694159 2.401093
v -0.099100 1.055884 3.059674
v -0.019235 1.022006 3.004127
v 0.057806 0.952852 2.917681
v 0.130597 0.873497 2.811926
v 0.200753 0.798727 2.698405
v 0.269492 0.732418 2.585882
v 0.336707 0.673309 2.480006
v -0.150873 1.318942 3.297586
v -0.052814 1.320704 3.270577
v 0.042978 1.211882 3.192976
v 0.122515 1.055491 3.074371
v 0.191792 0.911508 2.936316
v 0.258173 0.798152 2.796348
v 0.324084 0.710440 2.664229
v 0.389027 0.639436 2.544749
v -0.216947 1.514164 3.465641
v -0.108283 1.646810 3.471861
v 0.025642 1.607047 3.434677
v 0.131253 1.397493 3.344919
v 0.198226 1.126863 3.196953
v 0.255827 0.914498 3.027735
v 0.315740 0.769400 2.865317
v 0.377925 0.667583 2.718787
v 0.440054 0.590135 2.590713
v -0.244547 1.399646 3.551042
v -0.153162 1.617432 3.592592
v -0.011034 1.710384 3.584556
v 0.134250 1.658386 3.531481
v 0.223070 1.403759 3.426466
v 0.267844 1.084276 3.256268
v 0.314827 0.853105 3.069397
v 0.370123 0.703913 2.897114
v 0.429398 0.602303 2.746133
v 0.488750 0.526101 2.616881
v -0.235307 1.111143 3.546614
v -0.161993 1.310753 3.627684
v -0.048174 1.450012 3.659965
v 0.091886 1.507857 3.639524
v 0.211811 1.431567 3.565017
v 0.275850 1.188808 3.428576
v 0.316956 0.925381 3.245831
v 0.364851 0.735802 3.061354
v 0.419850 0.609365 2.894431
v 0.479623 0.508450 2.747428
v 0.545486 0.398132 2.619231
v -0.225778 0.835623 3.482035
v -0.158429 0.985029 3.572923
v -0.068583 1.107768 3.631504
v 0.042640 1.183443 3.645251
v 0.156888 1.189016 3.606045
v 0.245838 1.088281 3.507902
v 0.304899 0.907105 3.358320
v 0.355653 0.731123 3.186957
v 0.409280 0.597669 3.019558
v 0.472325 0.456059 2.853877
v 0.545874 0.305441 2.706581
v 0.621191 0.164055 2.591321
v -0.224542 0.612887 3.401478
v -0.159938 0.720310 3.484575
v -0.082268 0.816850 3.547411
v 0.009068 0.885490 3.577723
v 0.107209 0.911352 3.565732
v 0.198785 0.878876 3.505158
v 0.273924 0.786717 3.397704
v 0.336075 0.666658 3.258583
v 0.394177 0.549048 3.105805
v 0.461651 0.380510 2.928556
v 0.542586 0.199727 2.769643
v 0.626618 0.030234 2.653082
v 0.704290 -0.117631 2.573433
v -0.228519 0.437184 3.324436
v -0.166204 0.513046 3.395723
v -0.095174 0.584982 3.453603
v -0.015010 0.641918 3.488656
v 0.071470 0.672809 3.492217
v 0.157924 0.668801 3.458227
v 0.237630 0.627238 3.385727
v 0.308242 0.558236 3.281424
v 0.372705 0.471347 3.153468
v 0.444957 0.300742 2.979321
v 0.531619 0.104515 2.819372
v 0.622527 -0.085196 2.707791
v 0.707714 -0.255477 2.637475
v 0.782476 -0.397860 2.590165
v 0.098863 0.673543 1.801701
v 0.148727 0.674580 1.866497
v 0.150998 0.657201 1.736097
v 0.200462 0.671711 1.936348
v 0.203916 0.654510 1.799239
v 0.205921 0.636298 1.669980
v 0.253471 0.664143 2.010095
v 0.258507 0.647142 1.867092
v 0.261688 0.629489 1.731792
v 0.262923 0.610283 1.604532
v 0.307100 0.650955 2.085813
v 0.314044 0.634277 1.938337
v 0.318812 0.617329 1.798053
v 0.321155 0.599026 1.665417
v 0.321072 0.578747 1.541035
v 0.360698 0.631035 2.160738
v 0.369731 0.615029 2.010940
v 0.376425 0.599029 1.867315
v 0.380292 0.581867 1.730550
v 0.381195 0.562812 1.601426
v 0.379258 0.541491 1.480785
v 0.413652 0.603103 2.231407
v 0.424778 0.588472 2.082196
v 0.433592 0.573843 1.937502
v 0.439327 0.558129 1.798386
v 0.441641 0.540589 1.665887
v 0.440539 0.520796 1.541079
v 0.436282 0.498600 1.424977
v 0.465360 0.565908 2.294164
v 0.478442 0.553724 2.148992
v 0.489395 0.541113 2.006039
v 0.497204 0.527277 1.866851
v 0.501282 0.511597 1.732806
v 0.501454 0.493652 1.605252
v 0.497880 0.473261 1.485476
v 0.490961 0.450475 1.374586
v 0.515173 0.518753 2.346032
v 0.530019 0.510199 2.208354
v 0.542985 0.500404 2.070185
v 0.552908 0.488988 1.933533
v 0.558974 0.475556 1.800137
v 0.560793 0.459796 1.671641
v 0.558363 0.441544 1.549613
v 0.552002 0.420822 1.435454
v 0.542242 0.397838 1.330267
v 0.562355 0.462082 2.385615
v 0.578806 0.457988 2.258159
v 0.593590 0.451724 2.127548
v 0.605528 0.443270 1.996037
v 0.613657 0.432493 1.865638
v 0.617377 0.419246 1.738249
v 0.616492 0.403436 1.615693
v 0.611178 0.385092 1.499644
v 0.601899 0.364395 1.391510
v 0.589292 0.341667 1.292313
v 0.616293 0.355213 2.413977
v 0.625070 0.394176 2.298056
v 0.640506 0.395757 2.176608
v 0.654286 0.390623 2.052424
v 0.664423 0.382823 1.927212
v 0.670160 0.372358 1.803003
v 0.671112 0.359233 1.681789
v 0.667278 0.343517 1.565461
v 0.658997 0.325382 1.455687
v 0.646847 0.305114 1.353790
v 0.631555 0.283104 1.260655
v 0.690174 0.143010 2.427007
v 0.687401 0.242118 2.331389
v 0.688064 0.313950 2.219180
v 0.698543 0.332141 2.101556
v 0.710555 0.327418 1.983249
v 0.718308 0.319867 1.864050
v 0.721260 0.309569 1.745989
v 0.719235 0.296634 1.631066
v 0.712411 0.281238 1.521132
v 0.701260 0.263648 1.417755
v 0.686454 0.244210 1.322113
v 0.668766 0.223340 1.234928
v 0.772413 -0.129183 2.442426
v 0.765593 0.000634 2.357868
v 0.754796 0.131068 2.259855
v 0.747329 0.231312 2.148132
v 0.751549 0.267608 2.032842
v 0.761231 0.262891 1.920022
v 0.766230 0.255403 1.806649
v 0.766219 0.245272 1.694705
v 0.761207 0.232678 1.586115
v 0.751530 0.217866 1.482606
v 0.737762 0.201149 1.385585
v 0.720644 0.182722 1.296032
v 0.701522 0.154910 1.213779
v 0.850530 -0.410449 2.479528
v 0.845882 -0.278373 2.395380
v 0.832154 -0.122020 2.301032
v 0.813910 0.034306 2.196736
v 0.799573 0.155076 2.083303
v 0.798600 0.202827 1.970156
v 0.805594 0.197966 1.862582
v 0.807681 0.190510 1.754921
v 0.804719 0.180643 1.649048
v 0.796888 0.168587 1.546744
v 0.784637 0.154616 1.449562
v 0.769106 0.132048 1.358009
v 0.751811 0.090070 1.271972
v 0.732617 0.041640 1.193228
v 0.036004 0.654917 1.642837
v 0.086273 0.640846 1.576183
v 0.019281 0.637795 1.541382
v 0.139425 0.622221 1.509222
v 0.070663 0.622538 1.472310
v 0.001293 0.617233 1.439058
v 0.194823 0.598457 1.443239
v 0.124882 0.602321 1.403556
v 0.053601 0.600354 1.367894
v -0.017777 0.592561 1.337120
v 0.251612 0.569089 1.379664
v 0.181210 0.576539 1.336634
v 0.108658 0.578106 1.297856
v 0.035250 0.573613 1.264457
v -0.037664 0.563188 1.237160
v 0.308757 0.533860 1.319960
v 0.238696 0.544766 1.273186
v 0.165644 0.549918 1.230698
v 0.090889 0.548934 1.193919
v 0.015854 0.541762 1.163874
v -0.058047 0.528708 1.141042
v 0.365123 0.492803 1.265483
v 0.296226 0.506839 1.214834
v 0.223523 0.515433 1.168268
v 0.148238 0.518012 1.127494
v 0.071803 0.514322 1.093883
v -0.004273 0.504477 1.068257
v -0.078554 0.488954 1.050765
v 0.419566 0.446282 1.217320
v 0.352607 0.462934 1.162987
v 0.281115 0.474622 1.112295
v 0.206190 0.480620 1.067182
v 0.129210 0.480473 1.029361
v 0.051711 0.474085 1.000055
v -0.024762 0.461792 0.979730
v -0.098856 0.444756 0.967533
v 0.471049 0.394995 1.176167
v 0.406688 0.413598 1.118652
v 0.337203 0.427845 1.064155
v 0.263527 0.436900 1.014743
v 0.186927 0.440192 0.972344
v 0.109134 0.440037 0.935663
v 0.031241 0.437579 0.904262
v -0.045773 0.427661 0.884452
v -0.119865 0.408052 0.879153
v 0.518724 0.339922 1.142257
v 0.457460 0.359732 1.082311
v 0.390651 0.375854 1.024659
v 0.319034 0.387415 0.971396
v 0.244077 0.395383 0.922662
v 0.167617 0.404531 0.873950
v 0.090012 0.415058 0.827523
v 0.010603 0.428419 0.795074
v -0.069620 0.419149 0.780185
v -0.143867 0.381662 0.784963
v 0.562002 0.282224 1.115393
v 0.504151 0.302486 1.053896
v 0.440513 0.319740 0.993964
v 0.371625 0.333123 0.937628
v 0.299222 0.344811 0.883319
v 0.225534 0.360559 0.824186
v 0.152718 0.392603 0.759179
v 0.075563 0.453080 0.705410
v -0.013257 0.486677 0.667934
v -0.102973 0.453727 0.662292
v -0.174730 0.372064 0.688025
v 0.600567 0.223116 1.095030
v 0.546268 0.243148 1.032882
v 0.486110 0.260805 0.971630
v 0.420438 0.275283 0.913172
v 0.350788 0.288195 0.856362
v 0.280495 0.306287 0.791482
v 0.213672 0.343225 0.708969
v 0.156019 0.443118 0.623648
v 0.077890 0.541164 0.529179
v -0.071292 0.562902 0.472900
v -0.224391 0.529501 0.539156
v -0.221500 0.347711 0.595746
v 0.634722 0.158380 1.079945
v 0.583596 0.182996 1.018433
v 0.527049 0.200411 0.956786
v 0.464894 0.215294 0.897188
v 0.397978 0.227731 0.840422
v 0.330011 0.244156 0.776826
v 0.266665 0.271267 0.688582
v 0.238494 0.368163 0.580736
v 0.496336 0.679370 0.527934
v 0.183441 0.543651 0.168176
v -0.307104 0.519148 0.091648
v -0.737942 0.614109 0.397719
v -0.280361 0.269847 0.522941
v 0.667316 0.049588 1.065992
v 0.617644 0.101476 1.007787
v 0.563299 0.138589 0.948225
v 0.504703 0.154541 0.888495
v 0.440964 0.166624 0.831862
v 0.374487 0.179689 0.773442
v 0.311755 0.199552 0.696677
v 0.274883 0.231817 0.577883
v 0.667440 0.460551 0.522545
v 0.407184 0.386941 0.025893
v 0.070003 0.347463 -0.292010
v -0.274768 0.267628 -0.123672
v -0.630206 0.261341 0.188429
v -0.309644 0.135008 0.497161
v -0.069589 0.661417 1.707676
v -0.090150 0.642912 1.606604
v -0.131864 0.653080 1.708219
v -0.111649 0.621040 1.504956
v -0.155197 0.631959 1.605342
v -0.197340 0.639266 1.709832
v -0.133771 0.595139 1.403888
v -0.179177 0.607126 1.502460
v -0.223313 0.615126 1.605935
v -0.265321 0.619264 1.712539
v -0.156132 0.564628 1.304872
v -0.203369 0.577912 1.400862
v -0.249525 0.586949 1.502689
v -0.293637 0.591751 1.608513
v -0.334877 0.592518 1.716275
v -0.178303 0.529113 1.209627
v -0.227278 0.543800 1.302140
v -0.275414 0.554110 1.401488
v -0.321656 0.559936 1.505842
v -0.365054 0.561391 1.613069
v -0.404872 0.558746 1.720882
v -0.199837 0.488452 1.119991
v -0.250386 0.504496 1.208085
v -0.300384 0.516190 1.303991
v -0.348707 0.523296 1.405979
v -0.394292 0.525811 1.511916
v -0.436264 0.523932 1.619437
v -0.474031 0.518002 1.726135
v -0.220307 0.442821 1.037721
v -0.272193 0.460020 1.120526
v -0.323851 0.473053 1.211992
v -0.374115 0.481554 1.310587
v -0.421832 0.485387 1.414274
v -0.465998 0.484656 1.520683
v -0.505868 0.479647 1.627319
v -0.541037 0.470758 1.731784
v -0.239410 0.393032 0.963924
v -0.292262 0.410741 1.041099
v -0.345295 0.424910 1.127223
v -0.397266 0.434756 1.221385
v -0.446963 0.440025 1.321747
v -0.493271 0.440700 1.426026
v -0.535303 0.436980 1.531720
v -0.572497 0.429223 1.636333
v -0.604644 0.417873 1.737595
v -0.257874 0.343949 0.894354
v -0.310259 0.357363 0.971030
v -0.364313 0.372333 1.051118
v -0.417670 0.383325 1.139932
v -0.469091 0.389980 1.235905
v -0.517385 0.392167 1.336951
v -0.561541 0.389978 1.440647
v -0.600843 0.383694 1.544477
v -0.634929 0.373725 1.646066
v -0.663789 0.360544 1.743378
v -0.275438 0.294093 0.830836
v -0.326393 0.302182 0.909254
v -0.380647 0.316211 0.984626
v -0.434997 0.328022 1.067415
v -0.487798 0.335864 1.158088
v -0.537818 0.339507 1.254835
v -0.583952 0.338934 1.355422
v -0.625348 0.334329 1.457397
v -0.661489 0.326035 1.558354
v -0.692210 0.314487 1.656134
v -0.717673 0.300172 1.748997
v -0.292109 0.241222 0.775601
v -0.340654 0.246136 0.855582
v -0.394198 0.257653 0.928106
v -0.449108 0.269881 1.004495
v -0.502876 0.278596 1.089215
v -0.554270 0.283494 1.180779
v -0.602129 0.284464 1.277214
v -0.645492 0.281590 1.376239
v -0.683697 0.275120 1.475497
v -0.716429 0.265434 1.572778
v -0.743704 0.252974 1.666209
v -0.765819 0.238214 1.754359
v -0.305344 0.183162 0.735970
v -0.352245 0.187929 0.812862
v -0.405038 0.197913 0.881255
v -0.460043 0.210085 0.951273
v -0.514329 0.219291 1.029695
v -0.566679 0.225139 1.115451
v -0.615916 0.227444 1.206886
v -0.661012 0.226201 1.301962
v -0.701179 0.221564 1.398465
v -0.735958 0.213826 1.494213
v -0.765215 0.203370 1.587260
v -0.789118 0.190626 1.676036
v -0.808061 0.176037 1.759403
v -0.316869 0.119996 0.713065
v -0.361067 0.128340 0.781187
v -0.413341 0.138148 0.843381
v -0.467995 0.149830 0.907333
v -0.522348 0.159139 0.979418
v -0.575288 0.164369 1.058948
v -0.625729 0.164330 1.144492
v -0.672260 0.164066 1.234756
v -0.713958 0.164326 1.327850
v -0.750574 0.160310 1.421245
v -0.781873 0.151877 1.512926
v -0.807747 0.141218 1.601415
v -0.828475 0.128731 1.685428
v -0.844512 0.114815 1.764088
v -0.913705 -0.061372 1.964014
v -0.959918 -0.232759 2.030764
v -0.923903 -0.145169 2.057431
v -1.010896 -0.444942 2.106830
v -0.980275 -0.369264 2.135304
v -0.936572 -0.261451 2.158169
v -1.059982 -0.673279 2.189127
v -1.038126 -0.623764 2.223650
v -0.999955 -0.529235 2.247130
v -0.946529 -0.392687 2.262516
v -1.100714 -0.891207 2.270687
v -1.090527 -0.879852 2.316521
v -1.061262 -0.813092 2.346509
v -1.012792 -0.688897 2.361111
v -0.947816 -0.515718 2.365728
v -1.127884 -1.077124 2.344220
v -1.131140 -1.110556 2.404281
v -1.113900 -1.083637 2.446391
v -1.073840 -0.986134 2.467394
v -1.012567 -0.821864 2.469596
v -0.935062 -0.607140 2.461740
v -1.137421 -1.214556 2.404131
v -1.154743 -1.295068 2.479535
v -1.151824 -1.316297 2.536972
v -1.123487 -1.257494 2.569564
v -1.069254 -1.114969 2.576446
v -0.993876 -0.904131 2.564213
v -0.904577 -0.648940 2.544955
v -1.126092 -1.289757 2.444865
v -1.155859 -1.411471 2.533945
v -1.168104 -1.484083 2.608185
v -1.154908 -1.476657 2.657233
v -1.111807 -1.370522 2.675016
v -1.041928 -1.175565 2.665195
v -0.953504 -0.920014 2.639202
v -0.855281 -0.632890 2.612874
v -1.093947 -1.301067 2.465067
v -1.132053 -1.448860 2.563003
v -1.156846 -1.563067 2.651063
v -1.159593 -1.610162 2.717900
v -1.131888 -1.556428 2.752487
v -1.072255 -1.394332 2.752496
v -0.988917 -1.153294 2.728165
v -0.891707 -0.866781 2.694010
v -0.789186 -0.562425 2.668234
v -1.044470 -1.259489 2.467692
v -1.085708 -1.414316 2.568299
v -1.117816 -1.550534 2.663935
v -1.132498 -1.636717 2.743838
v -1.120844 -1.637935 2.796347
v -1.076434 -1.527567 2.812934
v -1.003728 -1.321075 2.798748
v -0.912493 -1.052937 2.766758
v -0.812288 -0.754526 2.733169
v -0.710629 -0.449528 2.718610
v -0.983315 -1.183994 2.458409
v -1.022910 -1.328610 2.556039
v -1.056948 -1.467088 2.652801
v -1.078031 -1.571570 2.739132
v -1.077918 -1.610247 2.804228
v -1.049622 -1.555087 2.838802
v -0.992256 -1.400892 2.841269
v -0.912420 -1.170646 2.820033
v -0.819358 -0.895538 2.789012
v -0.721567 -0.602530 2.766293
v -0.625213 -0.310798 2.774726
v -0.916694 -1.095553 2.443576
v -0.951020 -1.217066 2.534070
v -0.982650 -1.342239 2.626793
v -1.005361 -1.447674 2.713819
v -1.012017 -1.506061 2.785780
v -0.996062 -1.491576 2.833924
v -0.954293 -1.390538 2.853758
v -0.889194 -1.210336 2.848339
v -0.807645 -0.973955 2.827681
v -0.717755 -0.707508 2.806914
v -0.626471 -0.432555 2.805920
v -0.538998 -0.164214 2.847289
v -0.850187 -1.012949 2.428711
v -0.876907 -1.103143 2.509654
v -0.903068 -1.204198 2.594851
v -0.923674 -1.297305 2.678132
v -0.932837 -1.359946 2.751837
v -0.924780 -1.369580 2.808257
v -0.895603 -1.310221 2.842047
v -0.845135 -1.179419 2.852884
v -0.777294 -0.989354 2.846624
v -0.698467 -0.760403 2.834785
v -0.615306 -0.513314 2.833809
v -0.533385 -0.264886 2.863495
v -0.457940 -0.027289 2.939535
v -0.788156 -0.950714 2.417689
v -0.806079 -1.005537 2.488265
v -0.824925 -1.075972 2.564151
v -0.840825 -1.147539 2.640786
v -0.849101 -1.202291 2.712248
v -0.844922 -1.221349 2.772164
v -0.824443 -1.189165 2.815355
v -0.786162 -1.098497 2.839841
v -0.731680 -0.953143 2.848371
v -0.665236 -0.766006 2.848887
v -0.592295 -0.553991 2.854153
v -0.518180 -0.333379 2.880332
v -0.447866 -0.117692 2.941764
v -0.386654 0.081685 3.038846
v -0.202566 0.206106 3.233875
v -0.167861 0.112212 3.204860
v -0.138047 0.246050 3.281397
v -0.130818 0.017833 3.172107
v -0.099408 0.140555 3.240085
v -0.067412 0.282420 3.317490
v -0.091633 -0.075735 3.137163
v -0.058979 0.037015 3.195825
v -0.025516 0.164538 3.262562
v 0.008629 0.310480 3.336326
v -0.050672 -0.167594 3.101137
v -0.016954 -0.063454 3.150636
v 0.017585 0.052013 3.206244
v 0.052614 0.181016 3.267670
v 0.088178 0.325577 3.332714
v -0.008481 -0.257089 3.064672
v 0.026245 -0.160333 3.105850
v 0.061717 -0.054633 3.150956
v 0.097409 0.061005 3.200025
v 0.132965 0.187502 3.251894
v 0.168358 0.324860 3.303449
v 0.034251 -0.343654 3.028015
v 0.069990 -0.253363 3.062106
v 0.106394 -0.155598 3.098054
v 0.142781 -0.050177 3.135944
v 0.178509 0.062933 3.175185
v 0.213100 0.183214 3.213952
v 0.246285 0.308733 3.248626
v 0.076758 -0.426744 2.991122
v 0.113521 -0.342316 3.019488
v 0.150894 -0.251237 3.047968
v 0.188098 -0.153768 3.076535
v 0.224307 -0.050407 3.104848
v 0.258761 0.057923 3.131878
v 0.290860 0.169474 3.155508
v 0.320296 0.279428 3.171318
v 0.118280 -0.505815 2.953837
v 0.156038 -0.426897 2.977748
v 0.194394 -0.341751 3.000459
v 0.232516 -0.250825 3.021774
v 0.269478 -0.154861 3.041395
v 0.305111 -0.059735 3.056817
v 0.340977 0.015486 3.058313
v 0.373855 0.082048 3.048659
v 0.401238 0.151763 3.033618
v 0.158128 -0.580359 2.916021
v 0.196794 -0.506747 2.936529
v 0.236087 -0.427120 2.954955
v 0.275157 -0.341962 2.970941
v 0.313842 -0.256395 2.983193
v 0.356825 -0.203649 2.982088
v 0.400688 -0.173923 2.966950
v 0.440709 -0.146886 2.943146
v 0.473494 -0.107438 2.915691
v 0.497283 -0.047957 2.888192
v 0.195738 -0.649950 2.877650
v 0.235167 -0.581495 2.895537
v 0.275280 -0.507165 2.910846
v 0.315239 -0.427385 2.923081
v 0.359074 -0.368189 2.928981
v 0.410367 -0.355447 2.922813
v 0.463285 -0.366059 2.906841
v 0.512194 -0.376318 2.884449
v 0.552704 -0.368146 2.857084
v 0.582264 -0.331442 2.825489
v 0.600212 -0.263933 2.791428
v 0.230705 -0.714293 2.838840
v 0.270702 -0.650839 2.854645
v 0.311455 -0.581649 2.867665
v 0.352388 -0.508138 2.877326
v 0.401823 -0.475977 2.881953
v 0.460474 -0.495383 2.879581
v 0.522130 -0.541472 2.872260
v 0.580410 -0.588258 2.860721
v 0.629877 -0.614330 2.842942
v 0.666901 -0.605882 2.816620
v 0.690091 -0.557751 2.781478
v 0.700093 -0.472532 2.739908
v 0.262787 -0.773247 2.799839
v 0.303124 -0.714596 2.813900
v 0.344294 -0.650384 2.825174
v 0.386255 -0.584165 2.833247
v 0.439339 -0.569549 2.839691
v 0.503474 -0.611892 2.844281
v 0.572561 -0.686927 2.848307
v 0.639870 -0.767769 2.850564
v 0.699075 -0.830117 2.846641
v 0.745256 -0.855693 2.831767
v 0.775739 -0.834705 2.803409
v 0.790407 -0.766706 2.762348
v 0.791243 -0.658918 2.712340
v 0.291890 -0.826830 2.760972
v 0.332329 -0.772730 2.773492
v 0.373670 -0.713292 2.783347
v 0.415987 -0.652171 2.790303
v 0.470392 -0.645100 2.798786
v 0.537557 -0.700075 2.809668
v 0.611890 -0.795096 2.823634
v 0.686785 -0.904040 2.838589
v 0.755468 -1.001169 2.848960
v 0.811921 -1.064351 2.848296
v 0.851911 -1.078196 2.831911
v 0.873848 -1.036854 2.798438
v 0.878964 -0.944665 2.750177
v 0.870479 -0.813211 2.692153
v 0.986077 -0.848718 2.537278
v 1.045776 -1.002292 2.537553
v 0.980637 -0.707020 2.443144
v 1.094225 -1.117888 2.525640
v 1.034199 -0.835617 2.431356
v 0.963137 -0.524828 2.334721
v 1.126623 -1.180235 2.495477
v 1.075456 -0.924270 2.407207
v 1.009835 -0.627093 2.309910
v 0.935907 -0.318808 2.217248
v 1.139923 -1.180985 2.443939
v 1.100705 -0.962270 2.366123
v 1.044063 -0.691644 2.274065
v 0.976007 -0.397684 2.180271
v 0.905054 -0.121232 2.095800
v 1.134130 -1.123569 2.372180
v 1.108253 -0.946854 2.306805
v 1.063370 -0.712846 2.224286
v 1.004527 -0.445942 2.134862
v 0.939874 -0.184572 2.049690
v 0.880933 0.023769 1.974638
v 1.112305 -1.022981 2.285382
v 1.099198 -0.886011 2.231878
v 1.067354 -0.693214 2.160883
v 1.020290 -0.462969 2.079790
v 0.965210 -0.229135 1.998394
v 0.912850 -0.036462 1.924382
v 0.874677 0.072902 1.863799
v 1.079679 -0.902174 2.191324
v 1.077320 -0.797679 2.147295
v 1.058141 -0.644771 2.087486
v 1.024101 -0.455792 2.016569
v 0.981000 -0.258449 1.942255
v 0.938294 -0.092559 1.872607
v 0.906252 0.002896 1.814995
v 0.876080 0.067534 1.761787
v 1.042625 -0.787930 2.098646
v 1.048265 -0.706276 2.060799
v 1.040110 -0.587463 2.010170
v 1.018902 -0.439012 1.949269
v 0.988908 -0.282212 1.883727
v 0.957949 -0.150618 1.821056
v 0.932839 -0.070656 1.767174
v 0.904496 -0.002639 1.713940
v 0.872118 0.060034 1.660778
v 1.007666 -0.706244 2.015073
v 1.018502 -0.637985 1.980193
v 1.019053 -0.545198 1.936038
v 1.009296 -0.432300 1.883670
v 0.992166 -0.315126 1.827120
v 0.973766 -0.220749 1.772903
v 0.953531 -0.146763 1.720850
v 0.927663 -0.076248 1.667677
v 0.897155 -0.010708 1.614491
v 0.863024 0.050313 1.562522
v 0.980482 -0.678074 1.946521
v 0.994175 -0.615837 1.912184
v 1.000969 -0.540878 1.871971
v 1.000577 -0.456320 1.826187
v 0.994962 -0.374134 1.777855
v 0.985020 -0.304669 1.727694
v 0.969256 -0.245397 1.674270
v 0.947477 -0.188315 1.619675
v 0.919967 -0.127532 1.565835
v 0.887548 -0.061185 1.514162
v 0.851472 0.008392 1.465419
v 0.964854 -0.715351 1.896947
v 0.979888 -0.655264 1.861856
v 0.990550 -0.590552 1.823467
v 0.995982 -0.521772 1.781116
v 0.996491 -0.464406 1.733711
v 0.991981 -0.424362 1.681343
v 0.981534 -0.391295 1.625983
v 0.964528 -0.354061 1.569877
v 0.940868 -0.303922 1.515111
v 0.911092 -0.237181 1.463268
v 0.876346 -0.156031 1.415242
v 0.838181 -0.067309 1.371222
v 0.951040 -0.773143 1.855990
v 0.967276 -0.717070 1.820572
v 0.979677 -0.656303 1.782379
v 0.988255 -0.603492 1.739332
v 0.993442 -0.576490 1.690138
v 0.994085 -0.567389 1.636127
v 0.988975 -0.563887 1.579280
v 0.977126 -0.551972 1.521851
v 0.958025 -0.519519 1.465994
v 0.931840 -0.459837 1.413452
v 0.899460 -0.373578 1.365339
v 0.862362 -0.268080 1.322047
v 0.822334 -0.154601 1.283304
v 0.933901 -0.826046 1.817555
v 0.950807 -0.773962 1.781941
v 0.964633 -0.720785 1.743680
v 0.976424 -0.693559 1.699382
v 0.985561 -0.694639 1.649080
v 0.990786 -0.715455 1.594095
v 0.990724 -0.742606 1.536313
v 0.984097 -0.759840 1.477905
v 0.970006 -0.751644 1.421021
v 0.948189 -0.707504 1.367509
v 0.919172 -0.625081 1.318680
v 0.884219 -0.510660 1.275175
v 0.845084 -0.376669 1.236963
v 0.803689 -0.237744 1.203432
v 0.697556 -0.227091 1.003878
v 0.694381 -0.374663 0.955932
v 0.645603 -0.138529 0.948632
v 0.688035 -0.535847 0.910453
v 0.637875 -0.264297 0.901295
v 0.588004 -0.050678 0.893336
v 0.677637 -0.702755 0.869002
v 0.626683 -0.401704 0.857223
v 0.575357 -0.153110 0.847526
v 0.525906 0.019446 0.838265
v 0.662315 -0.864911 0.833119
v 0.611294 -0.543801 0.818049
v 0.559096 -0.266033 0.805888
v 0.508284 -0.060997 0.794877
v 0.460858 0.052615 0.783907
v 0.641281 -1.009982 0.804205
v 0.591039 -0.681524 0.785325
v 0.538702 -0.383874 0.770033
v 0.487072 -0.151554 0.756661
v 0.438514 -0.009383 0.743801
v 0.393437 0.061395 0.730668
v 0.613991 -1.125508 0.783374
v 0.565408 -0.804469 0.760360
v 0.513769 -0.499336 0.741415
v 0.461997 -0.248138 0.725109
v 0.412923 -0.081573 0.709889
v 0.372185 -0.003044 0.693373
v 0.337712 0.066827 0.665216
v 0.580316 -1.201658 0.771272
v 0.534175 -0.902584 0.744053
v 0.484089 -0.604100 0.721146
v 0.432949 -0.345241 0.701455
v 0.384184 -0.161366 0.683445
v 0.347990 -0.074669 0.665029
v 0.320657 -0.007351 0.631105
v 0.307885 0.066390 0.562492
v 0.540710 -1.234138 0.767935
v 0.497539 -0.968549 0.736745
v 0.449749 -0.690313 0.709847
v 0.400017 -0.436499 0.686514
v 0.351253 -0.243885 0.665445
v 0.316386 -0.147471 0.644763
v 0.290471 -0.084421 0.615558
v 0.282106 -0.016504 0.539978
v 0.358373 0.043712 0.386757
v 0.496245 -1.225772 0.772712
v 0.456212 -1.000036 0.738108
v 0.411212 -0.752632 0.707510
v 0.363557 -0.515981 0.680546
v 0.315996 -0.325770 0.656239
v 0.277216 -0.218415 0.632975
v 0.248375 -0.156917 0.611184
v 0.232220 -0.095328 0.558690
v 0.241494 -0.041225 0.414139
v 0.333844 0.039378 0.117088
v 0.448481 -1.185773 0.784378
v 0.411397 -1.000683 0.747188
v 0.369359 -0.789992 0.713467
v 0.324228 -0.579890 0.683179
v 0.278447 -0.402364 0.655705
v 0.235329 -0.289306 0.630140
v 0.202022 -0.224095 0.608076
v 0.173474 -0.163121 0.584994
v 0.155787 -0.105880 0.503641
v 0.141034 -0.151714 0.319421
v 0.245896 -0.239084 -0.136027
v 0.399204 -1.127178 0.801345
v 0.364639 -0.979207 0.762531
v 0.325429 -0.806200 0.726492
v 0.282995 -0.627941 0.693451
v 0.239380 -0.471128 0.663117
v 0.196933 -0.364425 0.634939
v 0.156499 -0.291275 0.611212
v 0.121742 -0.226496 0.594020
v 0.086893 -0.165246 0.570605
v 0.041461 -0.121445 0.484476
v -0.026100 -0.207029 0.321383
v -0.257964 -0.217773 -0.057113
v 0.350157 -1.063815 0.821918
v 0.317582 -0.947130 0.782430
v 0.280860 -0.808982 0.744967
v 0.241037 -0.663668 0.709910
v 0.199755 -0.532242 0.677252
v 0.159012 -0.438869 0.646743
v 0.118150 -0.365197 0.620938
v 0.077105 -0.292698 0.602177
v 0.038613 -0.226692 0.590409
v -0.008978 -0.168601 0.572662
v -0.073825 -0.117063 0.508531
v -0.156679 -0.102799 0.407581
v -0.268374 -0.028478 0.300431
v 0.302826 -1.007876 0.844483
v 0.271745 -0.916156 0.805143
v 0.237083 -0.807966 0.767120
v 0.199614 -0.693475 0.730861
v 0.160624 -0.588693 0.696549
v 0.121592 -0.510509 0.664355
v 0.081701 -0.438826 0.636922
v 0.041093 -0.366704 0.615887
v 0.000506 -0.295531 0.602051
v -0.043078 -0.231399 0.595019
v -0.093669 -0.176082 0.587858
v -0.153042 -0.123458 0.558346
v -0.215245 -0.068597 0.518369
v -0.265141 -0.006658 0.503050
v -0.358563 0.004460 0.730179
v -0.399529 -0.058659 0.748962
v -0.410159 0.016202 0.778432
v -0.448343 -0.194701 0.764872
v -0.458355 -0.084176 0.794576
v -0.466597 0.012685 0.830516
v -0.502261 -0.412124 0.781102
v -0.512254 -0.269796 0.810481
v -0.519628 -0.132922 0.846920
v -0.524749 -0.011102 0.889494
v -0.559592 -0.698551 0.799120
v -0.570516 -0.533901 0.827228
v -0.577715 -0.361708 0.863346
v -0.581651 -0.195001 0.906627
v -0.582939 -0.046028 0.955691
v -0.617726 -1.028756 0.820940
v -0.630789 -0.856499 0.846865
v -0.638875 -0.659724 0.881548
v -0.642437 -0.453906 0.924419
v -0.642222 -0.255498 0.974265
v -0.639154 -0.079594 1.029254
v -0.673423 -1.366859 0.848169
v -0.689883 -1.204696 0.871414
v -0.700103 -0.998998 0.903859
v -0.704453 -0.766098 0.945159
v -0.703707 -0.525646 0.994421
v -0.698927 -0.297523 1.050102
v -0.691354 -0.099230 1.109969
v -0.723237 -1.671585 0.881751
v -0.744200 -1.537142 0.902117
v -0.757789 -1.340392 0.931977
v -0.764208 -1.096914 0.971062
v -0.764202 -0.828152 1.018618
v -0.758881 -0.557575 1.073460
v -0.749601 -0.307563 1.133785
v -0.737872 -0.096815 1.197009
v -0.763961 -1.902585 0.922276
v -0.790202 -1.810434 0.939673
v -0.808202 -1.639757 0.966774
v -0.817926 -1.404005 1.003357
v -0.820027 -1.124980 1.048643
v -0.815597 -0.828090 1.101553
v -0.806010 -0.539031 1.160708
v -0.792844 -0.281030 1.224077
v -0.777797 -0.072329 1.288748
v -0.793138 -2.027449 0.970001
v -0.824878 -1.985767 0.984533
v -0.847980 -1.855030 1.008752
v -0.862080 -1.644879 1.042568
v -0.867634 -1.375716 1.085208
v -0.865602 -1.072793 1.135584
v -0.857307 -0.763235 1.192462
v -0.844291 -0.473113 1.254318
v -0.828288 -0.224788 1.318827
v -0.811107 -0.034456 1.382754
v -0.810150 -2.037906 1.024088
v -0.846364 -2.037529 1.036654
v -0.874769 -1.955120 1.058001
v -0.894045 -1.786463 1.088740
v -0.904229 -1.546907 1.128310
v -0.906027 -1.259436 1.175675
v -0.900607 -0.950722 1.229622
v -0.889419 -0.647961 1.288846
v -0.874129 -0.376054 1.351591
v -0.856570 -0.155022 1.415114
v -0.838555 0.002233 1.475978
v -0.817105 -1.963066 1.081902
v -0.856060 -1.985243 1.093784
v -0.888671 -1.941423 1.113121
v -0.913083 -1.819372 1.140907
v -0.928523 -1.622883 1.177168
v -0.935200 -1.368774 1.221150
v -0.933976 -1.080798 1.271730
v -0.926120 -0.785332 1.327690
v -0.913156 -0.508106 1.387591
v -0.896826 -0.271458 1.449251
v -0.879007 -0.091820 1.509523
v -0.861373 0.021868 1.565092
v -0.816778 -1.839436 1.140646
v -0.857052 -1.870272 1.152747
v -0.892354 -1.849782 1.171114
v -0.920814 -1.764955 1.196738
v -0.941175 -1.612323 1.230006
v -0.953036 -1.400330 1.270579
v -0.956776 -1.146822 1.317607
v -0.953330 -0.874884 1.369996
v -0.943997 -0.609066 1.426484
v -0.930342 -0.372270 1.485286
v -0.914156 -0.183051 1.543720
v -0.897206 -0.053493 1.598547
v -0.880605 0.015606 1.647462
v -0.811568 -1.696081 1.198166
v -0.852070 -1.726254 1.211047
v -0.888775 -1.717248 1.229202
v -0.919978 -1.657493 1.253502
v -0.944276 -1.540928 1.284441
v -0.960867 -1.370061 1.321985
v -0.969639 -1.156264 1.365595
v -0.971101 -0.917562 1.414394
v -0.966221 -0.675389 1.467268
v -0.956314 -0.451417 1.522699
v -0.942979 -0.264696 1.578422
v -0.927930 -0.129273 1.631508
v -0.912605 -0.051666 1.679234
v -0.895290 0.004045 1.724330
v -0.298355 0.073665 3.114868
v -0.342333 -0.047250 3.039377
v -0.268197 -0.006991 3.101721
v -0.394668 -0.198474 2.966309
v -0.308351 -0.099694 3.042154
v -0.234985 -0.090624 3.084692
v -0.452139 -0.362810 2.911429
v -0.354796 -0.219846 2.979138
v -0.274112 -0.176369 3.032187
v -0.198821 -0.175424 3.064779
v -0.510399 -0.525885 2.875273
v -0.405433 -0.355083 2.924378
v -0.314629 -0.265150 2.980597
v -0.237520 -0.260037 3.017039
v -0.160077 -0.260353 3.042429
v -0.565018 -0.674047 2.849357
v -0.456365 -0.490102 2.881073
v -0.358230 -0.368891 2.929373
v -0.276699 -0.344084 2.970069
v -0.198088 -0.343894 2.998942
v -0.119298 -0.344429 3.017877
v -0.611968 -0.795066 2.823698
v -0.503631 -0.611830 2.844419
v -0.402098 -0.475875 2.882200
v -0.315596 -0.427273 2.923364
v -0.236474 -0.427029 2.955192
v -0.156447 -0.426833 2.977919
v -0.077182 -0.426711 2.991209
v -0.648266 -0.880491 2.790963
v -0.543952 -0.710350 2.807546
v -0.443012 -0.574560 2.837775
v -0.353624 -0.510200 2.876309
v -0.274484 -0.509182 2.910644
v -0.193914 -0.508749 2.936712
v -0.113376 -0.507766 2.953950
v -0.034512 -0.506297 2.962429
v -0.672684 -0.928090 2.747766
v -0.575336 -0.780669 2.765396
v -0.478549 -0.657575 2.792596
v -0.389983 -0.592104 2.828556
v -0.311320 -0.589562 2.864770
v -0.230966 -0.589375 2.893766
v -0.149871 -0.588050 2.914587
v -0.069734 -0.585663 2.927064
v 0.007905 -0.582353 2.931568
v -0.686009 -0.942726 2.694412
v -0.597500 -0.823933 2.716078
v -0.507590 -0.722761 2.744036
v -0.423129 -0.668315 2.779452
v -0.346207 -0.667237 2.817198
v -0.266842 -0.667758 2.848703
v -0.185960 -0.666605 2.872742
v -0.105269 -0.663836 2.888931
v -0.026386 -0.659609 2.897400
v 0.049308 -0.654158 2.898736
v -0.690675 -0.934983 2.633820
v -0.611790 -0.847037 2.660597
v -0.530457 -0.773263 2.691599
v -0.452551 -0.738392 2.728656
v -0.378473 -0.741238 2.767829
v -0.300822 -0.742880 2.801376
v -0.220925 -0.742387 2.828214
v -0.140441 -0.739771 2.847795
v -0.061017 -0.735178 2.860024
v 0.015874 -0.728864 2.865252
v 0.089044 -0.721150 2.864176
v -0.689993 -0.918280 2.570126
v -0.620686 -0.860610 2.601809
v -0.548663 -0.816280 2.636775
v -0.478696 -0.805288 2.676917
v -0.407608 -0.810683 2.716866
v -0.332292 -0.813777 2.751927
v -0.254097 -0.814368 2.781089
v -0.174577 -0.812407 2.803665
v -0.095350 -0.807996 2.819374
v -0.017935 -0.801378 2.828339
v 0.056376 -0.792898 2.831052
v 0.126600 -0.782953 2.828261
v -0.687355 -0.905837 2.507509
v -0.627084 -0.876238 2.543293
v -0.564377 -0.860828 2.582282
v -0.501246 -0.867632 2.624721
v -0.433303 -0.874876 2.664783
v -0.360807 -0.879641 2.700794
v -0.284923 -0.881649 2.731733
v -0.207061 -0.880772 2.756828
v -0.128755 -0.877048 2.775639
v -0.051516 -0.870679 2.788096
v 0.023304 -0.861996 2.794477
v 0.094614 -0.851417 2.795348
v 0.161626 -0.839390 2.791450
v -0.685664 -0.908394 2.449490
v -0.633671 -0.903984 2.488508
v -0.579299 -0.913086 2.530706
v -0.520067 -0.924284 2.572569
v -0.455453 -0.933371 2.612223
v -0.386109 -0.939909 2.648615
v -0.313007 -0.943547 2.680754
v -0.237390 -0.944081 2.707824
v -0.160665 -0.941469 2.729275
v -0.084283 -0.935848 2.744868
v -0.009605 -0.927509 2.754693
v 0.062205 -0.916854 2.759121
v 0.130251 -0.904350 2.758735
v 0.193922 -0.890474 2.754243
v 1.007576 -1.131167 2.689343
v 1.025127 -1.288706 2.756774
v 1.072739 -1.310198 2.701877
v 1.026646 -1.398602 2.810292
v 1.088421 -1.464151 2.768330
v 1.125308 -1.445762 2.699254
v 1.007106 -1.442431 2.843162
v 1.083851 -1.555636 2.815595
v 1.135404 -1.582965 2.759806
v 1.158509 -1.514530 2.673303
v 0.964760 -1.414027 2.852697
v 1.053821 -1.565275 2.836845
v 1.120686 -1.641278 2.795678
v 1.158313 -1.617708 2.722095
v 1.168377 -1.504201 2.619854
v 0.902068 -1.322960 2.841390
v 0.999154 -1.496966 2.832572
v 1.078243 -1.610337 2.802902
v 1.131399 -1.636061 2.744060
v 1.155883 -1.566816 2.654481
v 1.156084 -1.422564 2.541429
v 0.824421 -1.189172 2.815341
v 0.924767 -1.369582 2.808249
v 1.012008 -1.506061 2.785775
v 1.078024 -1.571571 2.739128
v 1.117809 -1.550539 2.663932
v 1.132046 -1.448864 2.563000
v 1.126083 -1.289762 2.444859
v 0.738813 -1.038011 2.782602
v 0.837633 -1.208745 2.771868
v 0.928364 -1.352511 2.751541
v 1.003213 -1.443812 2.712940
v 1.056152 -1.463647 2.650264
v 1.085138 -1.407875 2.563005
v 1.092746 -1.289423 2.456391
v 1.084522 -1.131861 2.339142
v 0.652743 -0.896915 2.751252
v 0.745748 -1.043346 2.732546
v 0.835292 -1.178724 2.709335
v 0.914354 -1.280152 2.673906
v 0.976688 -1.328006 2.620002
v 1.018638 -1.312348 2.545041
v 1.040291 -1.237012 2.451234
v 1.045082 -1.117944 2.344818
v 1.038272 -0.977302 2.233873
v 0.573309 -0.792810 2.726918
v 0.657085 -0.902643 2.698466
v 0.741309 -1.015508 2.668602
v 0.820011 -1.111662 2.631696
v 0.887318 -1.172594 2.582072
v 0.938852 -1.185722 2.516174
v 0.972936 -1.148494 2.434017
v 0.990914 -1.069311 2.339317
v 0.996415 -0.964538 2.238257
v 0.994118 -0.853608 2.137627
v 0.506517 -0.749163 2.711295
v 0.578724 -0.813601 2.674463
v 0.654415 -0.892448 2.636775
v 0.728781 -0.969642 2.595247
v 0.796693 -1.028858 2.545805
v 0.853720 -1.057028 2.485037
v 0.897188 -1.047865 2.411747
v 0.926785 -1.003776 2.327633
v 0.944443 -0.935012 2.236865
v 0.953562 -0.856487 2.144842
v 0.958048 -0.783841 2.056822
v 0.456432 -0.780611 2.704339
v 0.516202 -0.797341 2.661691
v 0.581272 -0.834787 2.617439
v 0.648269 -0.882367 2.570524
v 0.713015 -0.926876 2.518741
v 0.771477 -0.956301 2.459686
v 0.820615 -0.962751 2.391953
v 0.859051 -0.944595 2.316026
v 0.887276 -0.906824 2.234406
v 0.907320 -0.859427 2.151001
v 0.922067 -0.814508 2.070146
v 0.934520 -0.783347 1.995731
v 0.413034 -0.837557 2.698703
v 0.469335 -0.848795 2.658067
v 0.526437 -0.858685 2.611542
v 0.584327 -0.871246 2.560054
v 0.643093 -0.891512 2.505228
v 0.699501 -0.910293 2.445837
v 0.750620 -0.919818 2.380908
v 0.794546 -0.916288 2.310498
v 0.830751 -0.900847 2.236043
v 0.860056 -0.879067 2.160207
v 0.884248 -0.859195 2.086319
v 0.904976 -0.847577 2.017092
v 0.920776 -0.836434 1.951331
v 0.370284 -0.889196 2.690166
v 0.424386 -0.902294 2.652508
v 0.479676 -0.914087 2.609320
v 0.535285 -0.924151 2.560492
v 0.590183 -0.932071 2.506157
v 0.643242 -0.937487 2.446742
v 0.693335 -0.940182 2.382978
v 0.739443 -0.940106 2.315884
v 0.780601 -0.936733 2.246519
v 0.816397 -0.930874 2.176333
v 0.846521 -0.922598 2.106539
v 0.871020 -0.912291 2.038284
v 0.890182 -0.900385 1.972515
v 0.904481 -0.887317 1.909946
v 0.787364 -0.486154 1.083138
v 0.831265 -0.680660 1.111668
v 0.789959 -0.687123 1.034951
v 0.872913 -0.869702 1.145564
v 0.835139 -0.914200 1.063750
v 0.789193 -0.902489 0.989054
v 0.910025 -1.031974 1.185647
v 0.877155 -1.127434 1.098695
v 0.834941 -1.158184 1.018560
v 0.783895 -1.120449 0.946900
v 0.940383 -1.147029 1.232249
v 0.913338 -1.299925 1.140622
v 0.876442 -1.388818 1.054916
v 0.829242 -1.396648 0.977582
v 0.772800 -1.325377 0.909999
v 0.962310 -1.201641 1.285062
v 0.941195 -1.407145 1.189902
v 0.910619 -1.561379 1.099084
v 0.869090 -1.633590 1.015810
v 0.816490 -1.609006 0.942466
v 0.754657 -1.498780 0.879879
v 0.975113 -1.195252 1.342977
v 0.959116 -1.436426 1.246090
v 0.934761 -1.647825 1.151516
v 0.899966 -1.792076 1.062757
v 0.853296 -1.836482 0.983212
v 0.795167 -1.771600 0.914944
v 0.728459 -1.622167 0.857910
v 0.979198 -1.140488 1.404151
v 0.966902 -1.393449 1.307680
v 0.947603 -1.639603 1.211479
v 0.919112 -1.842445 1.118900
v 0.879445 -1.963297 1.033625
v 0.827340 -1.969171 0.959060
v 0.764174 -1.862771 0.896502
v 0.693827 -1.682493 0.844963
v 0.975819 -1.058432 1.466314
v 0.965654 -1.299432 1.372332
v 0.949773 -1.553104 1.276840
v 0.926094 -1.787081 1.182861
v 0.892546 -1.963822 1.093911
v 0.847425 -2.045967 1.013619
v 0.790235 -2.009531 0.944815
v 0.723555 -1.873729 0.887712
v 0.651363 -1.677903 0.841056
v 0.966662 -0.972113 1.527131
v 0.957234 -1.182327 1.437410
v 0.943176 -1.419374 1.344709
v 0.922638 -1.656644 1.251701
v 0.893656 -1.860746 1.161550
v 0.854458 -1.995824 1.077722
v 0.804038 -2.032303 1.003356
v 0.743186 -1.963850 0.940165
v 0.674844 -1.814383 0.887891
v 0.602634 -1.618405 0.845319
v 0.953479 -0.901357 1.584488
v 0.943719 -1.068802 1.500419
v 0.930187 -1.271676 1.412174
v 0.911311 -1.489669 1.322115
v 0.885363 -1.695326 1.233013
v 0.850691 -1.857067 1.147979
v 0.806131 -1.945478 1.070089
v 0.751634 -1.943484 1.001669
v 0.688784 -1.855753 0.943632
v 0.620443 -1.705398 0.895544
v 0.549780 -1.521267 0.856282
v 0.937849 -0.860018 1.636682
v 0.927044 -0.979497 1.559253
v 0.913112 -1.138045 1.476708
v 0.894752 -1.321293 1.391123
v 0.870524 -1.508189 1.304907
v 0.838988 -1.672842 1.220780
v 0.799008 -1.788757 1.141562
v 0.750165 -1.835623 1.069724
v 0.693165 -1.806651 1.006856
v 0.629898 -1.711239 0.953402
v 0.562973 -1.569839 0.908862
v 0.495063 -1.405775 0.872226
v 0.921037 -0.855365 1.682594
v 0.908812 -0.927268 1.612316
v 0.893912 -1.038012 1.536313
v 0.875293 -1.178260 1.456304
v 0.851785 -1.332913 1.374372
v 0.822204 -1.482048 1.292871
v 0.785542 -1.603589 1.214302
v 0.741254 -1.677838 1.141038
v 0.689560 -1.692848 1.074950
v 0.631599 -1.648212 1.017085
v 0.569279 -1.554527 0.967612
v 0.504868 -1.428910 0.926025
v 0.440556 -1.289605 0.891428
v 0.903908 -0.888762 1.722500
v 0.890213 -0.917501 1.658764
v 0.874094 -0.982162 1.589585
v 0.854770 -1.077336 1.515862
v 0.831327 -1.192968 1.439204
v 0.802820 -1.314626 1.361627
v 0.768413 -1.425106 1.285314
v 0.727572 -1.507324 1.212434
v 0.680279 -1.548121 1.144893
v 0.627187 -1.541678 1.084054
v 0.569606 -1.490847 1.030596
v 0.509297 -1.405617 0.984528
v 0.448162 -1.299663 0.945365
v 0.387944 -1.186827 0.912328
v -0.297379 -0.067978 0.660122
v -0.267724 -0.125053 0.645128
v -0.324818 -0.117923 0.685795
v -0.231030 -0.181882 0.634195
v -0.295645 -0.175642 0.667037
v -0.362401 -0.210753 0.703674
v -0.189802 -0.238660 0.625878
v -0.260697 -0.235447 0.653986
v -0.333695 -0.277592 0.686733
v -0.411715 -0.389552 0.721688
v -0.147454 -0.299329 0.624177
v -0.222988 -0.298852 0.647414
v -0.301396 -0.344716 0.675900
v -0.382923 -0.464240 0.707118
v -0.464950 -0.638899 0.741409
v -0.108342 -0.368236 0.629042
v -0.185443 -0.368313 0.647650
v -0.265571 -0.409920 0.672072
v -0.349783 -0.531319 0.699341
v -0.435495 -0.715074 0.729964
v -0.519749 -0.935868 0.764627
v -0.068368 -0.439556 0.641138
v -0.145904 -0.440334 0.655214
v -0.226564 -0.471922 0.675782
v -0.312340 -0.587380 0.699183
v -0.400750 -0.772316 0.726005
v -0.488717 -1.002009 0.757097
v -0.573052 -1.246489 0.793044
v -0.027694 -0.511359 0.660194
v -0.104898 -0.513329 0.670024
v -0.185067 -0.531512 0.687021
v -0.271027 -0.631393 0.706981
v -0.360824 -0.807206 0.730172
v -0.451370 -1.035801 0.757615
v -0.539319 -1.287493 0.790072
v -0.621528 -1.530993 0.827772
v 0.012941 -0.582271 0.685498
v -0.063179 -0.585859 0.691568
v -0.142145 -0.592528 0.705157
v -0.226758 -0.666216 0.722409
v -0.316385 -0.820978 0.742490
v -0.408051 -1.036187 0.766519
v -0.498371 -1.283583 0.795460
v -0.584011 -1.531790 0.829760
v -0.662120 -1.751333 0.869353
v 0.052809 -0.650993 0.716047
v -0.021543 -0.656512 0.718974
v -0.099122 -0.661201 0.729009
v -0.180910 -0.699237 0.744442
v -0.268709 -0.820741 0.762215
v -0.359833 -1.009273 0.783396
v -0.451000 -1.239168 0.809100
v -0.538803 -1.480191 0.840023
v -0.620165 -1.702421 0.876316
v -0.692692 -1.880529 0.917724
v 0.091263 -0.716413 0.750668
v 0.019249 -0.724036 0.751128
v -0.056478 -0.730620 0.757958
v -0.135187 -0.741578 0.771453
v -0.219577 -0.818969 0.787895
v -0.308468 -0.968184 0.807049
v -0.398819 -1.167234 0.830084
v -0.487299 -1.388376 0.857911
v -0.570727 -1.602548 0.890920
v -0.646482 -1.783834 0.929038
v -0.712755 -1.912931 0.971833
v 0.127914 -0.779787 0.788003
v 0.058531 -0.787436 0.786799
v -0.014768 -0.796036 0.791065
v -0.091199 -0.803117 0.801662
v -0.171030 -0.831176 0.817561
v -0.256146 -0.930717 0.835647
v -0.344047 -1.087003 0.856807
v -0.431626 -1.276007 0.882060
v -0.515751 -1.470903 0.912028
v -0.593671 -1.646351 0.946852
v -0.663337 -1.782235 0.986249
v -0.723572 -1.866246 1.029594
v 0.162841 -0.847546 0.826444
v 0.095780 -0.846033 0.824761
v 0.025337 -0.856627 0.827092
v -0.048616 -0.865615 0.835013
v -0.125038 -0.872610 0.849056
v -0.205140 -0.915645 0.866995
v -0.289148 -1.020005 0.887187
v -0.374306 -1.166243 0.910605
v -0.457667 -1.330951 0.938019
v -0.536482 -1.490516 0.969784
v -0.608536 -1.624787 1.005818
v -0.672360 -1.719804 1.045661
v -0.727320 -1.769169 1.088566
v 0.195362 -0.912446 0.865433
v 0.130635 -0.899457 0.863901
v 0.063323 -0.911910 0.864856
v -0.007735 -0.922751 0.870691
v -0.081680 -0.931531 0.881956
v -0.157464 -0.938974 0.898913
v -0.236457 -0.985919 0.918989
v -0.317864 -1.081469 0.941420
v -0.399047 -1.206452 0.966972
v -0.477384 -1.340008 0.996164
v -0.550599 -1.462889 1.029121
v -0.617004 -1.560198 1.065592
v -0.675621 -1.623025 1.105023
v -0.726177 -1.648715 1.146638
v -0.927656 -0.063330 1.838007
v -0.944613 -0.115987 1.794245
v -0.957342 -0.164592 1.889897
v -0.959475 -0.177868 1.750625
v -0.967737 -0.196865 1.841117
v -0.992652 -0.307811 1.950195
v -0.970763 -0.252594 1.705379
v -0.976533 -0.242399 1.792864
v -0.995128 -0.315758 1.895783
v -1.027974 -0.473977 2.015339
v -0.980058 -0.373415 1.655874
v -0.984882 -0.310072 1.747651
v -0.994777 -0.334028 1.840655
v -1.021251 -0.453723 1.953941
v -1.057263 -0.640519 2.080431
v -0.986091 -0.533152 1.604425
v -0.990402 -0.413557 1.699804
v -0.994760 -0.378671 1.789568
v -1.010897 -0.442538 1.891233
v -1.040461 -0.589869 2.010607
v -1.075428 -0.787117 2.139991
v -0.987343 -0.715989 1.553615
v -0.992006 -0.552404 1.649868
v -0.995661 -0.461173 1.743402
v -1.001090 -0.460378 1.832975
v -1.019988 -0.549860 1.939968
v -1.048597 -0.707767 2.061864
v -1.079699 -0.902164 2.191342
v -0.982592 -0.903569 1.505407
v -0.988296 -0.710485 1.600415
v -0.992217 -0.575089 1.695301
v -0.995670 -0.524562 1.784987
v -1.001180 -0.544760 1.875481
v -1.019057 -0.644094 1.984778
v -1.043677 -0.798658 2.106105
v -1.068105 -0.976394 2.230992
v -0.971050 -1.077841 1.461140
v -0.978263 -0.870202 1.553426
v -0.983175 -0.705619 1.647401
v -0.986868 -0.611720 1.738906
v -0.989601 -0.598271 1.824612
v -0.993012 -0.623411 1.916364
v -1.006836 -0.718885 2.024532
v -1.024834 -0.857051 2.141045
v -1.040829 -1.008264 2.257658
v -0.952446 -1.223921 1.421709
v -0.961417 -1.015464 1.510244
v -0.967807 -0.836761 1.601668
v -0.972459 -0.714330 1.692674
v -0.976425 -0.672606 1.779691
v -0.976689 -0.671356 1.864438
v -0.976057 -0.692354 1.954750
v -0.983503 -0.772318 2.058103
v -0.993351 -0.885090 2.166630
v -1.000377 -1.004746 2.272865
v -0.927061 -1.332382 1.387626
v -0.937843 -1.134300 1.471704
v -0.945961 -0.954886 1.559440
v -0.952044 -0.818395 1.648261
v -0.956961 -0.748722 1.735649
v -0.960152 -0.744376 1.819785
v -0.957207 -0.742392 1.903922
v -0.951263 -0.752169 1.990289
v -0.951056 -0.808770 2.086131
v -0.952348 -0.891578 2.184875
v -0.950910 -0.978862 2.280121
v -0.895720 -1.400324 1.359011
v -0.908173 -1.220437 1.438200
v -0.918045 -1.050825 1.521501
v -0.925782 -0.912676 1.607029
v -0.932060 -0.828200 1.693001
v -0.937395 -0.814012 1.776319
v -0.937659 -0.813194 1.859527
v -0.931800 -0.810052 1.942272
v -0.920912 -0.807851 2.023845
v -0.912775 -0.837171 2.110608
v -0.905990 -0.889134 2.198986
v -0.897225 -0.945993 2.283655
v -0.859656 -1.430800 1.335610
v -0.873488 -1.273423 1.409733
v -0.884954 -1.120678 1.488173
v -0.894339 -0.990329 1.569703
v -0.902171 -0.902504 1.652937
v -0.909243 -0.879190 1.734700
v -0.912413 -0.879884 1.816273
v -0.909746 -0.877885 1.898141
v -0.901414 -0.873282 1.978807
v -0.887883 -0.866300 2.056903
v -0.872443 -0.868251 2.134102
v -0.858582 -0.890925 2.212319
v -0.843835 -0.920580 2.287304
v -0.820314 -1.430920 1.316880
v -0.835139 -1.297399 1.385983
v -0.847900 -1.165302 1.459405
v -0.858760 -1.049026 1.536546
v -0.868134 -0.966540 1.616156
v -0.876742 -0.939145 1.695470
v -0.882390 -0.941577 1.774796
v -0.882630 -0.941058 1.855107
v -0.877459 -0.937597 1.934971
v -0.867169 -0.931360 2.013010
v -0.852304 -0.922648 2.088026
v -0.833582 -0.911858 2.159073
v -0.813833 -0.908054 2.227677
v -0.794376 -0.913965 2.293917
v -0.661495 -0.987341 2.379340
v -0.631781 -1.043542 2.357053
v -0.613089 -1.004301 2.420153
v -0.597454 -1.100139 2.331437
v -0.579811 -1.061691 2.397295
v -0.558986 -1.019805 2.460795
v -0.558397 -1.156150 2.302345
v -0.541804 -1.119103 2.370755
v -0.521977 -1.077923 2.437110
v -0.499260 -1.033280 2.500421
v -0.514701 -1.210451 2.269783
v -0.499071 -1.175433 2.340394
v -0.480239 -1.135605 2.409381
v -0.458491 -1.091573 2.475603
v -0.434268 -1.044150 2.538091
v -0.466703 -1.261850 2.233930
v -0.451857 -1.229456 2.306247
v -0.433929 -1.191649 2.377493
v -0.413142 -1.148910 2.446390
v -0.389890 -1.102005 2.511802
v -0.364688 -1.051897 2.572835
v -0.415004 -1.309195 2.195172
v -0.400682 -1.279930 2.268568
v -0.383474 -1.244761 2.341538
v -0.363554 -1.204017 2.412713
v -0.341257 -1.158349 2.480807
v -0.317057 -1.108683 2.544741
v -0.291511 -1.056116 2.603742
v -0.360440 -1.351487 2.154075
v -0.346324 -1.325698 2.227829
v -0.329580 -1.293684 2.301857
v -0.310342 -1.255578 2.374751
v -0.288899 -1.211877 2.445115
v -0.265673 -1.163408 2.511709
v -0.241183 -1.111238 2.573563
v -0.215985 -1.056573 2.630061
v -0.304021 -1.387976 2.111358
v -0.289773 -1.365831 2.184709
v -0.273192 -1.337319 2.259037
v -0.254388 -1.302376 2.332954
v -0.233614 -1.261304 2.405012
v -0.211249 -1.214781 2.473848
v -0.187766 -1.163789 2.538319
v -0.163684 -1.109521 2.597612
v -0.139514 -1.053239 2.651278
v -0.246836 -1.418239 2.067819
v -0.232145 -1.399707 2.140029
v -0.215420 -1.374849 2.213867
v -0.196768 -1.343415 2.288027
v -0.176422 -1.305503 2.361071
v -0.154728 -1.261600 2.431569
v -0.132121 -1.212549 2.498245
v -0.109077 -1.159470 2.560102
v -0.086072 -1.103625 2.616501
v -0.063532 -1.046291 2.667166
v -0.189959 -1.442189 2.024265
v -0.174573 -1.427064 2.094671
v -0.157433 -1.405816 2.167269
v -0.138659 -1.378037 2.240874
v -0.118479 -1.343632 2.314120
v -0.097221 -1.302881 2.385574
v -0.075288 -1.256449 2.453880
v -0.053124 -1.205319 2.517900
v -0.031167 -1.150697 2.576808
v -0.009812 -1.093871 2.630145
v 0.010623 -1.036085 2.677792
v -0.134355 -1.460052 1.981439
v -0.118103 -1.447996 2.049500
v -0.100345 -1.430142 2.120197
v -0.081220 -1.405965 2.192498
v -0.060962 -1.375207 2.265156
v -0.039892 -1.337955 2.336794
v -0.018398 -1.294665 2.406042
v 0.003103 -1.246150 2.471669
v 0.024201 -1.193499 2.532699
v 0.044533 -1.137950 2.588488
v 0.063806 -1.080764 2.638741
v 0.081819 -1.023114 2.683477
v -0.080818 -1.472299 1.939970
v -0.063620 -1.462893 2.005283
v -0.045121 -1.448094 2.073551
v -0.025484 -1.427306 2.143905
v -0.004953 -1.400146 2.215242
v 0.016147 -1.366529 2.286297
v 0.037438 -1.326716 2.355742
v 0.058517 -1.281325 2.422311
v 0.078992 -1.231283 2.484929
v 0.098521 -1.177723 2.542798
v 0.116836 -1.121870 2.595446
v 0.133756 -1.064917 2.642718
v 0.149187 -1.007936 2.684732
v -0.029941 -1.479565 1.900344
v -0.011797 -1.472360 1.962649
v 0.007481 -1.460205 2.028106
v 0.027715 -1.442477 2.096004
v 0.048644 -1.418709 2.165402
v 0.069942 -1.388681 2.235172
v 0.091232 -1.352481 2.304078
v 0.112116 -1.310534 2.370881
v 0.132213 -1.263581 2.434455
v 0.151193 -1.212611 2.493897
v 0.168799 -1.158755 2.548579
v 0.184865 -1.103181 2.598178
v 0.199315 -1.046985 2.642652
v 0.212149 -0.991124 2.682188
v 0.321030 -0.990402 2.643680
v 0.311504 -1.046300 2.603482
v 0.373647 -1.006507 2.605747
v 0.300049 -1.102545 2.558414
v 0.364846 -1.063573 2.562410
v 0.427612 -1.021033 2.562426
v 0.286554 -1.158177 2.508327
v 0.353801 -1.120635 2.513993
v 0.419371 -1.078829 2.515765
v 0.482105 -1.033449 2.513621
v 0.270984 -1.212097 2.453293
v 0.340363 -1.176615 2.460450
v 0.408520 -1.136190 2.463911
v 0.474167 -1.091447 2.463555
v 0.536145 -1.043235 2.459474
v 0.253407 -1.263134 2.393668
v 0.324483 -1.230309 2.402006
v 0.394885 -1.191939 2.406960
v 0.463216 -1.148521 2.408319
v 0.528168 -1.100850 2.406072
v 0.588642 -1.049933 2.400414
v 0.234005 -1.310153 2.330101
v 0.306239 -1.280489 2.339191
v 0.378414 -1.244798 2.345313
v 0.449066 -1.203415 2.348178
v 0.516758 -1.157016 2.347682
v 0.580226 -1.106563 2.343921
v 0.638488 -1.053209 2.337167
v 0.213069 -1.352162 2.263513
v 0.285847 -1.326011 2.272848
v 0.359213 -1.293518 2.279697
v 0.431684 -1.254822 2.283729
v 0.501738 -1.210433 2.284765
v 0.567967 -1.161211 2.282799
v 0.629210 -1.108274 2.278012
v 0.684657 -1.052887 2.270729
v 0.190982 -1.388419 2.195031
v 0.263655 -1.365948 2.204071
v 0.337554 -1.337003 2.211138
v 0.411229 -1.301524 2.215894
v 0.483125 -1.259820 2.218109
v 0.551730 -1.212592 2.217705
v 0.615730 -1.160866 2.214762
v 0.674126 -1.105888 2.209510
v 0.726301 -1.048985 2.202286
v 0.168183 -1.418499 2.125886
v 0.240116 -1.399679 2.134119
v 0.313858 -1.374439 2.140880
v 0.388046 -1.342524 2.145856
v 0.461149 -1.304043 2.148806
v 0.531605 -1.259497 2.149601
v 0.597980 -1.209762 2.148245
v 0.659114 -1.156001 2.144871
v 0.714202 -1.099537 2.139723
v 0.762840 -1.041710 2.133114
v 0.145123 -1.442311 2.057291
v 0.215737 -1.426937 2.064284
v 0.288657 -1.405355 2.070260
v 0.362647 -1.377156 2.074953
v 0.436250 -1.342247 2.078147
v 0.507918 -1.300921 2.079698
v 0.576150 -1.253867 2.079556
v 0.639653 -1.202104 2.077778
v 0.697454 -1.146889 2.074515
v 0.748966 -1.089562 2.069989
v 0.793982 -1.031433 2.064465
v 0.122232 -1.460080 1.990346
v 0.191034 -1.447810 1.995781
v 0.262537 -1.429670 2.000578
v 0.335649 -1.405132 2.004544
v 0.409034 -1.373939 2.007507
v 0.481209 -1.336183 2.009336
v 0.550667 -1.292341 2.009963
v 0.616035 -1.243255 2.009393
v 0.676201 -1.190052 2.007702
v 0.730402 -1.134020 2.005028
v 0.778254 -1.076471 2.001548
v 0.819724 -1.018633 1.997457
v 0.099878 -1.472266 1.925961
v 0.166489 -1.462681 1.929642
v 0.236078 -1.447643 1.932986
v 0.307712 -1.426552 1.935875
v 0.380202 -1.399021 1.938194
v 0.452172 -1.364974 1.939851
v 0.522169 -1.324682 1.940785
v 0.588794 -1.278789 1.940979
v 0.650842 -1.228251 1.940460
v 0.707401 -1.174241 1.939297
v 0.757918 -1.118031 1.937590
v 0.802185 -1.060862 1.935455
v 0.840308 -1.003849 1.933013
v 0.078357 -1.479499 1.864812
v 0.142507 -1.472148 1.866665
v 0.209806 -1.459798 1.868405
v 0.279473 -1.441820 1.869981
v 0.350477 -1.417744 1.871342
v 0.421581 -1.387355 1.872446
v 0.491427 -1.350752 1.873260
v 0.558648 -1.308374 1.873771
v 0.621996 -1.260988 1.873983
v 0.680458 -1.209615 1.873920
v 0.733325 -1.155427 1.873622
v 0.780225 -1.099630 1.873137
v 0.821101 -1.043364 1.872519
v 0.856154 -0.987623 1.871818
v 0.855824 -0.988249 1.756241
v 0.820777 -1.043877 1.753487
v 0.839636 -1.005045 1.694742
v 0.779915 -1.100035 1.750972
v 0.801532 -1.061824 1.690256
v 0.818752 -1.021081 1.630264
v 0.733030 -1.155730 1.748766
v 0.757296 -1.118773 1.686246
v 0.777271 -1.077812 1.624197
v 0.794013 -1.054916 1.562234
v 0.680185 -1.209827 1.746933
v 0.706819 -1.174780 1.682850
v 0.729472 -1.135026 1.618868
v 0.747814 -1.093649 1.555996
v 0.765354 -1.108565 1.491544
v 0.621749 -1.261119 1.745528
v 0.650307 -1.228606 1.680194
v 0.675339 -1.190753 1.614538
v 0.696227 -1.148081 1.549812
v 0.714006 -1.123218 1.485799
v 0.732146 -1.171694 1.419847
v 0.558429 -1.308437 1.744591
v 0.588316 -1.278988 1.678382
v 0.615255 -1.243689 1.611395
v 0.638531 -1.202896 1.544923
v 0.657635 -1.157698 1.480261
v 0.675656 -1.160474 1.415291
v 0.694003 -1.232973 1.348578
v 0.491237 -1.350758 1.744140
v 0.521751 -1.324750 1.677480
v 0.549978 -1.292547 1.609575
v 0.575149 -1.254312 1.541725
v 0.596625 -1.210575 1.475309
v 0.614510 -1.170325 1.411131
v 0.632625 -1.195253 1.346087
v 0.650781 -1.280896 1.279611
v 0.421422 -1.387316 1.744171
v 0.451817 -1.364933 1.677508
v 0.480618 -1.336203 1.609151
v 0.507048 -1.301079 1.540366
v 0.530415 -1.259897 1.472553
v 0.550176 -1.213367 1.407112
v 0.567296 -1.182156 1.344041
v 0.585151 -1.218865 1.279538
v 0.602737 -1.306353 1.214625
v 0.350348 -1.417670 1.744655
v 0.379911 -1.398901 1.678436
v 0.408545 -1.373814 1.610118
v 0.435521 -1.342175 1.540896
v 0.460137 -1.304109 1.472148
v 0.481788 -1.260132 1.405306
v 0.500033 -1.211125 1.341721
v 0.516546 -1.186789 1.280125
v 0.533840 -1.225233 1.217134
v 0.550588 -1.304669 1.154890
v 0.279373 -1.441722 1.745543
v 0.307484 -1.426372 1.680187
v 0.335258 -1.404900 1.612392
v 0.362056 -1.376910 1.543256
v 0.387216 -1.342331 1.474089
v 0.410117 -1.301468 1.406313
v 0.430248 -1.255015 1.341327
v 0.447267 -1.203986 1.280292
v 0.463153 -1.180762 1.220364
v 0.479670 -1.212335 1.159942
v 0.495464 -1.276460 1.101169
v 0.209734 -1.459685 1.746775
v 0.235909 -1.447424 1.682651
v 0.262242 -1.429363 1.615827
v 0.288202 -1.404986 1.547283
v 0.313207 -1.374056 1.478234
v 0.336668 -1.336672 1.410044
v 0.358052 -1.293326 1.344115
v 0.376935 -1.244865 1.281744
v 0.393083 -1.192240 1.223115
v 0.408251 -1.163814 1.165614
v 0.423901 -1.182319 1.108517
v 0.438764 -1.226979 1.053700
v 0.142459 -1.472027 1.748283
v 0.166373 -1.462440 1.685695
v 0.190827 -1.447456 1.620230
v 0.215409 -1.426489 1.552743
v 0.239636 -1.399167 1.484328
v 0.262988 -1.365422 1.416260
v 0.284954 -1.325541 1.349897
v 0.305080 -1.280167 1.286553
v 0.323027 -1.230221 1.227160
v 0.338653 -1.176504 1.170702
v 0.353100 -1.138592 1.116267
v 0.367904 -1.140500 1.062948
v 0.381965 -1.164330 1.012282
v 0.078332 -1.479375 1.749998
v 0.099812 -1.472014 1.689181
v 0.122104 -1.459702 1.625389
v 0.144912 -1.441820 1.559354
v 0.167860 -1.417911 1.492039
v 0.190517 -1.387770 1.424605
v 0.212429 -1.351502 1.358330
v 0.233153 -1.309559 1.294502
v 0.252305 -1.262709 1.234299
v 0.269643 -1.211726 1.177437
v 0.285032 -1.157558 1.123420
v 0.298933 -1.109609 1.072317
v 0.312987 -1.093701 1.022960
v 0.326420 -1.097351 0.976411
v -0.727915 -0.986922 2.283069
v -0.750108 -1.003414 2.221962
v -0.700332 -1.043069 2.258296
v -0.770241 -1.018423 2.155849
v -0.721117 -1.060710 2.194147
v -0.667950 -1.099634 2.230451
v -0.787556 -1.031404 2.085092
v -0.739568 -1.076418 2.124914
v -0.686936 -1.118069 2.163269
v -0.630576 -1.155632 2.199480
v -0.801306 -1.041815 2.010339
v -0.754921 -1.089563 2.051103
v -0.703337 -1.134044 2.091039
v -0.647409 -1.174386 2.129387
v -0.588229 -1.209936 2.165473
v -0.810824 -1.049176 1.932535
v -0.766450 -1.099543 1.973536
v -0.716412 -1.146856 2.014430
v -0.661460 -1.190091 2.054414
v -0.602637 -1.228434 2.092721
v -0.541185 -1.261356 2.128695
v -0.815610 -1.053123 1.852880
v -0.773553 -1.105859 1.893338
v -0.725493 -1.155872 1.934448
v -0.672040 -1.202000 1.975412
v -0.614143 -1.243261 2.015411
v -0.553014 -1.278960 2.053681
v -0.489995 -1.308733 2.089587
v -0.815395 -1.053455 1.772750
v -0.775831 -1.108178 1.811879
v -0.730074 -1.160607 1.852399
v -0.678574 -1.209481 1.893571
v -0.622149 -1.253663 1.934574
v -0.561927 -1.292282 1.974582
v -0.499237 -1.324805 2.012844
v -0.435471 -1.351065 2.048753
v -0.810177 -1.050169 1.693582
v -0.773141 -1.106380 1.730662
v -0.729880 -1.160803 1.769796
v -0.680677 -1.212115 1.810351
v -0.626193 -1.259066 1.851563
v -0.567435 -1.300614 1.892595
v -0.505663 -1.336048 1.932625
v -0.442269 -1.365028 1.970922
v -0.378621 -1.387602 2.006907
v -0.800251 -1.043776 1.616720
v -0.765628 -1.100579 1.651184
v -0.724913 -1.156456 1.688221
v -0.678216 -1.209755 1.727364
v -0.626031 -1.259153 1.767952
v -0.569212 -1.303478 1.809197
v -0.508912 -1.341841 1.850260
v -0.446465 -1.373725 1.890328
v -0.383251 -1.399003 1.928696
v -0.320561 -1.417914 1.964815
v -0.788333 -1.068247 1.541064
v -0.753708 -1.091293 1.574788
v -0.715450 -1.147828 1.609178
v -0.671326 -1.202550 1.646215
v -0.621662 -1.253927 1.685390
v -0.567145 -1.300706 1.726016
v -0.508784 -1.341853 1.767293
v -0.447819 -1.376669 1.808381
v -0.385589 -1.404847 1.848490
v -0.323399 -1.426462 1.886942
v -0.262412 -1.441912 1.923219
v -0.775658 -1.132607 1.467126
v -0.739907 -1.108294 1.500628
v -0.702001 -1.135399 1.533951
v -0.660397 -1.190918 1.568349
v -0.613337 -1.243705 1.605442
v -0.561348 -1.292470 1.644677
v -0.505284 -1.336083 1.685342
v -0.446247 -1.373693 1.726632
v -0.385497 -1.404810 1.767722
v -0.324312 -1.429328 1.807847
v -0.263880 -1.447494 1.846361
v -0.205200 -1.459822 1.882781
v -0.761747 -1.218699 1.396914
v -0.725461 -1.159788 1.429106
v -0.686526 -1.139435 1.462235
v -0.646008 -1.175490 1.494934
v -0.601518 -1.229061 1.529442
v -0.552154 -1.279248 1.566641
v -0.498608 -1.324871 1.605945
v -0.441835 -1.364968 1.646629
v -0.382978 -1.398893 1.687891
v -0.323250 -1.426357 1.728929
v -0.263821 -1.447430 1.769011
v -0.205724 -1.462485 1.807531
v -0.149792 -1.472114 1.844036
v -0.746366 -1.312112 1.331305
v -0.709986 -1.228864 1.361937
v -0.670635 -1.173796 1.393865
v -0.629367 -1.164939 1.426275
v -0.586807 -1.210755 1.458394
v -0.540051 -1.261754 1.493085
v -0.489121 -1.308839 1.530413
v -0.434826 -1.350987 1.569769
v -0.378168 -1.387426 1.610422
v -0.320265 -1.417708 1.651585
v -0.262236 -1.441723 1.692486
v -0.205112 -1.459680 1.732437
v -0.149760 -1.472039 1.770873
v -0.096849 -1.479420 1.807375
v 0.211990 -0.998383 0.944148
v 0.198428 -1.044355 0.987010
v 0.148871 -1.004435 0.943366
v 0.183975 -1.101274 1.033375
v 0.133366 -1.062208 0.987889
v 0.082074 -1.019616 0.945737
v 0.167946 -1.157475 1.083743
v 0.116404 -1.119937 1.036782
v 0.063939 -1.078124 0.992781
v 0.011466 -1.032766 0.952531
v 0.150426 -1.211754 1.137747
v 0.098089 -1.176431 1.089786
v 0.044576 -1.136114 1.044321
v -0.009150 -1.091451 1.002228
v -0.062111 -1.043329 0.964222
v 0.131589 -1.262851 1.194820
v 0.078614 -1.230381 1.146427
v 0.024202 -1.192287 1.099994
v -0.030649 -1.149081 1.056454
v -0.084897 -1.101574 1.016617
v -0.137553 -1.050808 0.981099
v 0.111668 -1.309699 1.254867
v 0.058253 -1.280478 1.206023
v 0.003119 -1.245270 1.159202
v -0.052698 -1.204278 1.114725
v -0.108106 -1.158185 1.073459
v -0.162037 -1.107974 1.036120
v -0.213556 -1.054933 1.003186
v 0.090929 -1.351620 1.318684
v 0.037299 -1.325803 1.269085
v -0.018308 -1.293772 1.221301
v -0.074891 -1.255649 1.176311
v -0.131295 -1.211761 1.134129
v -0.186384 -1.162935 1.095370
v -0.239128 -1.110304 1.060627
v -0.290438 -1.081942 1.028568
v 0.069753 -1.387864 1.385188
v 0.016100 -1.365639 1.335680
v -0.039739 -1.337045 1.287193
v -0.096803 -1.302035 1.240856
v -0.153977 -1.260937 1.197767
v -0.210065 -1.214306 1.158096
v -0.263940 -1.163052 1.121937
v -0.315369 -1.119104 1.089081
v -0.367422 -1.141086 1.056166
v 0.048539 -1.417983 1.453079
v -0.004937 -1.399336 1.404477
v -0.060774 -1.374353 1.356139
v -0.118062 -1.342796 1.309128
v -0.175714 -1.304785 1.264542
v -0.232552 -1.260834 1.223405
v -0.287413 -1.211761 1.186248
v -0.339270 -1.158929 1.152617
v -0.390646 -1.154119 1.119602
v -0.442149 -1.215442 1.086352
v 0.027669 -1.441869 1.521054
v -0.025429 -1.426610 1.474079
v -0.081020 -1.405212 1.426695
v -0.138264 -1.377273 1.379856
v -0.196123 -1.342719 1.334600
v -0.253437 -1.301851 1.291963
v -0.309031 -1.255365 1.252864
v -0.361829 -1.204276 1.217961
v -0.412083 -1.167306 1.185631
v -0.462834 -1.201411 1.152270
v -0.512567 -1.289304 1.119231
v 0.007473 -1.459731 1.587922
v -0.045048 -1.447530 1.543146
v -0.100152 -1.429513 1.497411
v -0.157077 -1.405160 1.451527
v -0.214853 -1.374224 1.406430
v -0.272363 -1.336809 1.363107
v -0.328439 -1.293402 1.322501
v -0.381974 -1.244849 1.285416
v -0.432056 -1.192670 1.252418
v -0.481199 -1.187326 1.220177
v -0.530131 -1.247517 1.187019
v -0.577145 -1.350393 1.154600
v -0.011786 -1.472021 1.652681
v -0.063546 -1.462471 1.610510
v -0.117933 -1.447504 1.566960
v -0.174269 -1.426531 1.522690
v -0.231666 -1.399178 1.478504
v -0.289072 -1.365374 1.435296
v -0.345356 -1.325404 1.393976
v -0.399405 -1.279915 1.355384
v -0.450232 -1.229867 1.320204
v -0.497753 -1.186914 1.288251
v -0.545099 -1.207798 1.256064
v -0.591305 -1.282731 1.223529
v -0.634962 -1.391031 1.191993
v -0.029924 -1.479361 1.714565
v -0.080756 -1.472014 1.675238
v -0.134219 -1.459697 1.634239
v -0.189716 -1.441785 1.592084
v -0.246449 -1.417820 1.549430
v -0.303450 -1.387594 1.507052
v -0.359645 -1.351215 1.465784
v -0.413945 -1.309130 1.426445
v -0.465342 -1.262110 1.389768
v -0.513008 -1.211178 1.356328
v -0.558128 -1.184633 1.324782
v -0.602838 -1.221096 1.292915
v -0.645735 -1.301644 1.261285
v -0.685695 -1.408196 1.230774
vn -0.0113 -0.9993 -0.0351
vn 0.5390 -0.3587 0.7621
vn 0.0293 -0.9993 -0.0220
vn 0.0293 -0.9994 0.0197
vn -0.0113 -0.9994 0.0328
vn 0.5558 -0.3508 0.7537
vn -0.5760 -0.6206 -0.5321
vn 0.9054 -0.4233 -0.0334
vn 0.3250 -0.5116 0.7954
vn -0.2760 -0.9578 0.0798
vn 0.5486 -0.3418 0.7630
vn -0.7818 -0.5529 -0.2883
vn 0.9157 -0.4018 0.0004
vn 0.3011 -0.4964 0.8142
vn -0.0736 -0.9920 0.1029
vn -0.9162 0.0188 -0.4002
vn 0.8720 0.2061 -0.4439
vn 0.8179 0.3122 0.4832
vn -0.5812 -0.3171 0.7494
vn -0.8958 0.4435 0.0284
vn -0.0370 0.9904 -0.1335
vn -0.1068 0.9853 -0.1336
vn -0.1799 0.9748 -0.1319
vn -0.2554 0.9583 -0.1281
vn -0.3319 0.9354 -0.1220
vn -0.4077 0.9060 -0.1136
vn -0.4811 0.8706 -0.1029
vn -0.5506 0.8298 -0.0904
vn -0.6148 0.7849 -0.0769
vn -0.6730 0.7370 -0.0631
vn -0.7246 0.6874 -0.0498
vn -0.7698 0.6372 -0.0378
vn -0.8090 0.5872 -0.0274
vn -0.8428 0.5380 -0.0187
vn -0.8717 0.4900 -0.0107
vn -0.0592 0.9904 -0.1252
vn -0.0595 0.9899 -0.1284
vn -0.1331 0.9834 -0.1232
vn -0.1335 0.9828 -0.1274
vn -0.0840 0.9893 -0.1195
vn -0.0857 0.9876 -0.1313
vn -0.2105 0.9703 -0.1193
vn -0.2108 0.9697 -0.1238
vn -0.1636 0.9797 -0.1160
vn -0.1651 0.9778 -0.1292
vn -0.1131 0.9861 -0.1219
vn -0.1183 0.9819 -0.1476
vn -0.2900 0.9503 -0.1130
vn -0.2901 0.9498 -0.1172
vn -0.2467 0.9629 -0.1095
vn -0.2475 0.9610 -0.1230
vn -0.2007 0.9727 -0.1163
vn -0.2043 0.9683 -0.1439
vn -0.1494 0.9792 -0.1374
vn -0.1609 0.9693 -0.1860
vn -0.3698 0.9232 -0.1044
vn -0.3698 0.9229 -0.1072
vn -0.3312 0.9383 -0.0996
vn -0.3315 0.9368 -0.1121
vn -0.2915 0.9507 -0.1059
vn -0.2930 0.9467 -0.1336
vn -0.2488 0.9600 -0.1283
vn -0.2549 0.9502 -0.1794
vn -0.1983 0.9645 -0.1743
vn -0.2188 0.9404 -0.2602
vn -0.4479 0.8892 -0.0937
vn -0.4479 0.8892 -0.0938
vn -0.4150 0.9057 -0.0864
vn -0.4148 0.9048 -0.0962
vn -0.3827 0.9194 -0.0905
vn -0.3822 0.9168 -0.1157
vn -0.3509 0.9298 -0.1114
vn -0.3508 0.9225 -0.1611
vn -0.3170 0.9352 -0.1579
vn -0.3211 0.9146 -0.2457
vn -0.2736 0.9306 -0.2432
vn -0.2947 0.8756 -0.3828
vn -0.5222 0.8490 -0.0811
vn -0.5223 0.8492 -0.0777
vn -0.4952 0.8660 -0.0703
vn -0.4948 0.8657 -0.0757
vn -0.4707 0.8795 -0.0704
vn -0.4692 0.8785 -0.0900
vn -0.4502 0.8887 -0.0869
vn -0.4458 0.8856 -0.1299
vn -0.4344 0.8915 -0.1286
vn -0.4247 0.8807 -0.2096
vn -0.4219 0.8821 -0.2094
vn -0.4039 0.8468 -0.3463
vn -0.4021 0.8476 -0.3463
vn -0.3776 0.7538 -0.5377
vn -0.5909 0.8039 -0.0674
vn -0.5913 0.8042 -0.0596
vn -0.5695 0.8204 -0.0522
vn -0.5695 0.8204 -0.0517
vn -0.5520 0.8326 -0.0468
vn -0.5506 0.8327 -0.0582
vn -0.5411 0.8391 -0.0561
vn -0.5360 0.8397 -0.0874
vn -0.5405 0.8367 -0.0882
vn -0.5260 0.8367 -0.1524
vn -0.5539 0.8180 -0.1552
vn -0.5181 0.8113 -0.2708
vn -0.5806 0.7678 -0.2709
vn -0.5038 0.7375 -0.4497
vn -0.6037 0.6677 -0.4356
vn -0.4764 0.6002 -0.6425
vn -0.6531 0.7554 -0.0535
vn -0.6538 0.7556 -0.0408
vn -0.6361 0.7709 -0.0334
vn -0.6368 0.7706 -0.0260
vn -0.6240 0.7811 -0.0214
vn -0.6238 0.7813 -0.0230
vn -0.6199 0.7843 -0.0218
vn -0.6169 0.7862 -0.0381
vn -0.6287 0.7766 -0.0411
vn -0.6179 0.7820 -0.0813
vn -0.6560 0.7495 -0.0888
vn -0.6278 0.7605 -0.1658
vn -0.7053 0.6872 -0.1742
vn -0.6444 0.7035 -0.2996
vn -0.7664 0.5714 -0.2935
vn -0.6715 0.5892 -0.4494
vn -0.8120 0.4163 -0.4092
vn -0.7665 0.4249 -0.4816
vn -0.7081 0.7050 -0.0402
vn -0.7090 0.7049 -0.0226
vn -0.6945 0.7193 -0.0150
vn -0.6957 0.7183 -0.0008
vn -0.6858 0.7277 0.0039
vn -0.6869 0.7267 0.0123
vn -0.6853 0.7282 0.0130
vn -0.6851 0.7283 0.0122
vn -0.6975 0.7166 0.0074
vn -0.6937 0.7202 -0.0075
vn -0.7278 0.6855 -0.0197
vn -0.7162 0.6958 -0.0538
vn -0.7795 0.6219 -0.0748
vn -0.7569 0.6408 -0.1283
vn -0.8449 0.5122 -0.1545
vn -0.8228 0.5309 -0.2030
vn -0.9026 0.3645 -0.2289
vn -0.9223 0.3439 -0.1760
vn -0.9470 0.2268 -0.2274
vn -0.9896 0.1206 0.0784
vn -0.7560 0.6539 -0.0281
vn -0.7570 0.6533 -0.0061
vn -0.7449 0.6671 0.0017
vn -0.7464 0.6652 0.0221
vn -0.7380 0.6742 0.0272
vn -0.7398 0.6713 0.0446
vn -0.7383 0.6730 0.0455
vn -0.7402 0.6699 0.0583
vn -0.7497 0.6596 0.0530
vn -0.7511 0.6575 0.0595
vn -0.7766 0.6284 0.0449
vn -0.7767 0.6283 0.0452
vn -0.8211 0.5705 0.0169
vn -0.8214 0.5701 0.0177
vn -0.8781 0.4775 -0.0291
vn -0.8864 0.4628 -0.0033
vn -0.9329 0.3527 -0.0735
vn -0.9564 0.2902 0.0339
vn -0.9740 0.2175 -0.0635
vn -0.9802 0.0865 0.1783
vn -0.9902 0.0785 0.1153
vn -0.9144 -0.0657 0.3994
vn -0.7975 0.6031 -0.0177
vn -0.7984 0.6020 0.0079
vn -0.7881 0.6154 0.0161
vn -0.7894 0.6124 0.0421
vn -0.7822 0.6213 0.0475
vn -0.7861 0.6074 0.1144
vn -0.8086 0.5808 0.0944
vn -0.8112 0.5569 0.1782
vn -0.8458 0.5156 0.1373
vn -0.8461 0.4935 0.2015
vn -0.8758 0.4568 0.1559
vn -0.8762 0.4398 0.1972
vn -0.9017 0.4061 0.1484
vn -0.9029 0.3930 0.1742
vn -0.9263 0.3576 0.1189
vn -0.9286 0.3412 0.1457
vn -0.9497 0.3026 0.0811
vn -0.9554 0.2532 0.1516
vn -0.9722 0.2219 0.0748
vn -0.9638 0.0944 0.2493
vn -0.9802 0.0913 0.1755
vn -0.9215 -0.0564 0.3842
vn -0.9160 -0.0584 0.3969
vn -0.8249 -0.1643 0.5409
vn -0.8331 0.5530 -0.0092
vn -0.8340 0.5512 0.0257
vn -0.8287 0.5589 0.0308
vn -0.8278 0.5415 0.1469
vn -0.8627 0.4955 0.1011
vn -0.8504 0.4690 0.2385
vn -0.8843 0.4317 0.1780
vn -0.8680 0.4080 0.2830
vn -0.8960 0.3834 0.2242
vn -0.8804 0.3604 0.3083
vn -0.9077 0.3415 0.2438
vn -0.8925 0.3149 0.3231
vn -0.9217 0.2998 0.2461
vn -0.9060 0.2648 0.3301
vn -0.9383 0.2547 0.2338
vn -0.9215 0.2050 0.3300
vn -0.9556 0.2031 0.2134
vn -0.9361 0.1329 0.3257
vn -0.9680 0.1411 0.2078
vn -0.9426 0.0530 0.3297
vn -0.9630 0.0627 0.2620
vn -0.9273 -0.0282 0.3732
vn -0.9258 -0.0289 0.3768
vn -0.8579 -0.1375 0.4951
vn -0.8270 -0.1516 0.5413
vn -0.7581 -0.2242 0.6124
vn -0.8642 0.5032 -0.0020
vn -0.8622 0.4946 0.1090
vn -0.8882 0.4543 0.0688
vn -0.8721 0.4360 0.2222
vn -0.8990 0.4048 0.1674
vn -0.8774 0.3875 0.2828
vn -0.9002 0.3684 0.2322
vn -0.8779 0.3514 0.3251
vn -0.9000 0.3381 0.2752
vn -0.8767 0.3199 0.3593
vn -0.8997 0.3102 0.3072
vn -0.8740 0.2887 0.3908
vn -0.9016 0.2813 0.3286
vn -0.8706 0.2521 0.4226
vn -0.9086 0.2475 0.3364
vn -0.8676 0.2018 0.4544
vn -0.8666 0.1301 0.4817
vn -0.9369 0.1506 0.3155
vn -0.8676 0.0385 0.4958
vn -0.9460 0.0806 0.3140
vn -0.8691 -0.0520 0.4920
vn -0.9307 -0.0118 0.3656
vn -0.8604 -0.1219 0.4948
vn -0.8609 -0.1216 0.4940
vn -0.8138 -0.1822 0.5519
vn -0.7596 -0.2074 0.6164
vn -0.7056 -0.2637 0.6577
vn -0.9038 0.4278 0.0155
vn -0.8936 0.4188 0.1615
vn -0.9135 0.3896 0.1174
vn -0.8944 0.3785 0.2383
vn -0.9104 0.3622 0.2001
vn -0.8896 0.3511 0.2921
vn -0.9037 0.3409 0.2590
vn -0.8823 0.3299 0.3357
vn -0.8941 0.3237 0.3096
vn -0.8724 0.3133 0.3751
vn -0.8822 0.3093 0.3549
vn -0.8594 0.2988 0.4150
vn -0.8716 0.2950 0.3916
vn -0.8432 0.2817 0.4579
vn -0.8661 0.2765 0.4165
vn -0.8245 0.2549 0.5051
vn -0.8688 0.2487 0.4283
vn -0.8044 0.2084 0.5564
vn -0.8802 0.2071 0.4270
vn -0.7864 0.1327 0.6033
vn -0.8970 0.1496 0.4159
vn -0.7747 0.0276 0.6317
vn -0.9096 0.0753 0.4086
vn -0.7721 -0.0852 0.6297
vn -0.8974 -0.0216 0.4408
vn -0.7725 -0.1714 0.6114
vn -0.8273 -0.1427 0.5433
vn -0.7516 -0.2259 0.6197
vn -0.7064 -0.2461 0.6636
vn -0.6678 -0.2852 0.6875
vn 0.0166 0.9921 -0.1244
vn -0.0019 0.9928 -0.1194
vn -0.0222 0.9922 -0.1224
vn -0.0451 0.9893 -0.1387
vn -0.0723 0.9815 -0.1771
vn -0.1102 0.9613 -0.2527
vn -0.1808 0.9068 -0.3808
vn -0.3383 0.7698 -0.5412
vn -0.5982 0.5220 -0.6079
vn -0.8361 0.3086 -0.4535
vn -0.9861 0.1293 0.1045
vn -0.8575 -0.0750 0.5090
vn -0.7445 -0.1895 0.6402
vn -0.6722 -0.2552 0.6950
vn -0.6208 -0.2954 0.7262
vn 0.0134 0.9915 -0.1291
vn 0.0770 0.9899 -0.1190
vn -0.0093 0.9915 -0.1295
vn 0.0626 0.9909 -0.1191
vn 0.0726 0.9895 -0.1252
vn 0.1435 0.9830 -0.1145
vn -0.0374 0.9891 -0.1423
vn 0.0483 0.9902 -0.1311
vn 0.0518 0.9898 -0.1330
vn 0.1357 0.9833 -0.1213
vn 0.1375 0.9829 -0.1224
vn 0.2170 0.9699 -0.1108
vn -0.0748 0.9815 -0.1761
vn 0.0350 0.9859 -0.1637
vn 0.0247 0.9869 -0.1592
vn 0.1319 0.9805 -0.1455
vn 0.1201 0.9829 -0.1396
vn 0.2192 0.9675 -0.1258
vn 0.2093 0.9704 -0.1201
vn 0.2979 0.9486 -0.1071
vn -0.1282 0.9606 -0.2465
vn 0.0239 0.9723 -0.2327
vn -0.0151 0.9757 -0.2185
vn 0.1371 0.9699 -0.2012
vn 0.0953 0.9783 -0.1839
vn 0.2324 0.9584 -0.1658
vn 0.1978 0.9689 -0.1487
vn 0.3143 0.9401 -0.1317
vn 0.2894 0.9501 -0.1167
vn 0.3860 0.9168 -0.1020
vn -0.2040 0.9048 -0.3737
vn 0.0114 0.9324 -0.3614
vn -0.0784 0.9389 -0.3352
vn 0.1595 0.9366 -0.3120
vn 0.0535 0.9591 -0.2779
vn 0.2678 0.9304 -0.2504
vn 0.1790 0.9601 -0.2149
vn 0.3510 0.9170 -0.1893
vn 0.2884 0.9446 -0.1569
vn 0.4197 0.8974 -0.1358
vn 0.3795 0.9188 -0.1088
vn 0.4790 0.8729 -0.0927
vn -0.2888 0.7782 -0.5577
vn -0.0374 0.8283 -0.5590
vn -0.1708 0.8327 -0.5266
vn 0.1965 0.8436 -0.4997
vn -0.0219 0.8921 -0.4514
vn 0.3386 0.8496 -0.4044
vn 0.1408 0.9267 -0.3483
vn 0.4226 0.8546 -0.3017
vn 0.2855 0.9270 -0.2434
vn 0.4811 0.8516 -0.2080
vn 0.3976 0.9042 -0.1559
vn 0.5293 0.8381 -0.1319
vn 0.4810 0.8720 -0.0907
vn 0.5720 0.8168 -0.0749
vn -0.3364 0.5944 -0.7304
vn -0.2165 0.6311 -0.7449
vn -0.2454 0.6298 -0.7370
vn 0.1692 0.6666 -0.7260
vn -0.1211 0.7197 -0.6837
vn 0.4129 0.6743 -0.6122
vn 0.0710 0.8207 -0.5669
vn 0.5246 0.7071 -0.4742
vn 0.2774 0.8721 -0.4030
vn 0.5750 0.7475 -0.3327
vn 0.4313 0.8675 -0.2478
vn 0.6064 0.7677 -0.2072
vn 0.5283 0.8386 -0.1328
vn 0.6332 0.7660 -0.1110
vn 0.5905 0.8051 -0.0559
vn 0.6586 0.7512 -0.0439
vn -0.4859 0.4699 -0.7369
vn -0.5125 0.4540 -0.7289
vn -0.2410 0.4797 -0.8437
vn -0.0849 0.5128 -0.8543
vn -0.1032 0.5157 -0.8505
vn 0.3196 0.5046 -0.8020
vn 0.0480 0.6189 -0.7840
vn 0.5787 0.4968 -0.6467
vn 0.3010 0.7315 -0.6118
vn 0.6658 0.5670 -0.4849
vn 0.5098 0.7706 -0.3823
vn 0.6988 0.6419 -0.3157
vn 0.6172 0.7616 -0.1977
vn 0.7133 0.6800 -0.1698
vn 0.6676 0.7405 -0.0772
vn 0.7231 0.6877 -0.0651
vn 0.6960 0.7180 -0.0025
vn 0.7332 0.6800 0.0032
vn -0.9718 0.2358 0.0021
vn -0.9193 0.3523 0.1753
vn -0.7640 0.6320 -0.1302
vn -0.5473 0.8369 0.0002
vn 0.0939 0.8302 -0.5494
vn 0.0967 0.8303 -0.5488
vn 0.4133 0.5265 -0.7429
vn 0.5659 0.4753 -0.6737
vn 0.5555 0.5005 -0.6640
vn 0.7238 0.4007 -0.5618
vn 0.7113 0.5458 -0.4429
vn 0.7813 0.4807 -0.3982
vn 0.7758 0.5850 -0.2365
vn 0.8005 0.5558 -0.2244
vn 0.7872 0.6101 -0.0899
vn 0.7996 0.5944 -0.0861
vn 0.7842 0.6205 0.0052
vn 0.7946 0.6071 0.0070
vn 0.7816 0.6205 0.0640
vn 0.8158 0.5744 0.0667
vn -0.8562 -0.0353 0.5154
vn -0.6991 -0.0334 0.7143
vn -0.6120 0.1073 0.7836
vn -0.3993 0.1156 0.9095
vn -0.1386 0.2937 0.9458
vn 0.0269 0.2745 0.9612
vn 0.4425 0.4374 0.7829
vn 0.6389 0.3218 0.6988
vn 0.9456 0.3251 0.0116
vn 0.9706 0.2386 0.0310
vn 0.9547 0.2326 -0.1855
vn 0.9265 0.3012 -0.2258
vn 0.9442 0.3007 -0.1346
vn 0.9016 0.3964 -0.1732
vn 0.9177 0.3946 -0.0472
vn 0.8826 0.4660 -0.0621
vn 0.8849 0.4644 0.0349
vn 0.8810 0.4719 0.0342
vn 0.8741 0.4695 0.1246
vn 0.9070 0.4043 0.1181
vn 0.8905 0.3988 0.2191
vn 0.9107 0.3614 0.2001
vn -0.7391 -0.1778 0.6497
vn -0.5977 -0.2025 0.7758
vn -0.5269 -0.1465 0.8372
vn -0.3794 -0.1574 0.9117
vn -0.1920 -0.0700 0.9789
vn -0.0695 -0.0786 0.9945
vn 0.1463 -0.0048 0.9892
vn 0.3258 -0.0328 0.9449
vn 0.5372 0.0210 0.8432
vn 0.7170 -0.0447 0.6957
vn 0.9229 0.0276 0.3841
vn 0.9327 0.0062 0.3607
vn 0.9904 0.0727 0.1180
vn 0.9792 0.1556 0.1302
vn 0.9820 0.1719 0.0783
vn 0.9557 0.2830 0.0805
vn 0.9555 0.2751 0.1064
vn 0.9490 0.2963 0.1079
vn 0.9423 0.2703 0.1976
vn 0.9431 0.2682 0.1967
vn 0.9317 0.2512 0.2625
vn 0.9233 0.2655 0.2776
vn 0.9156 0.2595 0.3071
vn 0.9012 0.2753 0.3347
vn -0.6722 -0.2551 0.6950
vn -0.5375 -0.2894 0.7920
vn -0.5055 -0.2706 0.8193
vn -0.3526 -0.2944 0.8882
vn -0.2560 -0.2573 0.9318
vn -0.1136 -0.2710 0.9559
vn 0.0323 -0.2244 0.9740
vn 0.1790 -0.2366 0.9550
vn 0.3269 -0.1928 0.9252
vn 0.4864 -0.2102 0.8481
vn 0.6474 -0.1553 0.7461
vn 0.7313 -0.1730 0.6597
vn 0.8893 -0.0816 0.4500
vn 0.8841 -0.0766 0.4611
vn 0.9619 0.0114 0.2732
vn 0.9476 0.0607 0.3136
vn 0.9682 0.1033 0.2278
vn 0.9615 0.1305 0.2419
vn 0.9578 0.1219 0.2603
vn 0.9413 0.1605 0.2969
vn 0.9381 0.1554 0.3095
vn 0.9076 0.1939 0.3724
vn 0.9143 0.1997 0.3524
vn 0.8755 0.2313 0.4243
vn 0.8935 0.2395 0.3798
vn 0.8553 0.2643 0.4457
vn -0.6267 -0.3010 0.7188
vn -0.5002 -0.3382 0.7971
vn -0.4877 -0.3315 0.8077
vn -0.3408 -0.3617 0.8678
vn -0.2933 -0.3445 0.8918
vn -0.1436 -0.3643 0.9201
vn -0.0579 -0.3378 0.9394
vn 0.0865 -0.3497 0.9329
vn 0.1966 -0.3155 0.9283
vn 0.3333 -0.3229 0.8858
vn 0.4595 -0.2778 0.8436
vn 0.5605 -0.2829 0.7784
vn 0.7065 -0.2115 0.6754
vn 0.7364 -0.2157 0.6412
vn 0.8643 -0.1189 0.4887
vn 0.8546 -0.1126 0.5070
vn 0.9272 -0.0271 0.3735
vn 0.9192 -0.0125 0.3936
vn 0.9404 0.0193 0.3396
vn 0.9103 0.0693 0.4082
vn 0.9244 0.0875 0.3713
vn 0.8725 0.1434 0.4670
vn 0.8973 0.1627 0.4103
vn 0.8369 0.2099 0.5055
vn 0.8722 0.2238 0.4351
vn 0.8181 0.2589 0.5135
vn 0.8558 0.2653 0.4442
vn 0.8145 0.2895 0.5028
vn -0.5928 -0.3274 0.7358
vn -0.4736 -0.3645 0.8018
vn -0.4736 -0.3644 0.8018
vn -0.3358 -0.3972 0.8541
vn -0.3129 -0.3884 0.8667
vn -0.1691 -0.4122 0.8952
vn -0.1175 -0.3954 0.9110
vn 0.0215 -0.4100 0.9118
vn 0.0996 -0.3846 0.9177
vn 0.2268 -0.3920 0.8916
vn 0.3278 -0.3549 0.8756
vn 0.4290 -0.3576 0.8295
vn 0.5509 -0.3012 0.7783
vn 0.6050 -0.3030 0.7363
vn 0.7330 -0.2219 0.6430
vn 0.7418 -0.2233 0.6324
vn 0.8477 -0.1289 0.5146
vn 0.8420 -0.1250 0.5249
vn 0.8993 -0.0612 0.4331
vn 0.8593 -0.0070 0.5113
vn 0.8930 0.0282 0.4492
vn 0.8290 0.1060 0.5491
vn 0.8660 0.1312 0.4824
vn 0.7950 0.1980 0.5733
vn 0.8394 0.2135 0.4998
vn 0.7790 0.2593 0.5708
vn 0.8237 0.2661 0.5008
vn 0.7797 0.2948 0.5524
vn 0.8191 0.2961 0.4913
vn 0.7899 0.3134 0.5271
vn 0.0290 0.9907 -0.1333
vn 0.0860 0.9884 -0.1253
vn 0.1479 0.9820 -0.1175
vn 0.2150 0.9705 -0.1095
vn 0.2880 0.9524 -0.1004
vn 0.3674 0.9258 -0.0885
vn 0.4534 0.8885 -0.0711
vn 0.5441 0.8378 -0.0446
vn 0.6346 0.7728 -0.0065
vn 0.7167 0.6961 0.0432
vn 0.7991 0.5870 0.1298
vn 0.8924 0.3572 0.2757
vn 0.8962 0.2733 0.3495
vn 0.8727 0.2679 0.4081
vn 0.8426 0.2906 0.4533
vn 0.0766 0.9882 -0.1324
vn 0.0854 0.9866 -0.1393
vn 0.1402 0.9824 -0.1236
vn 0.1462 0.9809 -0.1282
vn 0.1339 0.9813 -0.1380
vn 0.1447 0.9784 -0.1474
vn 0.2087 0.9712 -0.1147
vn 0.2110 0.9705 -0.1164
vn 0.1998 0.9717 -0.1260
vn 0.2083 0.9689 -0.1333
vn 0.1939 0.9701 -0.1456
vn 0.2066 0.9656 -0.1578
vn 0.2825 0.9535 -0.1052
vn 0.2803 0.9543 -0.1036
vn 0.2697 0.9563 -0.1132
vn 0.2754 0.9540 -0.1180
vn 0.2616 0.9563 -0.1307
vn 0.2725 0.9518 -0.1410
vn 0.2566 0.9539 -0.1557
vn 0.2709 0.9473 -0.1709
vn 0.3612 0.9277 -0.0943
vn 0.3541 0.9310 -0.0886
vn 0.3433 0.9340 -0.0989
vn 0.3456 0.9329 -0.1010
vn 0.3320 0.9363 -0.1144
vn 0.3407 0.9322 -0.1226
vn 0.3252 0.9355 -0.1380
vn 0.3381 0.9288 -0.1517
vn 0.3215 0.9318 -0.1684
vn 0.3372 0.9227 -0.1868
vn 0.4440 0.8924 -0.0803
vn 0.4321 0.8991 -0.0700
vn 0.4199 0.9038 -0.0824
vn 0.4186 0.9045 -0.0813
vn 0.4045 0.9095 -0.0961
vn 0.4105 0.9061 -0.1021
vn 0.3951 0.9109 -0.1187
vn 0.4063 0.9044 -0.1306
vn 0.3900 0.9088 -0.1484
vn 0.4046 0.8994 -0.1655
vn 0.3878 0.9032 -0.1840
vn 0.4045 0.8912 -0.2055
vn 0.5284 0.8468 -0.0613
vn 0.5132 0.8571 -0.0458
vn 0.4980 0.8649 -0.0624
vn 0.4934 0.8679 -0.0577
vn 0.4779 0.8752 -0.0752
vn 0.4813 0.8730 -0.0788
vn 0.4655 0.8797 -0.0972
vn 0.4746 0.8736 -0.1074
vn 0.4584 0.8797 -0.1266
vn 0.4716 0.8703 -0.1422
vn 0.4551 0.8756 -0.1621
vn 0.4708 0.8632 -0.1823
vn 0.4544 0.8675 -0.2025
vn 0.4715 0.8522 -0.2267
vn 0.6107 0.7911 -0.0344
vn 0.5949 0.8037 -0.0138
vn 0.5754 0.8171 -0.0372
vn 0.5685 0.8222 -0.0290
vn 0.5508 0.8331 -0.0507
vn 0.5518 0.8324 -0.0518
vn 0.5350 0.8417 -0.0730
vn 0.5421 0.8364 -0.0813
vn 0.5256 0.8445 -0.1026
vn 0.5371 0.8354 -0.1168
vn 0.5209 0.8423 -0.1382
vn 0.5354 0.8298 -0.1572
vn 0.5194 0.8356 -0.1788
vn 0.5356 0.8200 -0.2019
vn 0.5197 0.8246 -0.2235
vn 0.5367 0.8059 -0.2500
vn 0.6862 0.7274 0.0024
vn 0.6725 0.7396 0.0266
vn 0.6486 0.7611 -0.0054
vn 0.6410 0.7675 0.0057
vn 0.6210 0.7835 -0.0215
vn 0.6202 0.7842 -0.0205
vn 0.6022 0.7970 -0.0454
vn 0.6074 0.7927 -0.0522
vn 0.5906 0.8034 -0.0760
vn 0.6004 0.7948 -0.0890
vn 0.5842 0.8038 -0.1123
vn 0.5973 0.7914 -0.1303
vn 0.5816 0.7989 -0.1534
vn 0.5966 0.7831 -0.1754
vn 0.5812 0.7892 -0.1984
vn 0.5972 0.7702 -0.2237
vn 0.5821 0.7748 -0.2467
vn 0.5981 0.7530 -0.2745
vn 0.7505 0.6591 0.0491
vn 0.7403 0.6681 0.0741
vn 0.7141 0.6993 0.0336
vn 0.7075 0.7052 0.0463
vn 0.6857 0.7278 0.0127
vn 0.6842 0.7292 0.0152
vn 0.6653 0.7465 -0.0141
vn 0.6690 0.7430 -0.0197
vn 0.6519 0.7569 -0.0466
vn 0.6600 0.7490 -0.0586
vn 0.6440 0.7604 -0.0841
vn 0.6555 0.7484 -0.1013
vn 0.6402 0.7578 -0.1261
vn 0.6539 0.7421 -0.1473
vn 0.6390 0.7498 -0.1717
vn 0.6538 0.7308 -0.1960
vn 0.6392 0.7368 -0.2203
vn 0.6542 0.7148 -0.2469
vn 0.6398 0.7191 -0.2711
vn 0.6542 0.6946 -0.2994
vn 0.8702 0.4745 0.1329
vn 0.8438 0.4862 0.2273
vn 0.7822 0.6178 0.0811
vn 0.7723 0.6264 0.1063
vn 0.7424 0.6679 0.0520
vn 0.7411 0.6691 0.0546
vn 0.7221 0.6914 0.0211
vn 0.7251 0.6885 0.0158
vn 0.7080 0.7060 -0.0142
vn 0.7150 0.6987 -0.0258
vn 0.6992 0.7129 -0.0537
vn 0.7093 0.7013 -0.0704
vn 0.6944 0.7130 -0.0970
vn 0.7068 0.6976 -0.1175
vn 0.6924 0.7071 -0.1435
vn 0.7060 0.6883 -0.1670
vn 0.6919 0.6959 -0.1926
vn 0.7058 0.6740 -0.2182
vn 0.6919 0.6796 -0.2437
vn 0.7053 0.6553 -0.2706
vn 0.6914 0.6590 -0.2960
vn 0.7036 0.6326 -0.3237
vn 0.9069 0.3317 0.2599
vn 0.8900 0.3292 0.3154
vn 0.8891 0.4094 0.2049
vn 0.8683 0.4154 0.2710
vn 0.8324 0.5426 0.1129
vn 0.8154 0.5567 0.1587
vn 0.7714 0.6336 0.0594
vn 0.7742 0.6307 0.0534
vn 0.7579 0.6520 0.0207
vn 0.7640 0.6451 0.0088
vn 0.7489 0.6623 -0.0212
vn 0.7579 0.6512 -0.0379
vn 0.7436 0.6653 -0.0662
vn 0.7547 0.6503 -0.0865
vn 0.7409 0.6618 -0.1138
vn 0.7533 0.6433 -0.1369
vn 0.7398 0.6526 -0.1636
vn 0.7525 0.6310 -0.1885
vn 0.7392 0.6382 -0.2151
vn 0.7515 0.6141 -0.2411
vn 0.7382 0.6192 -0.2675
vn 0.7494 0.5932 -0.2940
vn 0.7361 0.5963 -0.3204
vn 0.7458 0.5688 -0.3467
vn 0.8839 0.2879 0.3686
vn 0.8831 0.2878 0.3706
vn 0.8942 0.3235 0.3094
vn 0.8859 0.3233 0.3327
vn 0.8908 0.3804 0.2487
vn 0.8780 0.3839 0.2858
vn 0.8604 0.4865 0.1519
vn 0.8475 0.4966 0.1874
vn 0.8006 0.5964 0.0575
vn 0.8064 0.5897 0.0446
vn 0.7925 0.6097 0.0129
vn 0.8007 0.5990 -0.0043
vn 0.7873 0.6156 -0.0340
vn 0.7974 0.6010 -0.0545
vn 0.7844 0.6147 -0.0830
vn 0.7956 0.5965 -0.1059
vn 0.7828 0.6077 -0.1337
vn 0.7943 0.5865 -0.1582
vn 0.7817 0.5954 -0.1856
vn 0.7929 0.5717 -0.2110
vn 0.7802 0.5784 -0.2383
vn 0.7907 0.5520 -0.2647
vn 0.7784 0.5563 -0.2911
vn 0.7976 0.4904 -0.3512
vn 0.8034 0.4894 -0.3391
vn 0.8133 0.4103 -0.4125
vn 0.8457 0.2937 0.4456
vn 0.8617 0.2939 0.4137
vn 0.8675 0.3027 0.3948
vn 0.8768 0.3026 0.3738
vn 0.8845 0.3248 0.3348
vn 0.8857 0.3247 0.3318
vn 0.8899 0.3674 0.2702
vn 0.8862 0.3687 0.2806
vn 0.8751 0.4516 0.1742
vn 0.8714 0.4546 0.1843
vn 0.8297 0.5562 0.0479
vn 0.8374 0.5458 0.0298
vn 0.8253 0.5647 -0.0009
vn 0.8345 0.5506 -0.0220
vn 0.8226 0.5663 -0.0513
vn 0.8327 0.5487 -0.0744
vn 0.8208 0.5618 -0.1030
vn 0.8313 0.5411 -0.1274
vn 0.8194 0.5517 -0.1556
vn 0.8295 0.5285 -0.1806
vn 0.8175 0.5368 -0.2085
vn 0.8357 0.4832 -0.2609
vn 0.8364 0.4829 -0.2592
vn 0.8535 0.3798 -0.3569
vn 0.8661 0.3767 -0.3287
vn 0.8625 0.3094 -0.4005
vn 0.8712 0.3085 -0.3818
vn 0.8615 0.2689 -0.4306
vn 0.8188 0.3128 0.4814
vn 0.8404 0.3110 0.4439
vn 0.8409 0.3115 0.4425
vn 0.8608 0.3093 0.4041
vn 0.8634 0.3140 0.3948
vn 0.8785 0.3119 0.3620
vn 0.8825 0.3279 0.3372
vn 0.8911 0.3259 0.3156
vn 0.8922 0.3609 0.2715
vn 0.8967 0.3589 0.2591
vn 0.8858 0.4303 0.1740
vn 0.8916 0.4247 0.1570
vn 0.8574 0.5136 0.0325
vn 0.8661 0.4998 0.0105
vn 0.8554 0.5175 -0.0193
vn 0.8648 0.5003 -0.0428
vn 0.8539 0.5154 -0.0719
vn 0.8635 0.4951 -0.0964
vn 0.8524 0.5076 -0.1251
vn 0.8616 0.4849 -0.1499
vn 0.8504 0.4950 -0.1784
vn 0.8732 0.4144 -0.2565
vn 0.8757 0.4129 -0.2503
vn 0.8841 0.3140 -0.3461
vn 0.8904 0.3121 -0.3312
vn 0.8841 0.2599 -0.3882
vn 0.8896 0.2590 -0.3762
vn 0.8800 0.2276 -0.4170
vn 0.8833 0.2273 -0.4100
vn 0.8728 0.2061 -0.4424
vn 0.0129 0.9894 -0.1448
vn 0.0678 0.9859 -0.1527
vn 0.1259 0.9787 -0.1624
vn 0.1873 0.9667 -0.1744
vn 0.2516 0.9492 -0.1889
vn 0.3182 0.9254 -0.2060
vn 0.3862 0.8943 -0.2259
vn 0.4540 0.8557 -0.2484
vn 0.5200 0.8094 -0.2729
vn 0.5822 0.7561 -0.2987
vn 0.6389 0.6973 -0.3250
vn 0.6887 0.6345 -0.3508
vn 0.7311 0.5699 -0.3752
vn 0.8270 0.4099 -0.3848
vn 0.8657 0.2688 -0.4222
vn 0.0129 0.9894 -0.1447
vn -0.0107 0.9868 -0.1613
vn 0.0695 0.9854 -0.1556
vn 0.0453 0.9838 -0.1735
vn -0.0087 0.9863 -0.1650
vn -0.0360 0.9823 -0.1836
vn 0.1295 0.9771 -0.1689
vn 0.1054 0.9765 -0.1879
vn 0.0490 0.9823 -0.1805
vn 0.0212 0.9795 -0.2006
vn -0.0321 0.9810 -0.1915
vn -0.0635 0.9752 -0.2122
vn 0.1932 0.9636 -0.1849
vn 0.1695 0.9640 -0.2049
vn 0.1111 0.9737 -0.1987
vn 0.0833 0.9719 -0.2201
vn 0.0269 0.9769 -0.2119
vn -0.0051 0.9721 -0.2343
vn -0.0579 0.9727 -0.2246
vn -0.0937 0.9644 -0.2474
vn 0.2601 0.9439 -0.2036
vn 0.2373 0.9451 -0.2246
vn 0.1778 0.9592 -0.2199
vn 0.1504 0.9584 -0.2426
vn 0.0912 0.9675 -0.2357
vn 0.0591 0.9639 -0.2597
vn 0.0024 0.9681 -0.2507
vn -0.0342 0.9607 -0.2755
vn -0.0865 0.9604 -0.2650
vn -0.1268 0.9487 -0.2897
vn 0.3297 0.9168 -0.2254
vn 0.3081 0.9187 -0.2472
vn 0.2485 0.9373 -0.2443
vn 0.2221 0.9374 -0.2682
vn 0.1610 0.9513 -0.2627
vn 0.1294 0.9487 -0.2884
vn 0.0690 0.9574 -0.2805
vn 0.0322 0.9510 -0.3074
vn -0.0251 0.9544 -0.2974
vn -0.0664 0.9436 -0.3244
vn -0.1186 0.9424 -0.3129
vn -0.1631 0.9265 -0.3391
vn 0.4008 0.8815 -0.2496
vn 0.3804 0.8838 -0.2725
vn 0.3224 0.9068 -0.2715
vn 0.2973 0.9075 -0.2967
vn 0.2358 0.9265 -0.2931
vn 0.2053 0.9247 -0.3205
vn 0.1422 0.9387 -0.3142
vn 0.1058 0.9333 -0.3431
vn 0.0438 0.9415 -0.3341
vn 0.0020 0.9315 -0.3636
vn -0.0561 0.9341 -0.3524
vn -0.1022 0.9188 -0.3814
vn -0.1540 0.9167 -0.3687
vn -0.2022 0.8959 -0.3956
vn 0.4715 0.8376 -0.2760
vn 0.4523 0.8399 -0.3000
vn 0.3979 0.8666 -0.3011
vn 0.3742 0.8675 -0.3277
vn 0.3144 0.8914 -0.3264
vn 0.2853 0.8901 -0.3555
vn 0.2214 0.9097 -0.3513
vn 0.1861 0.9051 -0.3823
vn 0.1205 0.9192 -0.3750
vn 0.0789 0.9100 -0.4071
vn 0.0149 0.9178 -0.3968
vn -0.0314 0.9031 -0.4282
vn -0.0914 0.9051 -0.4153
vn -0.1319 0.8884 -0.4396
vn -0.1954 0.8851 -0.4224
vn -0.2434 0.8604 -0.4477
vn 0.5397 0.7853 -0.3034
vn 0.5215 0.7873 -0.3289
vn 0.4725 0.8164 -0.3321
vn 0.4501 0.8171 -0.3602
vn 0.3944 0.8449 -0.3614
vn 0.3668 0.8435 -0.3923
vn 0.3048 0.8685 -0.3908
vn 0.2716 0.8642 -0.4236
vn 0.2040 0.8849 -0.4187
vn 0.1981 0.8838 -0.4239
vn 0.0799 0.9089 -0.4093
vn 0.1227 0.9184 -0.3762
vn -0.0591 0.9370 -0.3444
vn -0.0367 0.9433 -0.3298
vn -0.1666 0.9394 -0.2998
vn -0.2195 0.9184 -0.3292
vn -0.2665 0.9109 -0.3150
vn -0.3729 0.8522 -0.3671
vn 0.6030 0.7258 -0.3310
vn 0.5855 0.7273 -0.3580
vn 0.5433 0.7570 -0.3631
vn 0.5219 0.7571 -0.3931
vn 0.4725 0.7870 -0.3967
vn 0.4462 0.7851 -0.4296
vn 0.3892 0.8141 -0.4311
vn 0.3761 0.8123 -0.4457
vn 0.2819 0.8509 -0.4432
vn 0.3442 0.8591 -0.3789
vn 0.1703 0.9152 -0.3651
vn 0.2825 0.9225 -0.2630
vn 0.0643 0.9698 -0.2354
vn 0.2128 0.9695 -0.1216
vn -0.1118 0.9918 -0.0621
vn -0.1041 0.9929 -0.0572
vn -0.2544 0.9669 -0.0207
vn -0.4535 0.8815 -0.1314
vn -0.3759 0.9128 -0.1600
vn -0.5680 0.7850 -0.2471
vn 0.6596 0.6612 -0.3575
vn 0.6425 0.6618 -0.3863
vn 0.6075 0.6904 -0.3927
vn 0.5868 0.6894 -0.4246
vn 0.5450 0.7196 -0.4303
vn 0.5198 0.7164 -0.4654
vn 0.4700 0.7474 -0.4697
vn 0.4715 0.7476 -0.4677
vn 0.3901 0.7915 -0.4706
vn 0.4694 0.8010 -0.3716
vn 0.3391 0.8651 -0.3698
vn 0.5100 0.8462 -0.1542
vn 0.2080 0.9697 -0.1278
vn 0.5151 0.8338 0.1987
vn 0.0412 0.9553 0.2926
vn 0.1820 0.9064 0.3812
vn -0.1830 0.8803 0.4377
vn -0.3421 0.8711 0.3523
vn -0.4018 0.8418 0.3606
vn -0.7158 0.6796 0.1606
vn -0.5039 0.8605 0.0752
vn -0.8150 0.5722 -0.0919
vn 0.7082 0.5937 -0.3821
vn 0.6912 0.5932 -0.4127
vn 0.6633 0.6195 -0.4199
vn 0.6430 0.6170 -0.4537
vn 0.6089 0.6457 -0.4607
vn 0.5844 0.6408 -0.4978
vn 0.5429 0.6714 -0.5044
vn 0.5396 0.6706 -0.5091
vn 0.4982 0.6984 -0.5139
vn 0.5659 0.7127 -0.4144
vn 0.4989 0.7582 -0.4198
vn 0.6356 0.7512 -0.1784
vn 0.5259 0.8314 -0.1792
vn 0.7268 0.6376 0.2553
vn 0.4334 0.8410 0.3240
vn 0.4958 0.7742 0.3935
vn 0.1471 0.8840 0.4438
vn -0.0018 0.9312 0.3645
vn -0.3352 0.8394 0.4278
vn 0.0291 0.8639 0.5029
vn -0.3845 0.5673 0.7282
vn -0.8980 0.1177 0.4240
vn -0.7179 0.6706 0.1869
vn -0.9413 0.3340 0.0487
vn 0.7578 0.4980 -0.4215
vn 0.7544 0.4977 -0.4279
vn 0.7098 0.5471 -0.4438
vn 0.6896 0.5430 -0.4791
vn 0.6627 0.5689 -0.4869
vn 0.6386 0.5621 -0.5256
vn 0.6052 0.5907 -0.5336
vn 0.5856 0.5838 -0.5624
vn 0.5714 0.5950 -0.5653
vn 0.6145 0.6111 -0.4989
vn 0.6168 0.6092 -0.4984
vn 0.7060 0.6361 -0.3114
vn 0.7224 0.6192 -0.3078
vn 0.8113 0.5241 0.2590
vn 0.7203 0.6414 0.2642
vn 0.3557 -0.1378 0.9244
vn -0.1945 0.5958 0.7792
vn -0.3127 0.9460 -0.0849
vn 0.1277 0.9908 0.0442
vn -0.0353 0.9951 -0.0924
vn -0.2067 0.9783 0.0156
vn 0.1772 0.9826 -0.0555
vn -0.2100 0.2876 0.9345
vn -0.4919 -0.3666 0.7897
vn -0.8669 0.4445 0.2255
vn -0.9543 0.2178 0.2046
vn 0.8352 0.3086 -0.4552
vn 0.8417 0.3090 -0.4429
vn 0.7789 0.3895 -0.4915
vn 0.7881 0.3912 -0.4753
vn 0.7081 0.4861 -0.5122
vn 0.6873 0.4787 -0.5464
vn 0.6560 0.5095 -0.5569
vn 0.6272 0.4968 -0.5999
vn 0.6087 0.5130 -0.6052
vn 0.6197 0.5185 -0.5892
vn 0.6574 0.4839 -0.5776
vn 0.7217 0.5218 -0.4548
vn 0.7863 0.4461 -0.4274
vn 0.8464 0.5184 -0.1219
vn 0.9659 0.2582 -0.0203
vn 0.1314 0.0143 0.9912
vn 0.1195 0.0690 0.9904
vn 0.6986 0.5573 -0.4487
vn 0.2428 0.8189 -0.5201
vn 0.3130 0.8434 -0.4367
vn 0.0158 0.9184 -0.3954
vn -0.4670 0.5396 -0.7005
vn -0.3887 0.5698 -0.7240
vn -0.6436 0.2355 -0.7282
vn -0.5747 -0.5402 0.6147
vn -0.6912 0.0120 0.7226
vn -0.9689 0.1774 0.1728
vn -0.9662 0.1976 0.1658
vn 0.8588 0.2214 -0.4620
vn 0.8573 0.2213 -0.4648
vn 0.8350 0.2487 -0.4909
vn 0.8335 0.2485 -0.4934
vn 0.7904 0.3025 -0.5327
vn 0.7890 0.3022 -0.5349
vn 0.7053 0.4007 -0.5849
vn 0.6895 0.3934 -0.6082
vn 0.6412 0.4420 -0.6273
vn 0.6177 0.4285 -0.6594
vn 0.6481 0.4001 -0.6480
vn 0.6766 0.4196 -0.6051
vn 0.7737 0.3115 -0.5517
vn 0.8463 0.3991 -0.3528
vn 0.9451 0.2314 -0.2305
vn 0.8694 0.4315 0.2406
vn 0.4281 -0.5639 0.7062
vn 0.6456 -0.7149 0.2685
vn 0.7738 0.4261 -0.4687
vn 0.7347 0.2997 -0.6086
vn 0.6212 0.3482 -0.7021
vn 0.5709 0.2455 -0.7835
vn -0.4745 0.4329 -0.7665
vn -0.7039 0.1810 -0.6868
vn -0.6541 0.1469 -0.7420
vn -0.7338 -0.6778 0.0469
vn -0.7193 -0.3261 0.6134
vn -0.8280 0.0485 0.5587
vn -0.9761 -0.2015 0.0809
vn -0.9952 0.0744 -0.0642
vn -0.0371 0.9900 -0.1363
vn -0.0605 0.9865 -0.1523
vn -0.0854 0.9810 -0.1740
vn -0.1124 0.9729 -0.2020
vn -0.1419 0.9612 -0.2364
vn -0.1745 0.9446 -0.2779
vn -0.2100 0.9216 -0.3263
vn -0.2486 0.8902 -0.3817
vn -0.2917 0.8537 -0.4315
vn -0.3644 0.8544 -0.3705
vn -0.4783 0.8279 -0.2929
vn -0.6208 0.7431 -0.2498
vn -0.7505 0.6100 -0.2544
vn -0.8577 0.4391 -0.2674
vn -0.9227 0.2378 -0.3034
vn -0.0606 0.9875 -0.1453
vn -0.1069 0.9849 -0.1359
vn -0.0861 0.9830 -0.1625
vn -0.1325 0.9794 -0.1524
vn -0.1325 0.9804 -0.1454
vn -0.1800 0.9745 -0.1340
vn -0.1140 0.9759 -0.1859
vn -0.1602 0.9714 -0.1751
vn -0.1607 0.9734 -0.1634
vn -0.2076 0.9664 -0.1513
vn -0.2077 0.9675 -0.1441
vn -0.2555 0.9580 -0.1305
vn -0.1446 0.9657 -0.2158
vn -0.1903 0.9602 -0.2044
vn -0.1915 0.9633 -0.1879
vn -0.2376 0.9554 -0.1752
vn -0.2380 0.9575 -0.1630
vn -0.2846 0.9470 -0.1489
vn -0.2846 0.9482 -0.1411
vn -0.3319 0.9350 -0.1253
vn -0.1783 0.9510 -0.2527
vn -0.2233 0.9446 -0.2406
vn -0.2254 0.9493 -0.2193
vn -0.2704 0.9404 -0.2060
vn -0.2713 0.9438 -0.1887
vn -0.3164 0.9325 -0.1742
vn -0.3166 0.9348 -0.1610
vn -0.3619 0.9209 -0.1450
vn -0.3619 0.9222 -0.1362
vn -0.4077 0.9054 -0.1184
vn -0.2151 0.9304 -0.2968
vn -0.2594 0.9231 -0.2838
vn -0.2623 0.9299 -0.2578
vn -0.3061 0.9202 -0.2438
vn -0.3076 0.9253 -0.2216
vn -0.3510 0.9133 -0.2065
vn -0.3516 0.9170 -0.1882
vn -0.3947 0.9026 -0.1720
vn -0.3948 0.9051 -0.1575
vn -0.4377 0.8882 -0.1399
vn -0.4378 0.8897 -0.1294
vn -0.4810 0.8698 -0.1099
vn -0.2549 0.9022 -0.3480
vn -0.2982 0.8942 -0.3340
vn -0.3021 0.9037 -0.3034
vn -0.3447 0.8933 -0.2886
vn -0.3468 0.9007 -0.2615
vn -0.3884 0.8881 -0.2459
vn -0.3894 0.8938 -0.2225
vn -0.4302 0.8789 -0.2060
vn -0.4305 0.8832 -0.1862
vn -0.4707 0.8661 -0.1686
vn -0.4708 0.8690 -0.1525
vn -0.5106 0.8494 -0.1335
vn -0.5107 0.8512 -0.1210
vn -0.5504 0.8289 -0.1003
vn -0.2968 0.8645 -0.4057
vn -0.3392 0.8559 -0.3903
vn -0.3441 0.8690 -0.3557
vn -0.3853 0.8579 -0.3398
vn -0.3881 0.8685 -0.3082
vn -0.4279 0.8554 -0.2919
vn -0.4294 0.8638 -0.2636
vn -0.4679 0.8486 -0.2467
vn -0.4685 0.8551 -0.2219
vn -0.5060 0.8380 -0.2042
vn -0.5061 0.8429 -0.1828
vn -0.5427 0.8237 -0.1642
vn -0.5428 0.8271 -0.1461
vn -0.5787 0.8057 -0.1263
vn -0.5789 0.8077 -0.1114
vn -0.6145 0.7838 -0.0900
vn -0.3485 0.8163 -0.4605
vn -0.3817 0.8090 -0.4470
vn -0.3869 0.8242 -0.4136
vn -0.4267 0.8128 -0.3965
vn -0.4304 0.8273 -0.3610
vn -0.4685 0.8139 -0.3437
vn -0.4705 0.8257 -0.3111
vn -0.5070 0.8104 -0.2936
vn -0.5079 0.8200 -0.2640
vn -0.5428 0.8030 -0.2462
vn -0.5431 0.8104 -0.2198
vn -0.5767 0.7917 -0.2015
vn -0.5768 0.7972 -0.1782
vn -0.6094 0.7768 -0.1591
vn -0.6095 0.7806 -0.1388
vn -0.6412 0.7582 -0.1186
vn -0.6415 0.7604 -0.1011
vn -0.6724 0.7359 -0.0796
vn -0.4663 0.7764 -0.4240
vn -0.4390 0.7849 -0.4372
vn -0.4336 0.7670 -0.4729
vn -0.4671 0.7571 -0.4568
vn -0.4719 0.7761 -0.4183
vn -0.5084 0.7627 -0.3998
vn -0.5113 0.7787 -0.3636
vn -0.5458 0.7635 -0.3454
vn -0.5472 0.7767 -0.3118
vn -0.5799 0.7600 -0.2936
vn -0.5805 0.7707 -0.2628
vn -0.6115 0.7525 -0.2445
vn -0.6117 0.7609 -0.2165
vn -0.6413 0.7414 -0.1979
vn -0.6414 0.7476 -0.1726
vn -0.6698 0.7265 -0.1534
vn -0.6700 0.7308 -0.1308
vn -0.6973 0.7082 -0.1109
vn -0.6977 0.7107 -0.0906
vn -0.7239 0.6864 -0.0698
vn -0.6241 0.6891 -0.3683
vn -0.5368 0.7294 -0.4241
vn -0.5298 0.6966 -0.4838
vn -0.5076 0.7042 -0.4964
vn -0.5103 0.7149 -0.4780
vn -0.5455 0.7017 -0.4583
vn -0.5496 0.7224 -0.4196
vn -0.5824 0.7075 -0.4004
vn -0.5848 0.7251 -0.3636
vn -0.6155 0.7087 -0.3449
vn -0.6167 0.7234 -0.3104
vn -0.6454 0.7058 -0.2920
vn -0.6460 0.7177 -0.2599
vn -0.6731 0.6990 -0.2417
vn -0.6734 0.7083 -0.2120
vn -0.6989 0.6885 -0.1936
vn -0.6992 0.6953 -0.1664
vn -0.7234 0.6744 -0.1476
vn -0.7238 0.6790 -0.1227
vn -0.7468 0.6569 -0.1035
vn -0.7473 0.6595 -0.0806
vn -0.7691 0.6363 -0.0609
vn -0.7572 0.5707 -0.3178
vn -0.6354 0.6446 -0.4252
vn -0.6313 0.6141 -0.4736
vn -0.5653 0.6410 -0.5192
vn -0.5644 0.6372 -0.5249
vn -0.5777 0.6321 -0.5164
vn -0.5834 0.6575 -0.4768
vn -0.6149 0.6431 -0.4564
vn -0.6187 0.6654 -0.4178
vn -0.6477 0.6495 -0.3983
vn -0.6500 0.6686 -0.3612
vn -0.6769 0.6516 -0.3425
vn -0.6782 0.6675 -0.3073
vn -0.7031 0.6496 -0.2890
vn -0.7039 0.6626 -0.2558
vn -0.7272 0.6439 -0.2379
vn -0.7277 0.6539 -0.2068
vn -0.7495 0.6345 -0.1890
vn -0.7500 0.6419 -0.1598
vn -0.7703 0.6216 -0.1420
vn -0.7709 0.6265 -0.1148
vn -0.7900 0.6055 -0.0968
vn -0.7906 0.6082 -0.0714
vn -0.8083 0.5864 -0.0533
vn -0.8620 0.4048 -0.3051
vn -0.7298 0.4910 -0.4756
vn -0.7301 0.4928 -0.4734
vn -0.6274 0.5381 -0.5629
vn -0.6297 0.5469 -0.5517
vn -0.6032 0.5571 -0.5708
vn -0.6107 0.5859 -0.5328
vn -0.6413 0.5722 -0.5111
vn -0.6469 0.5988 -0.4722
vn -0.6748 0.5837 -0.4517
vn -0.6786 0.6071 -0.4134
vn -0.7040 0.5908 -0.3940
vn -0.7066 0.6110 -0.3568
vn -0.7299 0.5939 -0.3384
vn -0.7316 0.6109 -0.3026
vn -0.7530 0.5931 -0.2849
vn -0.7542 0.6069 -0.2507
vn -0.7740 0.5886 -0.2336
vn -0.7749 0.5993 -0.2011
vn -0.7932 0.5805 -0.1842
vn -0.7940 0.5883 -0.1533
vn -0.8108 0.5691 -0.1366
vn -0.8116 0.5742 -0.1075
vn -0.8271 0.5546 -0.0909
vn -0.8279 0.5573 -0.0633
vn -0.8421 0.5373 -0.0469
vn -0.9219 0.2692 -0.2786
vn -0.7705 0.3368 -0.5412
vn -0.7789 0.3804 -0.4987
vn -0.6579 0.4271 -0.6203
vn -0.6680 0.4623 -0.5831
vn -0.6223 0.4789 -0.6193
vn -0.6313 0.5096 -0.5846
vn -0.6607 0.4973 -0.5624
vn -0.6683 0.5275 -0.5245
vn -0.6998 0.5107 -0.4994
vn -0.7050 0.5339 -0.4668
vn -0.7407 0.5108 -0.4365
vn -0.7439 0.5248 -0.4138
vn -0.7662 0.5081 -0.3935
vn -0.7704 0.5272 -0.3585
vn -0.7790 0.5200 -0.3504
vn -0.7832 0.5447 -0.2998
vn -0.7949 0.5336 -0.2887
vn -0.7972 0.5518 -0.2450
vn -0.8139 0.5341 -0.2287
vn -0.8152 0.5453 -0.1951
vn -0.8304 0.5275 -0.1793
vn -0.8316 0.5356 -0.1470
vn -0.8454 0.5176 -0.1317
vn -0.8464 0.5229 -0.1008
vn -0.8589 0.5048 -0.0858
vn -0.8598 0.5076 -0.0564
vn -0.8710 0.4895 -0.0418
vn -0.9372 0.1807 -0.2983
vn -0.7671 0.2074 -0.6071
vn -0.7883 0.2834 -0.5461
vn -0.6558 0.3202 -0.6836
vn -0.6771 0.3815 -0.6293
vn -0.6346 0.3948 -0.6644
vn -0.6464 0.4292 -0.6308
vn -0.7059 0.4051 -0.5811
vn -0.7050 0.4030 -0.5836
vn -0.7716 0.3693 -0.5179
vn -0.7657 0.3596 -0.5333
vn -0.8109 0.3336 -0.4807
vn -0.8118 0.3347 -0.4785
vn -0.8317 0.3218 -0.4524
vn -0.8392 0.3309 -0.4316
vn -0.8420 0.3288 -0.4277
vn -0.8557 0.3467 -0.3842
vn -0.8450 0.3556 -0.3995
vn -0.8641 0.3867 -0.3222
vn -0.8405 0.4099 -0.3544
vn -0.8564 0.4512 -0.2509
vn -0.8437 0.4661 -0.2664
vn -0.8494 0.4927 -0.1890
vn -0.8620 0.4760 -0.1745
vn -0.8635 0.4843 -0.1410
vn -0.8747 0.4677 -0.1271
vn -0.8759 0.4731 -0.0949
vn -0.8859 0.4567 -0.0815
vn -0.8868 0.4594 -0.0505
vn -0.8956 0.4433 -0.0376
vn -0.9200 0.3901 0.0389
vn -0.9352 0.3336 0.1191
vn -0.9432 0.2986 0.1457
vn -0.9532 0.2677 0.1402
vn -0.9693 0.2266 0.0952
vn -0.9884 0.1504 -0.0184
vn -0.9632 -0.0156 -0.2682
vn -0.6348 -0.3449 -0.6914
vn -0.0037 -0.5535 -0.8328
vn 0.3357 -0.5749 -0.7462
vn 0.4803 -0.5749 -0.6624
vn 0.5462 -0.5879 -0.5967
vn 0.5686 -0.6243 -0.5357
vn 0.5453 -0.7016 -0.4586
vn 0.4153 -0.8559 -0.3082
vn -0.9243 0.3581 0.1320
vn -0.9210 0.3624 0.1428
vn -0.9341 0.3163 0.1654
vn -0.9271 0.3236 0.1891
vn -0.9172 0.3411 0.2059
vn -0.9146 0.3434 0.2134
vn -0.9426 0.2874 0.1698
vn -0.9314 0.2985 0.2084
vn -0.9232 0.3108 0.2260
vn -0.9144 0.3174 0.2513
vn -0.9069 0.3279 0.2645
vn -0.9040 0.3298 0.2720
vn -0.9539 0.2594 0.1508
vn -0.9402 0.2747 0.2013
vn -0.9294 0.2903 0.2278
vn -0.9141 0.3018 0.2709
vn -0.9086 0.3086 0.2816
vn -0.8963 0.3156 0.3114
vn -0.8938 0.3187 0.3156
vn -0.8888 0.3211 0.3270
vn -0.9711 0.2179 0.0973
vn -0.9591 0.2371 0.1545
vn -0.9401 0.2685 0.2100
vn -0.9212 0.2847 0.2652
vn -0.9111 0.2969 0.2859
vn -0.8912 0.3088 0.3322
vn -0.8898 0.3104 0.3346
vn -0.8737 0.3180 0.3682
vn -0.8774 0.3137 0.3630
vn -0.8701 0.3166 0.3779
vn -0.9906 0.1338 -0.0278
vn -0.9869 0.1578 0.0343
vn -0.9608 0.2288 0.1569
vn -0.9415 0.2513 0.2248
vn -0.9200 0.2802 0.2741
vn -0.8957 0.2966 0.3314
vn -0.8873 0.3057 0.3453
vn -0.8643 0.3171 0.3905
vn -0.8664 0.3148 0.3876
vn -0.8490 0.3218 0.4192
vn -0.8573 0.3111 0.4101
vn -0.8509 0.3133 0.4216
vn -0.9423 -0.0767 -0.3259
vn -0.9587 -0.0551 -0.2791
vn -0.9905 0.1356 0.0218
vn -0.9787 0.1713 0.1130
vn -0.9422 0.2432 0.2303
vn -0.9125 0.2688 0.3084
vn -0.8924 0.2926 0.3436
vn -0.8624 0.3088 0.4011
vn -0.8574 0.3144 0.4074
vn -0.8340 0.3241 0.4465
vn -0.8381 0.3187 0.4427
vn -0.8244 0.3235 0.4645
vn -0.8331 0.3075 0.4597
vn -0.8348 0.3071 0.4571
vn -0.3840 -0.4838 -0.7864
vn -0.3794 -0.4842 -0.7884
vn -0.9016 -0.1760 -0.3951
vn -0.9545 -0.1187 -0.2735
vn -0.9852 0.1386 0.1013
vn -0.9550 0.1895 0.2282
vn -0.9101 0.2596 0.3229
vn -0.8697 0.2857 0.4026
vn -0.8542 0.3047 0.4212
vn -0.8227 0.3186 0.4708
vn -0.8211 0.3209 0.4720
vn -0.8010 0.3281 0.5007
vn -0.8045 0.3193 0.5008
vn -0.8010 0.3204 0.5057
vn -0.8046 0.2984 0.5134
vn -0.8239 0.2934 0.4848
vn 0.2740 -0.5849 -0.7634
vn 0.2777 -0.5794 -0.7663
vn 0.0412 -0.5966 -0.8014
vn 0.0057 -0.6114 -0.7913
vn -0.7748 -0.3834 -0.5028
vn -0.9433 -0.2519 -0.2162
vn -0.9611 0.1415 0.2372
vn -0.8958 0.2096 0.3920
vn -0.8565 0.2746 0.4370
vn -0.8100 0.2980 0.5051
vn -0.8033 0.3134 0.5064
vn -0.7772 0.3232 0.5400
vn -0.7771 0.3238 0.5397
vn -0.7688 0.3264 0.5499
vn -0.7668 0.3137 0.5600
vn -0.7824 0.3093 0.5404
vn -0.7735 0.2781 0.5695
vn -0.8206 0.2676 0.5049
vn 0.5081 -0.5635 -0.6514
vn 0.5059 -0.5607 -0.6555
vn 0.4963 -0.5648 -0.6592
vn 0.5013 -0.5732 -0.6481
vn 0.4179 -0.6099 -0.6733
vn 0.4179 -0.6549 -0.6296
vn -0.2324 -0.7906 -0.5666
vn -0.7631 -0.6274 0.1548
vn -0.8673 0.1396 0.4778
vn -0.7688 0.2191 0.6007
vn -0.7703 0.2833 0.5713
vn -0.7329 0.3000 0.6107
vn -0.7391 0.3156 0.5951
vn -0.7269 0.3198 0.6077
vn -0.7264 0.3190 0.6088
vn -0.7391 0.3152 0.5954
vn -0.7258 0.2970 0.6205
vn -0.7728 0.2847 0.5672
vn -0.7443 0.2398 0.6233
vn -0.8279 0.2242 0.5142
vn 0.5970 -0.5548 -0.5795
vn 0.5968 -0.5548 -0.5797
vn 0.6209 -0.5367 -0.5714
vn 0.6319 -0.5423 -0.5537
vn 0.6365 -0.5380 -0.5526
vn 0.6636 -0.5515 -0.5054
vn 0.6451 -0.5757 -0.5024
vn 0.7011 -0.6125 -0.3651
vn 0.5548 -0.8197 -0.1422
vn 0.2498 -0.6030 0.7576
vn -0.6155 0.1309 0.7772
vn -0.5674 0.1983 0.7992
vn -0.6561 0.2792 0.7011
vn -0.6400 0.2876 0.7126
vn -0.6652 0.3075 0.6804
vn -0.6746 0.3040 0.6727
vn -0.6716 0.3017 0.6768
vn -0.7152 0.2881 0.6368
vn -0.6853 0.2609 0.6799
vn -0.7732 0.2384 0.5876
vn -0.7222 0.1738 0.6695
vn -0.8425 0.1571 0.5154
vn 0.6336 -0.5658 -0.5277
vn 0.6378 -0.5677 -0.5204
vn 0.6687 -0.5331 -0.5184
vn 0.6840 -0.5379 -0.4928
vn 0.6967 -0.5180 -0.4962
vn 0.7251 -0.5245 -0.4462
vn 0.7272 -0.5184 -0.4499
vn 0.7728 -0.5259 -0.3552
vn 0.7719 -0.5459 -0.3257
vn 0.8309 -0.5452 -0.1113
vn 0.7309 -0.5900 0.3432
vn 0.5000 -0.3612 0.7871
vn -0.3377 0.1107 0.9347
vn -0.3462 0.1529 0.9256
vn -0.5354 0.2598 0.8036
vn -0.5396 0.2562 0.8020
vn -0.5896 0.2847 0.7559
vn -0.6252 0.2681 0.7330
vn -0.6187 0.2639 0.7400
vn -0.7009 0.2351 0.6734
vn -0.6526 0.1944 0.7324
vn -0.7821 0.1622 0.6016
vn -0.7130 0.0742 0.6973
vn -0.8534 0.0646 0.5173
vn 0.6392 -0.6010 -0.4798
vn 0.6491 -0.6055 -0.4604
vn 0.6867 -0.5489 -0.4766
vn 0.7066 -0.5540 -0.4402
vn 0.7202 -0.5212 -0.4579
vn 0.7500 -0.5254 -0.4018
vn 0.7522 -0.5082 -0.4194
vn 0.7924 -0.5099 -0.3349
vn 0.7920 -0.5079 -0.3388
vn 0.8396 -0.5028 -0.2057
vn 0.8452 -0.5199 -0.1237
vn 0.8681 -0.4855 0.1033
vn 0.6719 -0.4001 0.6232
vn 0.5318 -0.2716 0.8021
vn -0.1636 0.0886 0.9825
vn -0.1654 0.0914 0.9820
vn -0.4311 0.2251 0.8738
vn -0.4446 0.1982 0.8735
vn -0.5230 0.2402 0.8178
vn -0.5857 0.2002 0.7854
vn -0.5767 0.1943 0.7935
vn -0.6971 0.1460 0.7019
vn -0.6342 0.0883 0.7681
vn -0.7888 0.0546 0.6122
vn -0.7134 -0.0487 0.6991
vn -0.8420 -0.0457 0.5375
vn 0.6057 -0.6776 -0.4172
vn 0.6224 -0.6868 -0.3755
vn 0.6823 -0.5898 -0.4320
vn 0.7080 -0.5966 -0.3779
vn 0.7260 -0.5434 -0.4216
vn 0.7588 -0.5471 -0.3534
vn 0.7605 -0.5183 -0.3912
vn 0.7993 -0.5181 -0.3044
vn 0.7964 -0.5061 -0.3311
vn 0.8383 -0.4999 -0.2175
vn 0.8397 -0.5025 -0.2057
vn 0.8736 -0.4837 -0.0538
vn 0.8673 -0.4865 0.1058
vn 0.8520 -0.4374 0.2877
vn 0.5567 -0.2796 0.7823
vn 0.5122 -0.2404 0.8246
vn -0.0894 0.0646 0.9939
vn -0.0502 0.0151 0.9986
vn -0.3602 0.1714 0.9170
vn -0.3733 0.1056 0.9217
vn -0.4754 0.1634 0.8645
vn -0.5635 0.0919 0.8210
vn -0.5502 0.0821 0.8310
vn -0.6955 0.0222 0.7182
vn -0.6256 -0.0505 0.7785
vn -0.7721 -0.0705 0.6316
vn -0.7053 -0.1665 0.6890
vn -0.7864 -0.1584 0.5971
vn 0.4677 -0.8360 -0.2869
vn 0.4857 -0.8521 -0.1950
vn 0.6394 -0.6774 -0.3638
vn 0.6715 -0.6878 -0.2756
vn 0.7119 -0.5941 -0.3746
vn 0.7497 -0.5984 -0.2827
vn 0.7562 -0.5491 -0.3559
vn 0.7967 -0.5480 -0.2548
vn 0.7931 -0.5244 -0.3099
vn 0.8334 -0.5172 -0.1946
vn 0.8308 -0.5110 -0.2205
vn 0.8644 -0.4952 -0.0868
vn 0.8657 -0.4990 -0.0386
vn 0.8764 -0.4694 0.1076
vn 0.8232 -0.4433 0.3547
vn 0.7956 -0.4055 0.4502
vn 0.4156 -0.2077 0.8855
vn 0.4574 -0.2458 0.8546
vn -0.0827 0.0266 0.9962
vn -0.0129 -0.0776 0.9969
vn -0.3239 0.0880 0.9420
vn -0.3481 -0.0187 0.9373
vn -0.4457 0.0436 0.8941
vn -0.5580 -0.0446 0.8286
vn -0.5315 -0.0672 0.8444
vn -0.6753 -0.1115 0.7291
vn -0.6103 -0.1874 0.7697
vn -0.7096 -0.1894 0.6787
vn -0.6687 -0.2568 0.6977
vn -0.6725 -0.2563 0.6943
vn -0.5750 -0.3253 0.7507
vn -0.4883 -0.3555 0.7970
vn -0.3995 -0.3751 0.8365
vn -0.3106 -0.3839 0.8695
vn -0.2243 -0.3837 0.8958
vn -0.1432 -0.3775 0.9149
vn -0.0697 -0.3695 0.9266
vn -0.0048 -0.3636 0.9315
vn 0.0518 -0.3628 0.9304
vn 0.1010 -0.3685 0.9241
vn 0.1441 -0.3805 0.9135
vn 0.1824 -0.3982 0.8990
vn 0.2168 -0.4200 0.8812
vn 0.2478 -0.4445 0.8608
vn 0.2758 -0.4704 0.8383
vn -0.4769 -0.3717 0.7965
vn -0.4687 -0.3702 0.8020
vn -0.3848 -0.3994 0.8321
vn -0.3723 -0.3969 0.8390
vn -0.3622 -0.4105 0.8368
vn -0.3293 -0.4045 0.8532
vn -0.2961 -0.4148 0.8604
vn -0.2772 -0.4103 0.8688
vn -0.2636 -0.4339 0.8615
vn -0.2278 -0.4263 0.8754
vn -0.2216 -0.4355 0.8725
vn -0.1609 -0.4230 0.8917
vn -0.2126 -0.4187 0.8829
vn -0.1850 -0.4109 0.8927
vn -0.1721 -0.4433 0.8797
vn -0.1310 -0.4325 0.8921
vn -0.1210 -0.4543 0.8826
vn -0.0600 -0.4390 0.8965
vn -0.0574 -0.4445 0.8939
vn 0.0274 -0.4234 0.9056
vn -0.1356 -0.4136 0.9003
vn -0.0984 -0.4010 0.9108
vn -0.0890 -0.4393 0.8939
vn -0.0401 -0.4238 0.9049
vn -0.0315 -0.4570 0.8889
vn 0.0334 -0.4370 0.8988
vn 0.0385 -0.4579 0.8882
vn 0.1226 -0.4321 0.8934
vn 0.1234 -0.4370 0.8910
vn 0.2269 -0.4042 0.8861
vn -0.0660 -0.4030 0.9128
vn -0.0201 -0.3854 0.9225
vn -0.0153 -0.4252 0.9050
vn 0.0416 -0.4039 0.9138
vn 0.0462 -0.4446 0.8945
vn 0.1173 -0.4184 0.9007
vn 0.1199 -0.4532 0.8833
vn 0.2074 -0.4205 0.8833
vn 0.2070 -0.4433 0.8721
vn 0.3106 -0.4031 0.8608
vn 0.3092 -0.4117 0.8573
vn 0.4271 -0.3630 0.8281
vn -0.0038 -0.3915 0.9202
vn 0.0479 -0.3694 0.9281
vn 0.0491 -0.4060 0.9126
vn 0.1117 -0.3793 0.9185
vn 0.1124 -0.4217 0.8997
vn 0.1884 -0.3891 0.9017
vn 0.1871 -0.4321 0.8822
vn 0.2779 -0.3920 0.8770
vn 0.2738 -0.4298 0.8604
vn 0.3790 -0.3808 0.8434
vn 0.3726 -0.4087 0.8331
vn 0.4894 -0.3500 0.7987
vn 0.4835 -0.3664 0.7950
vn 0.6077 -0.2974 0.7363
vn 0.0513 -0.3833 0.9222
vn 0.1058 -0.3578 0.9278
vn 0.1051 -0.3874 0.9159
vn 0.1699 -0.3569 0.9185
vn 0.1682 -0.3948 0.9033
vn 0.2453 -0.3577 0.9010
vn 0.2417 -0.4010 0.8836
vn 0.3322 -0.3557 0.8736
vn 0.3256 -0.4001 0.8567
vn 0.4290 -0.3448 0.8349
vn 0.4194 -0.3855 0.8219
vn 0.5327 -0.3193 0.7838
vn 0.5216 -0.3525 0.7769
vn 0.6405 -0.2746 0.7172
vn 0.6301 -0.2991 0.7166
vn 0.7484 -0.2094 0.6294
vn 0.1002 -0.3808 0.9192
vn 0.1549 -0.3536 0.9225
vn 0.1535 -0.3741 0.9146
vn 0.2175 -0.3418 0.9142
vn 0.2152 -0.3708 0.9034
vn 0.2898 -0.3319 0.8977
vn 0.2858 -0.3684 0.8847
vn 0.3718 -0.3213 0.8710
vn 0.3653 -0.3628 0.8573
vn 0.4598 -0.3073 0.8332
vn 0.4490 -0.3481 0.8229
vn 0.5556 -0.2805 0.7827
vn 0.5349 -0.3196 0.7821
vn 0.6696 -0.2282 0.7068
vn 0.6378 -0.2742 0.7198
vn 0.7719 -0.1711 0.6123
vn 0.7461 -0.2089 0.6322
vn 0.8478 -0.1146 0.5177
vn 0.1437 -0.3856 0.9114
vn 0.1970 -0.3578 0.9128
vn 0.1959 -0.3690 0.9085
vn 0.2570 -0.3365 0.9059
vn 0.2551 -0.3548 0.8994
vn 0.3249 -0.3164 0.8913
vn 0.3218 -0.3419 0.8829
vn 0.3917 -0.3016 0.8693
vn 0.3870 -0.3255 0.8627
vn 0.4071 -0.3138 0.8578
vn 0.4180 -0.2958 0.8589
vn 0.4712 -0.2672 0.8406
vn 0.4883 -0.2495 0.8363
vn 0.5936 -0.1901 0.7820
vn 0.6002 -0.1835 0.7785
vn 0.7131 -0.1108 0.6923
vn 0.7012 -0.1239 0.7021
vn 0.8030 -0.0465 0.5942
vn 0.7816 -0.0750 0.6192
vn 0.8635 0.0003 0.5044
vn 0.1826 -0.3972 0.8994
vn 0.2337 -0.3696 0.8993
vn 0.2333 -0.3728 0.8981
vn 0.2907 -0.3410 0.8940
vn 0.2897 -0.3492 0.8911
vn 0.3539 -0.3125 0.8815
vn 0.3522 -0.3263 0.8772
vn 0.3352 -0.3359 0.8802
vn 0.3548 -0.2878 0.8895
vn 0.1993 -0.3611 0.9110
vn 0.3223 -0.2435 0.9148
vn 0.2242 -0.2849 0.9320
vn 0.4106 -0.1477 0.8998
vn 0.3830 -0.1598 0.9098
vn 0.5349 -0.0491 0.8435
vn 0.5643 -0.0352 0.8248
vn 0.6299 0.0168 0.7765
vn 0.6985 0.0518 0.7137
vn 0.6979 0.0512 0.7144
vn 0.7848 0.1000 0.6117
vn 0.7542 0.0668 0.6532
vn 0.8409 0.1232 0.5270
vn 0.2176 -0.4147 0.8836
vn 0.2662 -0.3876 0.8825
vn 0.2667 -0.3845 0.8838
vn 0.3203 -0.3540 0.8787
vn 0.3203 -0.3539 0.8787
vn 0.3739 -0.3225 0.8696
vn 0.3742 -0.3209 0.8701
vn 0.1882 -0.4172 0.8891
vn 0.2715 -0.2924 0.9170
vn -0.1071 -0.4330 0.8950
vn 0.1731 -0.2336 0.9568
vn -0.1425 -0.3384 0.9302
vn 0.2694 -0.0985 0.9580
vn 0.0534 -0.1759 0.9830
vn 0.4220 0.0344 0.9059
vn 0.3402 0.0042 0.9403
vn 0.5388 0.1210 0.8337
vn 0.5553 0.1269 0.8219
vn 0.6170 0.1654 0.7694
vn 0.6820 0.1875 0.7069
vn 0.6741 0.1820 0.7159
vn 0.7590 0.2113 0.6158
vn 0.7231 0.1817 0.6664
vn 0.8117 0.2161 0.5426
vn 0.2491 -0.4364 0.8646
vn 0.2955 -0.4101 0.8629
vn 0.2966 -0.4026 0.8660
vn 0.3469 -0.3735 0.8604
vn 0.3478 -0.3672 0.8627
vn 0.3824 -0.3467 0.8565
vn 0.3857 -0.3281 0.8623
vn 0.0297 -0.4914 0.8704
vn 0.1465 -0.3578 0.9222
vn -0.3880 -0.5041 0.7716
vn -0.0646 -0.3111 0.9482
vn -0.4942 -0.4140 0.7644
vn -0.0058 -0.1644 0.9864
vn -0.3548 -0.2704 0.8950
vn 0.2035 0.0120 0.9790
vn 0.0102 -0.0531 0.9985
vn 0.4011 0.1441 0.9046
vn 0.3705 0.1346 0.9190
vn 0.5324 0.2166 0.8183
vn 0.5745 0.2279 0.7862
vn 0.6153 0.2495 0.7478
vn 0.6817 0.2648 0.6821
vn 0.6723 0.2593 0.6934
vn 0.7463 0.2754 0.6060
vn 0.7179 0.2553 0.6476
vn 0.7938 0.2730 0.5434
vn 0.2774 -0.4608 0.8430
vn 0.3218 -0.4351 0.8409
vn 0.3234 -0.4251 0.8454
vn 0.3709 -0.3972 0.8395
vn 0.3725 -0.3869 0.8435
vn 0.3986 -0.3714 0.8386
vn 0.4013 -0.3571 0.8434
vn -0.0582 -0.5511 0.8324
vn 0.0220 -0.4690 0.8829
vn -0.5580 -0.5606 0.6119
vn -0.3607 -0.4583 0.8123
vn -0.7083 -0.4777 0.5196
vn -0.4236 -0.3451 0.8376
vn -0.6891 -0.3899 0.6109
vn -0.2277 -0.1628 0.9600
vn -0.4597 -0.2335 0.8568
vn 0.1223 0.0537 0.9910
vn 0.0426 0.0276 0.9987
vn 0.3982 0.1982 0.8956
vn 0.4315 0.2074 0.8779
vn 0.5525 0.2653 0.7902
vn 0.6097 0.2776 0.7424
vn 0.6383 0.2923 0.7121
vn 0.6965 0.3021 0.6509
vn 0.6920 0.2994 0.6569
vn 0.7486 0.3076 0.5874
vn 0.7326 0.2960 0.6129
vn 0.7895 0.3042 0.5330
vn 0.3030 -0.4865 0.8195
vn 0.3456 -0.4615 0.8171
vn 0.3476 -0.4502 0.8225
vn 0.3927 -0.4233 0.8165
vn 0.3947 -0.4108 0.8218
vn 0.4282 -0.3906 0.8149
vn 0.4284 -0.3894 0.8153
vn -0.0442 -0.5864 0.8088
vn -0.0487 -0.5910 0.8052
vn -0.6232 -0.6097 0.4898
vn -0.5741 -0.5889 0.5689
vn -0.7932 -0.5216 0.3142
vn -0.7240 -0.4959 0.4795
vn -0.8316 -0.4624 0.3077
vn -0.7003 -0.4003 0.5911
vn -0.7941 -0.4021 0.4558
vn -0.4455 -0.2225 0.8672
vn -0.5359 -0.2489 0.8068
vn 0.0740 0.0557 0.9957
vn 0.1080 0.0667 0.9919
vn 0.4352 0.2253 0.8717
vn 0.5057 0.2433 0.8277
vn 0.5968 0.2893 0.7484
vn 0.6538 0.2996 0.6948
vn 0.6756 0.3122 0.6679
vn 0.7213 0.3180 0.6153
vn 0.7214 0.3181 0.6152
vn 0.7623 0.3221 0.5614
vn 0.7559 0.3163 0.5732
vn 0.7949 0.3197 0.5156
vn 0.8035 0.3263 0.4979
vn 0.8127 0.3287 0.4811
vn 0.8326 0.3216 0.4510
vn 0.8661 0.3017 0.3985
vn 0.9188 0.2572 0.2994
vn 0.9835 0.1536 0.0952
vn 0.9517 -0.0737 -0.2981
vn 0.6371 -0.3451 -0.6892
vn 0.3397 -0.4759 -0.8112
vn 0.2503 -0.5335 -0.8079
vn 0.3651 -0.5718 -0.7347
vn 0.6945 -0.5346 -0.4815
vn 0.9443 -0.3283 -0.0213
vn 0.9484 -0.3091 0.0705
vn 0.9333 -0.3573 0.0346
vn 0.8194 0.3225 0.4739
vn 0.8248 0.3242 0.4632
vn 0.8303 0.3236 0.4537
vn 0.8358 0.3257 0.4420
vn 0.8438 0.3190 0.4314
vn 0.8469 0.3205 0.4242
vn 0.8527 0.3144 0.4173
vn 0.8574 0.3176 0.4050
vn 0.8557 0.3190 0.4075
vn 0.8583 0.3208 0.4005
vn 0.8655 0.3149 0.3895
vn 0.8701 0.3189 0.3757
vn 0.8889 0.2907 0.3540
vn 0.8910 0.2967 0.3438
vn 0.8779 0.3089 0.3659
vn 0.8798 0.3117 0.3587
vn 0.8781 0.3132 0.3617
vn 0.8809 0.3169 0.3516
vn 0.8841 0.3141 0.3460
vn 0.8907 0.3264 0.3164
vn 0.9409 0.2395 0.2393
vn 0.9377 0.2529 0.2383
vn 0.9115 0.2846 0.2969
vn 0.9114 0.2900 0.2919
vn 0.8997 0.3019 0.3154
vn 0.9007 0.3067 0.3077
vn 0.8978 0.3095 0.3134
vn 0.9008 0.3207 0.2928
vn 0.8985 0.3230 0.2972
vn 0.9028 0.3508 0.2489
vn 0.9916 0.1274 0.0219
vn 0.9853 0.1631 0.0510
vn 0.9544 0.2362 0.1828
vn 0.9509 0.2478 0.1854
vn 0.9297 0.2771 0.2426
vn 0.9284 0.2847 0.2388
vn 0.9185 0.2962 0.2620
vn 0.9181 0.3083 0.2491
vn 0.9135 0.3136 0.2590
vn 0.9137 0.3392 0.2240
vn 0.9077 0.3475 0.2352
vn 0.9012 0.4070 0.1488
vn 0.9355 -0.0916 -0.3413
vn 0.9686 -0.0045 -0.2487
vn 0.9896 0.1439 -0.0027
vn 0.9853 0.1696 0.0187
vn 0.9638 0.2315 0.1322
vn 0.9602 0.2441 0.1359
vn 0.9444 0.2707 0.1866
vn 0.9413 0.2848 0.1813
vn 0.9331 0.2969 0.2029
vn 0.9296 0.3217 0.1797
vn 0.9243 0.3303 0.1911
vn 0.9150 0.3854 0.1192
vn 0.9093 0.3970 0.1247
vn 0.8840 0.4673 0.0129
vn 0.6685 -0.3360 -0.6635
vn 0.8026 -0.2162 -0.5560
vn 0.9659 -0.0087 -0.2589
vn 0.9767 0.0400 -0.2108
vn 0.9876 0.1552 -0.0215
vn 0.9847 0.1741 -0.0087
vn 0.9700 0.2280 0.0843
vn 0.9661 0.2433 0.0859
vn 0.9545 0.2693 0.1278
vn 0.9494 0.2924 0.1144
vn 0.9428 0.3066 0.1311
vn 0.9316 0.3562 0.0720
vn 0.9277 0.3657 0.0756
vn 0.9091 0.4166 -0.0094
vn 0.8927 0.4505 -0.0114
vn 0.8831 0.4673 -0.0406
vn 0.4432 -0.4737 -0.7611
vn 0.6163 -0.3658 -0.6974
vn 0.8567 -0.1837 -0.4819
vn 0.8952 -0.1213 -0.4289
vn 0.9800 0.0472 -0.1936
vn 0.9815 0.0665 -0.1796
vn 0.9858 0.1644 -0.0352
vn 0.9841 0.1747 -0.0325
vn 0.9730 0.2273 0.0392
vn 0.9694 0.2434 0.0322
vn 0.9604 0.2722 0.0596
vn 0.9510 0.3087 0.0149
vn 0.9442 0.3287 0.0194
vn 0.9321 0.3603 -0.0359
vn 0.9170 0.3970 -0.0377
vn 0.9083 0.4130 -0.0663
vn 0.8918 0.4473 -0.0682
vn 0.8819 0.4618 -0.0944
vn 0.4344 -0.5466 -0.7159
vn 0.5906 -0.4396 -0.6767
vn 0.7779 -0.3077 -0.5479
vn 0.8204 -0.2497 -0.5145
vn 0.9494 -0.0657 -0.3071
vn 0.9510 -0.0586 -0.3035
vn 0.9871 0.0853 -0.1358
vn 0.9875 0.0784 -0.1366
vn 0.9844 0.1705 -0.0425
vn 0.9849 0.1683 -0.0412
vn 0.9743 0.2253 -0.0081
vn 0.9698 0.2417 -0.0335
vn 0.9595 0.2801 -0.0315
vn 0.9519 0.2992 -0.0663
vn 0.9387 0.3381 -0.0678
vn 0.9302 0.3540 -0.0974
vn 0.9159 0.3890 -0.0992
vn 0.9072 0.4020 -0.1237
vn 0.8901 0.4381 -0.1257
vn 0.8808 0.4499 -0.1479
vn 0.6722 -0.5520 -0.4934
vn 0.7628 -0.4329 -0.4804
vn 0.8424 -0.3452 -0.4137
vn 0.8647 -0.2960 -0.4057
vn 0.9507 -0.1378 -0.2777
vn 0.9495 -0.1460 -0.2779
vn 0.9878 0.0133 -0.1554
vn 0.9896 -0.0166 -0.1432
vn 0.9913 0.1090 -0.0743
vn 0.9933 0.0981 -0.0611
vn 0.9855 0.1612 -0.0539
vn 0.9796 0.1797 -0.0897
vn 0.9752 0.2001 -0.0946
vn 0.9630 0.2242 -0.1497
vn 0.9595 0.2357 -0.1542
vn 0.9470 0.2526 -0.1987
vn 0.9404 0.2698 -0.2069
vn 0.9330 0.2776 -0.2290
vn 0.9200 0.3077 -0.2429
vn 0.9202 0.3075 -0.2422
vn 0.8965 0.3578 -0.2611
vn 0.9053 0.3501 -0.2406
vn 0.9341 -0.3560 -0.0268
vn 0.9540 -0.2879 -0.0843
vn 0.9644 -0.2536 -0.0751
vn 0.9700 -0.2206 -0.1025
vn 0.9883 -0.1313 -0.0778
vn 0.9884 -0.1281 -0.0812
vn 0.9978 -0.0282 -0.0607
vn 0.9983 -0.0422 -0.0404
vn 0.9981 0.0402 -0.0476
vn 0.9977 0.0429 -0.0531
vn 0.9933 0.0872 -0.0761
vn 0.9868 0.1052 -0.1234
vn 0.9808 0.1304 -0.1447
vn 0.9695 0.1466 -0.1965
vn 0.9632 0.1633 -0.2136
vn 0.9519 0.1737 -0.2522
vn 0.9444 0.1892 -0.2689
vn 0.9376 0.1941 -0.2886
vn 0.9272 0.2131 -0.3081
vn 0.9266 0.2135 -0.3096
vn 0.9120 0.2396 -0.3330
vn 0.9177 0.2363 -0.3194
vn 0.8971 0.2739 -0.3467
vn 0.9087 0.2671 -0.3207
vn 0.9578 -0.2786 0.0701
vn 0.9658 -0.2567 0.0364
vn 0.9742 -0.2228 0.0359
vn 0.9798 -0.1999 -0.0000
vn 0.9867 -0.1629 -0.0005
vn 0.9868 -0.1619 -0.0020
vn 0.9961 -0.0871 -0.0138
vn 0.9925 -0.1151 0.0415
vn 0.9997 -0.0213 -0.0151
vn 0.9995 -0.0299 0.0069
vn 0.9976 0.0337 -0.0602
vn 0.9953 0.0421 -0.0869
vn 0.9871 0.0800 -0.1385
vn 0.9788 0.0917 -0.1829
vn 0.9693 0.1145 -0.2178
vn 0.9587 0.1232 -0.2563
vn 0.9492 0.1398 -0.2821
vn 0.9413 0.1444 -0.3051
vn 0.9309 0.1602 -0.3284
vn 0.9282 0.1615 -0.3352
vn 0.9159 0.1797 -0.3590
vn 0.9187 0.1784 -0.3524
vn 0.9038 0.2014 -0.3777
vn 0.9113 0.1982 -0.3610
vn 0.8928 0.2288 -0.3881
vn 0.9042 0.2237 -0.3638
vn 0.9432 -0.3305 0.0343
vn 0.9512 -0.3085 0.0004
vn 0.9606 -0.2781 0.0001
vn 0.9640 -0.2652 -0.0203
vn 0.9766 -0.2139 -0.0232
vn 0.9576 -0.2750 0.0859
vn 0.9897 -0.1408 0.0244
vn 0.9620 -0.2058 0.1792
vn 0.9946 -0.0863 0.0575
vn 0.9842 -0.1130 0.1363
vn 0.9997 -0.0245 0.0078
vn 0.9996 -0.0253 0.0108
vn 0.9957 0.0308 -0.0876
vn 0.9915 0.0396 -0.1242
vn 0.9797 0.0724 -0.1871
vn 0.9701 0.0809 -0.2287
vn 0.9579 0.1015 -0.2686
vn 0.9484 0.1068 -0.2986
vn 0.9368 0.1226 -0.3276
vn 0.9312 0.1250 -0.3424
vn 0.9194 0.1402 -0.3674
vn 0.9188 0.1404 -0.3688
vn 0.9061 0.1575 -0.3926
vn 0.9100 0.1562 -0.3842
vn 0.8959 0.1768 -0.4076
vn 0.9031 0.1744 -0.3924
vn 0.8870 0.2007 -0.4160
vn 0.8968 0.1972 -0.3961
vn 0.9256 -0.3785 0.0002
vn 0.9337 -0.3564 -0.0339
vn 0.9435 -0.3296 -0.0341
vn 0.9340 -0.3570 0.0108
vn 0.9663 -0.2575 -0.0087
vn 0.8966 -0.3735 0.2378
vn 0.9675 -0.2221 0.1210
vn 0.8786 -0.3086 0.3645
vn 0.9693 -0.1681 0.1797
vn 0.9181 -0.2138 0.3337
vn 0.9867 -0.0972 0.1306
vn 0.9772 -0.1105 0.1814
vn 0.9996 -0.0275 0.0118
vn 0.9997 -0.0227 -0.0094
vn 0.9923 0.0278 -0.1208
vn 0.9855 0.0365 -0.1657
vn 0.9707 0.0658 -0.2310
vn 0.9599 0.0724 -0.2706
vn 0.9462 0.0913 -0.3104
vn 0.9371 0.0951 -0.3360
vn 0.9249 0.1099 -0.3640
vn 0.9200 0.1115 -0.3757
vn 0.9084 0.1259 -0.3987
vn 0.9080 0.1260 -0.3995
vn 0.8962 0.1419 -0.4203
vn 0.8995 0.1410 -0.4135
vn 0.8871 0.1598 -0.4330
vn 0.8930 0.1582 -0.4214
vn 0.8794 0.1815 -0.4402
vn 0.8869 0.1793 -0.4256
vn 0.8635 0.1746 -0.4732
vn 0.8526 0.1486 -0.5010
vn 0.8354 0.1262 -0.5349
vn 0.8100 0.1056 -0.5768
vn 0.7730 0.0852 -0.6286
vn 0.7186 0.0625 -0.6927
vn 0.6355 0.0337 -0.7713
vn 0.5034 -0.0076 -0.8640
vn 0.2872 -0.0716 -0.9552
vn -0.0419 -0.1635 -0.9856
vn -0.4176 -0.2616 -0.8702
vn -0.6858 -0.3306 -0.6483
vn -0.8122 -0.3747 -0.4471
vn -0.8516 -0.4166 -0.3181
vn -0.8410 -0.4723 -0.2640
vn 0.8633 0.1746 -0.4735
vn 0.8457 0.1849 -0.5005
vn 0.8477 0.1474 -0.5097
vn 0.8317 0.1553 -0.5331
vn 0.8465 0.1852 -0.4992
vn 0.8200 0.2026 -0.5353
vn 0.8240 0.1236 -0.5530
vn 0.8087 0.1300 -0.5737
vn 0.8254 0.1537 -0.5432
vn 0.8029 0.1661 -0.5725
vn 0.8214 0.2030 -0.5330
vn 0.7779 0.2350 -0.5827
vn 0.7894 0.1012 -0.6055
vn 0.7743 0.1067 -0.6237
vn 0.7932 0.1264 -0.5956
vn 0.7735 0.1356 -0.6191
vn 0.7943 0.1636 -0.5851
vn 0.7605 0.1845 -0.6226
vn 0.7802 0.2360 -0.5793
vn 0.6984 0.3018 -0.6490
vn 0.7392 0.0782 -0.6690
vn 0.7244 0.0830 -0.6843
vn 0.7463 0.1006 -0.6580
vn 0.7290 0.1074 -0.6760
vn 0.7519 0.1300 -0.6463
vn 0.7256 0.1437 -0.6730
vn 0.7485 0.1803 -0.6382
vn 0.6893 0.2211 -0.6899
vn 0.6972 0.3010 -0.6506
vn 0.6311 0.3564 -0.6890
vn 0.6656 0.0519 -0.7445
vn 0.6518 0.0562 -0.7563
vn 0.6792 0.0736 -0.7303
vn 0.6648 0.0787 -0.7428
vn 0.6907 0.0984 -0.7164
vn 0.6713 0.1070 -0.7334
vn 0.6960 0.1346 -0.7053
vn 0.6565 0.1575 -0.7377
vn 0.6750 0.2136 -0.7062
vn 0.6193 0.2568 -0.7420
vn 0.6100 0.3375 -0.7169
vn 0.7014 0.2586 -0.6642
vn 0.5566 0.0183 -0.8306
vn 0.5450 0.0224 -0.8381
vn 0.5842 0.0428 -0.8105
vn 0.5739 0.0464 -0.8176
vn 0.6057 0.0658 -0.7930
vn 0.5939 0.0704 -0.8014
vn 0.6207 0.0931 -0.7785
vn 0.5989 0.1039 -0.7940
vn 0.6206 0.1422 -0.7711
vn 0.6074 0.1511 -0.7799
vn 0.6018 0.2420 -0.7611
vn 0.7609 0.1183 -0.6380
vn 0.7391 0.2972 -0.6046
vn 0.9008 0.1183 -0.4178
vn 0.3942 -0.0283 -0.9186
vn 0.3863 -0.0243 -0.9220
vn 0.4518 0.0044 -0.8921
vn 0.4470 0.0064 -0.8945
vn 0.4915 0.0291 -0.8704
vn 0.4887 0.0302 -0.8719
vn 0.5204 0.0519 -0.8523
vn 0.5170 0.0534 -0.8543
vn 0.5406 0.0828 -0.8372
vn 0.5719 0.0650 -0.8178
vn 0.5729 0.1269 -0.8097
vn 0.7707 -0.0082 -0.6372
vn 0.7610 0.1184 -0.6379
vn 0.9563 -0.0924 -0.2773
vn 0.9371 0.2175 -0.2730
vn 0.9573 -0.1740 0.2310
vn 0.1599 -0.0940 -0.9826
vn 0.1567 -0.0900 -0.9835
vn 0.2732 -0.0453 -0.9609
vn 0.2741 -0.0458 -0.9606
vn 0.3446 -0.0142 -0.9387
vn 0.3513 -0.0172 -0.9361
vn 0.3946 0.0081 -0.9188
vn 0.4064 0.0029 -0.9137
vn 0.4295 0.0255 -0.9027
vn 0.4944 -0.0077 -0.8692
vn 0.4992 0.0244 -0.8662
vn 0.6576 -0.0768 -0.7494
vn 0.6587 -0.1078 -0.7446
vn 0.8940 -0.2795 -0.3501
vn 0.9118 -0.1838 -0.3673
vn 0.8847 -0.3567 0.3002
vn 0.9516 -0.1088 0.2874
vn 0.8323 -0.2747 0.4814
vn -0.1381 -0.1775 -0.9744
vn -0.1375 -0.1739 -0.9751
vn 0.0499 -0.1085 -0.9928
vn 0.0534 -0.1130 -0.9922
vn 0.1670 -0.0664 -0.9837
vn 0.1812 -0.0752 -0.9806
vn 0.2470 -0.0406 -0.9682
vn 0.2748 -0.0540 -0.9600
vn 0.3085 -0.0259 -0.9509
vn 0.3831 -0.0613 -0.9217
vn 0.3839 -0.0588 -0.9215
vn 0.4518 -0.1022 -0.8863
vn 0.4562 -0.2127 -0.8641
vn 0.6854 -0.3598 -0.6331
vn 0.6391 -0.5355 -0.5520
vn 0.8177 -0.5543 -0.1550
vn 0.5832 -0.8118 -0.0287
vn 0.5813 -0.8127 -0.0398
vn 0.6200 -0.7834 -0.0438
vn 0.6118 -0.7851 0.0967
vn -0.4308 -0.2626 -0.8634
vn -0.4288 -0.2598 -0.8652
vn -0.1927 -0.1820 -0.9642
vn -0.1922 -0.1924 -0.9623
vn -0.0272 -0.1276 -0.9915
vn -0.0113 -0.1451 -0.9894
vn 0.0883 -0.0952 -0.9915
vn 0.1280 -0.1194 -0.9846
vn 0.1785 -0.0807 -0.9806
vn 0.2565 -0.1191 -0.9592
vn 0.2586 -0.1144 -0.9592
vn 0.3210 -0.1523 -0.9347
vn 0.3214 -0.1788 -0.9299
vn 0.3380 -0.1906 -0.9216
vn 0.3133 -0.5671 -0.7618
vn 0.4997 -0.6536 -0.5685
vn 0.3452 -0.8860 -0.3095
vn 0.6779 -0.7243 0.1259
vn 0.7231 -0.6897 0.0376
vn 0.8088 -0.5144 0.2849
vn 0.8693 -0.4534 0.1968
vn 0.6736 -0.3574 -0.6470
vn -0.6359 -0.3331 -0.6962
vn -0.6345 -0.3314 -0.6983
vn -0.4060 -0.2575 -0.8768
vn -0.4112 -0.2743 -0.8693
vn -0.2118 -0.1955 -0.9576
vn -0.2000 -0.2244 -0.9538
vn -0.0640 -0.1558 -0.9857
vn -0.0175 -0.1946 -0.9807
vn 0.0562 -0.1385 -0.9888
vn 0.1567 -0.1934 -0.9685
vn 0.1767 -0.1525 -0.9724
vn 0.2339 -0.1806 -0.9553
vn 0.2334 -0.2026 -0.9510
vn 0.1749 -0.1638 -0.9709
vn 0.1738 -0.2764 -0.9452
vn 0.1643 -0.2693 -0.9489
vn 0.1174 -0.8000 -0.5884
vn 0.2007 -0.8264 -0.5261
vn 0.0927 -0.9680 0.2334
vn 0.2987 -0.8904 0.3435
vn 0.3071 -0.9191 0.2470
vn -0.0345 -0.9982 0.0495
vn -0.0924 -0.9370 -0.3369
vn -0.6864 -0.4860 -0.5410
vn -0.7376 -0.3926 -0.5493
vn -0.7373 -0.3920 -0.5502
vn -0.5494 -0.3297 -0.7677
vn -0.5578 -0.3521 -0.7516
vn -0.3548 -0.2670 -0.8960
vn -0.3477 -0.3089 -0.8853
vn -0.1866 -0.2218 -0.9571
vn -0.1355 -0.2788 -0.9507
vn -0.0400 -0.2005 -0.9789
vn 0.0843 -0.2761 -0.9574
vn 0.1129 -0.2115 -0.9708
vn 0.1722 -0.2392 -0.9556
vn 0.1729 -0.2161 -0.9609
vn 0.1144 -0.1877 -0.9755
vn 0.1143 -0.1971 -0.9737
vn 0.0432 -0.1509 -0.9876
vn 0.0417 -0.3360 -0.9409
vn -0.0100 -0.2996 -0.9540
vn 0.0211 -0.8866 -0.4620
vn -0.1421 -0.8368 -0.5288
vn 0.0588 -0.8938 0.4447
vn -0.4809 -0.8318 0.2772
vn -0.4619 -0.8322 0.3066
vn -0.7149 -0.6263 0.3108
vn -0.8091 -0.5288 0.2564
vn -0.4755 -0.8720 0.1161
vn -0.7595 -0.4552 -0.4647
vn -0.7599 -0.4561 -0.4631
vn -0.6099 -0.4015 -0.6833
vn -0.6170 -0.4294 -0.6595
vn -0.4307 -0.3411 -0.8355
vn -0.4219 -0.3963 -0.8155
vn -0.2557 -0.2924 -0.9215
vn -0.1936 -0.3696 -0.9088
vn -0.0889 -0.2664 -0.9597
vn 0.0547 -0.3567 -0.9326
vn 0.0808 -0.2775 -0.9573
vn 0.1202 -0.2958 -0.9477
vn 0.1213 -0.2676 -0.9559
vn 0.0682 -0.2438 -0.9674
vn 0.0681 -0.2137 -0.9745
vn 0.0085 -0.1861 -0.9825
vn 0.0080 -0.1710 -0.9852
vn -0.0477 -0.1408 -0.9889
vn -0.0351 -0.3182 -0.9474
vn -0.1483 -0.2592 -0.9544
vn -0.0377 -0.7972 -0.6025
vn -0.3291 -0.7163 -0.6153
vn -0.0053 -0.9907 -0.1356
vn -0.6251 -0.7752 -0.0911
vn -0.5377 -0.8428 -0.0241
vn -0.7858 -0.6135 0.0786
vn -0.4765 -0.8733 0.1016
vn -0.7257 -0.5110 0.4607
vn -0.7105 -0.5327 -0.4598
vn -0.7111 -0.5365 -0.4544
vn -0.5832 -0.4790 -0.6561
vn -0.5839 -0.5145 -0.6279
vn -0.4205 -0.4178 -0.8054
vn -0.3972 -0.4867 -0.7780
vn -0.2470 -0.3651 -0.8976
vn -0.1574 -0.4603 -0.8737
vn -0.0675 -0.3331 -0.9405
vn 0.0660 -0.4094 -0.9100
vn 0.0781 -0.3460 -0.9350
vn 0.0734 -0.3439 -0.9361
vn 0.0745 -0.3200 -0.9445
vn 0.0225 -0.2969 -0.9546
vn 0.0226 -0.2682 -0.9631
vn -0.0325 -0.2436 -0.9693
vn -0.0338 -0.2093 -0.9773
vn -0.0899 -0.1840 -0.9788
vn -0.0911 -0.1695 -0.9813
vn -0.1364 -0.1499 -0.9792
vn -0.1233 -0.2375 -0.9635
vn -0.2505 -0.1897 -0.9493
vn -0.1417 -0.6010 -0.7866
vn -0.5174 -0.4840 -0.7057
vn -0.3324 -0.7718 -0.5420
vn -0.7342 -0.5729 -0.3644
vn -0.6854 -0.6386 -0.3499
vn -0.8845 -0.4319 -0.1763
vn -0.9391 -0.2985 -0.1702
vn -0.9632 -0.2426 -0.1156
vn -0.9151 0.0276 -0.4022
vn -0.7495 0.0984 -0.6547
vn -0.6097 0.1255 -0.7826
vn -0.5934 0.0963 -0.7991
vn -0.5895 0.0726 -0.8045
vn -0.5751 0.0526 -0.8164
vn -0.5540 0.0313 -0.8319
vn -0.5225 0.0035 -0.8526
vn -0.4648 -0.0443 -0.8843
vn -0.3147 -0.1635 -0.9350
vn 0.3443 -0.5788 -0.7392
vn 0.7772 -0.5177 0.3578
vn 0.6852 -0.3790 0.6220
vn 0.6263 -0.3369 0.7030
vn 0.5849 -0.3297 0.7411
vn -0.7437 0.1196 -0.6577
vn -0.7775 0.1687 -0.6059
vn -0.6048 0.1604 -0.7801
vn -0.6449 0.1989 -0.7379
vn -0.6313 0.2469 -0.7352
vn -0.6652 0.2919 -0.6873
vn -0.6075 0.1263 -0.7842
vn -0.6445 0.1434 -0.7510
vn -0.6525 0.1956 -0.7321
vn -0.6704 0.2073 -0.7124
vn -0.6577 0.2960 -0.6927
vn -0.6673 0.3063 -0.6788
vn -0.6095 0.0924 -0.7874
vn -0.6582 0.1076 -0.7451
vn -0.6750 0.1338 -0.7255
vn -0.7072 0.1461 -0.6918
vn -0.7198 0.1868 -0.6686
vn -0.7366 0.1953 -0.6475
vn -0.7379 0.2683 -0.6193
vn -0.7409 0.2706 -0.6147
vn -0.6010 0.0702 -0.7962
vn -0.6568 0.0843 -0.7493
vn -0.6765 0.1030 -0.7292
vn -0.7164 0.1144 -0.6882
vn -0.7323 0.1381 -0.6668
vn -0.7584 0.1470 -0.6350
vn -0.7702 0.1813 -0.6115
vn -0.7847 0.1878 -0.5907
vn -0.7886 0.2447 -0.5641
vn -0.7936 0.2479 -0.5556
vn -0.5877 0.0501 -0.8075
vn -0.6506 0.0645 -0.7567
vn -0.6727 0.0809 -0.7355
vn -0.7179 0.0921 -0.6900
vn -0.7344 0.1098 -0.6698
vn -0.7655 0.1185 -0.6324
vn -0.7780 0.1406 -0.6123
vn -0.7987 0.1474 -0.5834
vn -0.8069 0.1785 -0.5630
vn -0.8197 0.1839 -0.5425
vn -0.8211 0.2329 -0.5211
vn -0.8278 0.2371 -0.5084
vn -0.5701 0.0278 -0.8211
vn -0.6430 0.0443 -0.7646
vn -0.6677 0.0610 -0.7419
vn -0.7190 0.0733 -0.6912
vn -0.7347 0.0884 -0.6726
vn -0.7699 0.0975 -0.6307
vn -0.7810 0.1144 -0.6139
vn -0.8052 0.1214 -0.5804
vn -0.8127 0.1428 -0.5649
vn -0.8297 0.1487 -0.5380
vn -0.8329 0.1783 -0.5239
vn -0.8452 0.1838 -0.5019
vn -0.8418 0.2295 -0.4886
vn -0.8510 0.2355 -0.4693
vn -0.5455 -0.0032 -0.8381
vn -0.6337 0.0184 -0.7734
vn -0.6642 0.0396 -0.7465
vn -0.7231 0.0546 -0.6886
vn -0.7376 0.0693 -0.6717
vn -0.7768 0.0798 -0.6247
vn -0.7851 0.0939 -0.6122
vn -0.8121 0.1017 -0.5746
vn -0.8169 0.1182 -0.5646
vn -0.8365 0.1246 -0.5336
vn -0.8379 0.1459 -0.5260
vn -0.8534 0.1520 -0.4986
vn -0.8507 0.1814 -0.4934
vn -0.8640 0.1882 -0.4670
vn -0.8549 0.2334 -0.4634
vn -0.8673 0.2427 -0.4346
vn -0.5012 -0.0630 -0.8630
vn -0.6196 -0.0284 -0.7844
vn -0.6652 0.0094 -0.7466
vn -0.7340 0.0303 -0.6785
vn -0.7476 0.0489 -0.6624
vn -0.7899 0.0621 -0.6101
vn -0.7948 0.0757 -0.6021
vn -0.8231 0.0849 -0.5615
vn -0.8243 0.0987 -0.5574
vn -0.8452 0.1060 -0.5239
vn -0.8436 0.1226 -0.5229
vn -0.8607 0.1293 -0.4924
vn -0.8560 0.1511 -0.4945
vn -0.8716 0.1584 -0.4640
vn -0.8630 0.1886 -0.4687
vn -0.8783 0.1982 -0.4351
vn -0.8634 0.2450 -0.4411
vn -0.8793 0.2603 -0.3989
vn -0.3523 -0.2612 -0.8987
vn -0.5836 -0.1673 -0.7946
vn -0.6767 -0.0541 -0.7343
vn -0.7622 -0.0148 -0.6471
vn -0.7730 0.0192 -0.6341
vn -0.8157 0.0382 -0.5772
vn -0.8156 0.0557 -0.5760
vn -0.8423 0.0673 -0.5348
vn -0.8393 0.0809 -0.5377
vn -0.8590 0.0896 -0.5041
vn -0.8540 0.1036 -0.5099
vn -0.8708 0.1113 -0.4789
vn -0.8634 0.1285 -0.4878
vn -0.8795 0.1367 -0.4559
vn -0.8694 0.1592 -0.4677
vn -0.8859 0.1693 -0.4319
vn -0.8724 0.2010 -0.4456
vn -0.8899 0.2154 -0.4021
vn -0.8697 0.2663 -0.4155
vn -0.8886 0.2923 -0.3536
vn 0.6312 -0.7741 0.0489
vn -0.0846 -0.9730 -0.2147
vn -0.7136 -0.3274 -0.6193
vn -0.8464 -0.1602 -0.5079
vn -0.8352 -0.0461 -0.5480
vn -0.8701 -0.0096 -0.4928
vn -0.8567 0.0254 -0.5152
vn -0.8769 0.0418 -0.4788
vn -0.8666 0.0606 -0.4952
vn -0.8820 0.0712 -0.4659
vn -0.8727 0.0858 -0.4806
vn -0.8865 0.0947 -0.4529
vn -0.8766 0.1096 -0.4686
vn -0.8907 0.1187 -0.4388
vn -0.8792 0.1368 -0.4565
vn -0.8946 0.1476 -0.4217
vn -0.8809 0.1714 -0.4412
vn -0.8981 0.1859 -0.3985
vn -0.8813 0.2200 -0.4183
vn -0.9005 0.2428 -0.3607
vn -0.8759 0.3017 -0.3766
vn -0.8946 0.3479 -0.2804
vn 0.6676 -0.4153 0.6179
vn 0.5002 -0.4998 0.7071
vn 0.2280 -0.6987 0.6781
vn -0.5777 -0.6486 0.4956
vn -0.9446 -0.2820 -0.1682
vn -0.9672 -0.1462 -0.2076
vn -0.9303 -0.0399 -0.3647
vn -0.9374 -0.0094 -0.3481
vn -0.9122 0.0288 -0.4088
vn -0.9198 0.0433 -0.3900
vn -0.9031 0.0643 -0.4247
vn -0.9114 0.0749 -0.4045
vn -0.8980 0.0910 -0.4305
vn -0.9079 0.1012 -0.4069
vn -0.8949 0.1173 -0.4306
vn -0.9071 0.1290 -0.4008
vn -0.8932 0.1482 -0.4246
vn -0.9080 0.1632 -0.3858
vn -0.8926 0.1886 -0.4094
vn -0.9102 0.2100 -0.3569
vn -0.8917 0.2486 -0.3783
vn -0.9112 0.2862 -0.2964
vn -0.8813 0.3608 -0.3052
vn -0.8869 0.4220 -0.1879
vn 0.6276 -0.3355 0.7026
vn 0.5150 -0.3690 0.7737
vn 0.4681 -0.4001 0.7879
vn 0.1954 -0.4462 0.8733
vn -0.2230 -0.5277 0.8197
vn -0.6799 -0.4115 0.6070
vn -0.9749 -0.2111 0.0708
vn -0.9915 -0.1299 -0.0106
vn -0.9735 -0.0348 -0.2262
vn -0.9729 -0.0102 -0.2309
vn -0.9463 0.0308 -0.3218
vn -0.9484 0.0443 -0.3140
vn -0.9289 0.0679 -0.3640
vn -0.9334 0.0792 -0.3499
vn -0.9180 0.0972 -0.3846
vn -0.9253 0.1096 -0.3630
vn -0.9111 0.1273 -0.3920
vn -0.9218 0.1427 -0.3605
vn -0.9075 0.1634 -0.3869
vn -0.9216 0.1843 -0.3415
vn -0.9064 0.2124 -0.3650
vn -0.9236 0.2455 -0.2945
vn -0.9045 0.2922 -0.3107
vn -0.9168 0.3528 -0.1872
vn -0.8928 0.4143 -0.1769
vn -0.8907 0.4339 -0.1357
vn 0.6005 -0.3165 0.7344
vn 0.5041 -0.3373 0.7950
vn 0.4996 -0.3398 0.7968
vn 0.3400 -0.3630 0.8675
vn 0.2326 -0.3957 0.8884
vn -0.0527 -0.3997 0.9151
vn -0.5041 -0.4003 0.7652
vn -0.7334 -0.3130 0.6034
vn -0.9731 -0.1649 0.1608
vn -0.9883 -0.1174 0.0977
vn -0.9906 -0.0299 -0.1333
vn -0.9895 -0.0112 -0.1441
vn -0.9670 0.0326 -0.2528
vn -0.9671 0.0453 -0.2503
vn -0.9479 0.0718 -0.3104
vn -0.9504 0.0845 -0.2992
vn -0.9349 0.1049 -0.3389
vn -0.9407 0.1201 -0.3173
vn -0.9271 0.1398 -0.3478
vn -0.9366 0.1599 -0.3118
vn -0.9237 0.1830 -0.3367
vn -0.9369 0.2129 -0.2774
vn -0.9232 0.2458 -0.2954
vn -0.9361 0.2989 -0.1854
vn -0.9185 0.3504 -0.1832
vn -0.9172 0.3806 -0.1180
vn -0.9030 0.4154 -0.1100
vn -0.9012 0.4239 -0.0900
vn 0.5766 -0.3219 0.7510
vn 0.4851 -0.3379 0.8065
vn 0.5005 -0.3302 0.8003
vn 0.3755 -0.3453 0.8601
vn 0.3427 -0.3558 0.8694
vn 0.1647 -0.3639 0.9168
vn -0.0314 -0.3905 0.9201
vn -0.2561 -0.3677 0.8940
vn -0.6803 -0.3172 0.6607
vn -0.7830 -0.2629 0.5637
vn -0.9740 -0.1346 0.1823
vn -0.9831 -0.1085 0.1473
vn -0.9968 -0.0255 -0.0756
vn -0.9964 -0.0121 -0.0841
vn -0.9796 0.0345 -0.1982
vn -0.9794 0.0464 -0.1967
vn -0.9624 0.0763 -0.2605
vn -0.9643 0.0903 -0.2490
vn -0.9504 0.1137 -0.2896
vn -0.9554 0.1321 -0.2641
vn -0.9437 0.1546 -0.2923
vn -0.9525 0.1811 -0.2449
vn -0.9420 0.2080 -0.2635
vn -0.9523 0.2528 -0.1710
vn -0.9404 0.2925 -0.1737
vn -0.9403 0.3255 -0.0993
vn -0.9274 0.3626 -0.0919
vn -0.9259 0.3710 -0.0711
vn -0.9121 0.4051 -0.0632
vn -0.9102 0.4116 -0.0460
vn -0.5800 -0.3263 0.7464
vn -0.5809 -0.2821 0.7635
vn -0.5515 -0.1896 0.8124
vn -0.4902 -0.0785 0.8681
vn -0.3774 -0.0070 0.9260
vn -0.1669 -0.0220 0.9857
vn 0.2291 -0.1707 0.9583
vn 0.6874 -0.3938 0.6102
vn 0.8492 -0.4964 0.1801
vn 0.8477 -0.5259 -0.0697
vn 0.8129 -0.5464 -0.2016
vn 0.7693 -0.5773 -0.2737
vn 0.7111 -0.6313 -0.3095
vn 0.6101 -0.7297 -0.3089
vn 0.3651 -0.9025 -0.2284
vn -0.5971 -0.2882 0.7486
vn -0.4978 -0.3575 0.7902
vn -0.6047 -0.2518 0.7556
vn -0.5026 -0.3189 0.8036
vn -0.5087 -0.3204 0.7991
vn -0.4153 -0.3787 0.8271
vn -0.5194 -0.2193 0.8259
vn -0.4593 -0.2525 0.8516
vn -0.5174 -0.2926 0.8042
vn -0.4390 -0.3434 0.8303
vn -0.4238 -0.3393 0.8398
vn -0.3335 -0.3901 0.8583
vn -0.3293 -0.1935 0.9242
vn -0.3830 -0.1693 0.9081
vn -0.4284 -0.2843 0.8577
vn -0.4089 -0.2949 0.8636
vn -0.4481 -0.3091 0.8388
vn -0.3671 -0.3581 0.8585
vn -0.3395 -0.3498 0.8731
vn -0.2547 -0.3932 0.8835
vn -0.0308 -0.2058 0.9781
vn -0.2457 -0.1253 0.9612
vn -0.2087 -0.2989 0.9312
vn -0.3170 -0.2516 0.9145
vn -0.3934 -0.3211 0.8615
vn -0.3863 -0.3252 0.8631
vn -0.3729 -0.3207 0.8707
vn -0.2913 -0.3655 0.8840
vn -0.2583 -0.3544 0.8987
vn -0.1805 -0.3908 0.9026
vn 0.3544 -0.2864 0.8902
vn 0.0111 -0.1763 0.9843
vn 0.1301 -0.3470 0.9288
vn -0.1717 -0.2415 0.9551
vn -0.2026 -0.3638 0.9092
vn -0.3556 -0.2894 0.8887
vn -0.3906 -0.3036 0.8691
vn -0.3232 -0.3424 0.8822
vn -0.2951 -0.3321 0.8959
vn -0.2194 -0.3701 0.9027
vn -0.1824 -0.3561 0.9165
vn -0.1122 -0.3864 0.9155
vn 0.6896 -0.3961 0.6063
vn 0.4117 -0.3391 0.8459
vn 0.4870 -0.4197 0.7659
vn 0.0615 -0.3096 0.9489
vn 0.0952 -0.4340 0.8959
vn -0.2717 -0.2928 0.9167
vn -0.3367 -0.3364 0.8795
vn -0.3517 -0.3278 0.8768
vn -0.3262 -0.3179 0.8902
vn -0.2545 -0.3557 0.8993
vn -0.2217 -0.3427 0.9129
vn -0.1528 -0.3746 0.9145
vn -0.1131 -0.3582 0.9268
vn -0.0504 -0.3835 0.9222
vn 0.8383 -0.4652 0.2843
vn 0.7269 -0.4923 0.4788
vn 0.7190 -0.4818 0.5010
vn 0.3682 -0.4543 0.8112
vn 0.3964 -0.5085 0.7644
vn -0.1408 -0.3573 0.9233
vn -0.1880 -0.4181 0.8887
vn -0.3733 -0.3224 0.8699
vn -0.3535 -0.3142 0.8811
vn -0.2866 -0.3508 0.8915
vn -0.2563 -0.3383 0.9055
vn -0.1901 -0.3704 0.9092
vn -0.1541 -0.3551 0.9221
vn -0.0918 -0.3818 0.9197
vn -0.0508 -0.3636 0.9302
vn 0.0049 -0.3847 0.9230
vn 0.8641 -0.4995 0.0620
vn 0.8162 -0.5572 0.1527
vn 0.8092 -0.5223 0.2689
vn 0.6001 -0.5910 0.5391
vn 0.5887 -0.5661 0.5771
vn -0.0048 -0.4764 0.8792
vn -0.0144 -0.4989 0.8666
vn -0.3858 -0.3309 0.8612
vn -0.3729 -0.3251 0.8691
vn -0.3164 -0.3567 0.8790
vn -0.2874 -0.3441 0.8939
vn -0.2247 -0.3756 0.8991
vn -0.1910 -0.3608 0.9129
vn -0.1305 -0.3880 0.9124
vn -0.0925 -0.3708 0.9241
vn -0.0365 -0.3932 0.9187
vn 0.0046 -0.3738 0.9275
vn 0.0544 -0.3915 0.9186
vn 0.8477 -0.5261 -0.0674
vn 0.8046 -0.5925 -0.0384
vn 0.8219 -0.5570 0.1192
vn 0.6729 -0.6791 0.2933
vn 0.6611 -0.6148 0.4300
vn 0.0671 -0.6151 0.7856
vn 0.0850 -0.5655 0.8203
vn -0.4063 -0.3635 0.8383
vn -0.3820 -0.3518 0.8546
vn -0.3444 -0.3730 0.8615
vn -0.3159 -0.3601 0.8778
vn -0.2572 -0.3905 0.8840
vn -0.2247 -0.3757 0.8991
vn -0.1667 -0.4028 0.9000
vn -0.1307 -0.3861 0.9132
vn -0.0757 -0.4092 0.9093
vn -0.0367 -0.3905 0.9199
vn 0.0134 -0.4094 0.9123
vn 0.0543 -0.3892 0.9196
vn 0.0985 -0.4041 0.9094
vn 0.8170 -0.5608 -0.1346
vn 0.7579 -0.6372 -0.1398
vn 0.7971 -0.6022 0.0455
vn 0.6309 -0.7604 0.1541
vn 0.6424 -0.6725 0.3675
vn -0.0095 -0.7182 0.6958
vn 0.0525 -0.6004 0.7980
vn -0.4407 -0.3981 0.8045
vn -0.4033 -0.3796 0.8326
vn -0.3709 -0.3980 0.8390
vn -0.3427 -0.3849 0.8570
vn -0.2875 -0.4140 0.8637
vn -0.2560 -0.3992 0.8804
vn -0.2008 -0.4258 0.8823
vn -0.1660 -0.4092 0.8972
vn -0.1128 -0.4324 0.8946
vn -0.0752 -0.4142 0.9071
vn -0.0256 -0.4337 0.9007
vn 0.0138 -0.4141 0.9101
vn 0.0586 -0.4300 0.9009
vn 0.0988 -0.4093 0.9070
vn 0.1382 -0.4219 0.8961
vn 0.7721 -0.6167 -0.1534
vn 0.6765 -0.7141 -0.1800
vn 0.7370 -0.6745 0.0442
vn 0.4734 -0.8713 0.1295
vn 0.5202 -0.7473 0.4136
vn -0.2593 -0.7161 0.6480
vn -0.1268 -0.5754 0.8080
vn -0.4689 -0.4184 0.7779
vn -0.4397 -0.4042 0.8021
vn -0.3955 -0.4297 0.8117
vn -0.3680 -0.4165 0.8313
vn -0.3160 -0.4444 0.8383
vn -0.2852 -0.4295 0.8568
vn -0.2327 -0.4553 0.8594
vn -0.1989 -0.4389 0.8763
vn -0.1477 -0.4619 0.8745
vn -0.1112 -0.4439 0.8891
vn -0.0627 -0.4638 0.8837
vn -0.0244 -0.4445 0.8955
vn 0.0202 -0.4610 0.8872
vn 0.0596 -0.4407 0.8957
vn 0.0995 -0.4541 0.8854
vn 0.1391 -0.4330 0.8906
vn 0.1739 -0.4436 0.8792
vn 0.6898 -0.7151 -0.1130
vn 0.5052 -0.8503 -0.1477
vn 0.5922 -0.7923 0.1469
vn 0.0825 -0.9651 0.2487
vn 0.1998 -0.7861 0.5850
vn -0.4897 -0.6005 0.6321
vn -0.3633 -0.5173 0.7749
vn -0.4888 -0.4493 0.7478
vn -0.4655 -0.4378 0.7692
vn -0.4181 -0.4656 0.7800
vn -0.3916 -0.4525 0.8012
vn -0.3422 -0.4793 0.8082
vn -0.3125 -0.4646 0.8285
vn -0.2625 -0.4897 0.8315
vn -0.2297 -0.4734 0.8504
vn -0.1804 -0.4961 0.8493
vn -0.1451 -0.4784 0.8661
vn -0.0979 -0.4983 0.8615
vn -0.0604 -0.4792 0.8756
vn -0.0165 -0.4961 0.8681
vn 0.0222 -0.4760 0.8792
vn 0.0621 -0.4900 0.8695
vn 0.1013 -0.4691 0.8773
vn 0.1366 -0.4803 0.8664
vn 0.1756 -0.4591 0.8709
vn 0.2061 -0.4679 0.8594
vn 0.4710 -0.8806 0.0525
vn 0.0505 -0.9977 0.0454
vn 0.1816 -0.8859 0.4268
vn -0.4714 -0.7626 0.4429
vn -0.2940 -0.6276 0.7209
vn -0.5622 -0.4941 0.6632
vn -0.5256 -0.4750 0.7057
vn -0.5055 -0.4875 0.7120
vn -0.4837 -0.4765 0.7342
vn -0.4383 -0.5032 0.7448
vn -0.4133 -0.4906 0.7671
vn -0.3660 -0.5165 0.7741
vn -0.3378 -0.5023 0.7960
vn -0.2898 -0.5267 0.7991
vn -0.2585 -0.5108 0.8199
vn -0.2109 -0.5331 0.8193
vn -0.1769 -0.5157 0.8383
vn -0.1309 -0.5356 0.8343
vn -0.0946 -0.5168 0.8509
vn -0.0514 -0.5340 0.8439
vn -0.0135 -0.5140 0.8577
vn 0.0261 -0.5284 0.8486
vn 0.0648 -0.5077 0.8591
vn 0.1003 -0.5195 0.8486
vn 0.1392 -0.4982 0.8558
vn 0.1702 -0.5076 0.8446
vn 0.2086 -0.4862 0.8486
vn 0.2353 -0.4935 0.8373
vn -0.1479 -0.8882 0.4350
vn -0.5740 -0.7305 0.3700
vn -0.4278 -0.6362 0.6420
vn -0.6217 -0.5287 0.5779
vn -0.5800 -0.5064 0.6381
vn -0.5780 -0.5077 0.6389
vn -0.5611 -0.4991 0.6604
vn -0.5197 -0.5252 0.6739
vn -0.4998 -0.5150 0.6964
vn -0.4560 -0.5408 0.7068
vn -0.4329 -0.5290 0.7299
vn -0.3873 -0.5541 0.7368
vn -0.3610 -0.5406 0.7599
vn -0.3146 -0.5644 0.7632
vn -0.2851 -0.5492 0.7856
vn -0.2390 -0.5711 0.7853
vn -0.2066 -0.5543 0.8063
vn -0.1618 -0.5740 0.8027
vn -0.1268 -0.5557 0.8216
vn -0.0844 -0.5730 0.8152
vn -0.0476 -0.5535 0.8315
vn -0.0084 -0.5681 0.8229
vn 0.0297 -0.5477 0.8362
vn 0.0651 -0.5598 0.8261
vn 0.1037 -0.5387 0.8361
vn 0.1350 -0.5485 0.8252
vn 0.1736 -0.5271 0.8319
vn 0.2007 -0.5348 0.8208
vn 0.2385 -0.5134 0.8244
vn 0.2615 -0.5193 0.8136
vn 0.7876 0.3224 0.5251
vn 0.7582 0.3236 0.5660
vn 0.7207 0.3182 0.6159
vn 0.6552 0.2988 0.6939
vn 0.5068 0.2391 0.8283
vn 0.0793 0.0392 0.9961
vn -0.6152 -0.3131 0.7235
vn -0.8315 -0.4476 0.3290
vn -0.8488 -0.4984 0.1761
vn -0.8094 -0.5620 0.1704
vn -0.6509 -0.6836 0.3303
vn -0.0058 -0.7115 0.7026
vn 0.4558 -0.4081 0.7910
vn 0.4138 -0.4365 0.7989
vn 0.3683 -0.4757 0.7988
vn 0.7865 0.3295 0.5224
vn 0.7986 0.3250 0.5066
vn 0.7587 0.3260 0.5641
vn 0.7742 0.3200 0.5461
vn 0.7982 0.3260 0.5066
vn 0.8207 0.3168 0.4755
vn 0.7172 0.3131 0.6225
vn 0.7350 0.3051 0.6055
vn 0.7745 0.3155 0.5482
vn 0.8051 0.3023 0.5104
vn 0.8246 0.3106 0.4727
vn 0.8588 0.2941 0.4196
vn 0.6224 0.2727 0.7337
vn 0.6400 0.2576 0.7239
vn 0.7273 0.2860 0.6239
vn 0.7694 0.2625 0.5824
vn 0.8121 0.2846 0.5094
vn 0.8650 0.2545 0.4324
vn 0.8756 0.2721 0.3992
vn 0.9199 0.2407 0.3096
vn 0.2911 0.1152 0.9497
vn 0.2478 0.0445 0.9678
vn 0.5352 0.1609 0.8293
vn 0.5657 0.0519 0.8230
vn 0.7654 0.1859 0.6162
vn 0.8793 0.0681 0.4714
vn 0.9055 0.1800 0.3843
vn 0.9759 0.0917 0.1979
vn 0.9640 0.1634 0.2096
vn 0.9928 0.1025 0.0616
vn -0.5762 -0.3024 0.7593
vn -0.7233 -0.4309 0.5397
vn -0.5665 -0.4086 0.7157
vn -0.7648 -0.5969 0.2422
vn -0.3895 -0.6795 0.6218
vn -0.5991 -0.7746 -0.2026
vn 0.5847 -0.8103 0.0395
vn 0.0524 -0.7970 -0.6017
vn 0.8970 -0.3371 -0.2860
vn 0.6754 -0.4555 -0.5800
vn 0.9341 -0.1639 -0.3170
vn 0.8619 -0.2252 -0.4542
vn -0.8526 -0.4399 0.2819
vn -0.8689 -0.4868 0.0897
vn -0.8674 -0.4887 0.0934
vn -0.8449 -0.5185 -0.1313
vn -0.8287 -0.5463 -0.1214
vn -0.7720 -0.5443 -0.3282
vn -0.7023 -0.6094 -0.3680
vn -0.6467 -0.5737 -0.5026
vn -0.4332 -0.6519 -0.6224
vn -0.4260 -0.6067 -0.6712
vn -0.0314 -0.6165 -0.7867
vn -0.0653 -0.5965 -0.8000
vn 0.3602 -0.4940 -0.7913
vn 0.3489 -0.4940 -0.7964
vn -0.8747 -0.4688 0.1228
vn -0.8659 -0.4987 -0.0386
vn -0.8737 -0.4841 -0.0476
vn -0.8406 -0.5016 -0.2043
vn -0.8397 -0.5030 -0.2047
vn -0.7929 -0.5072 -0.3378
vn -0.7728 -0.5255 -0.3558
vn -0.7272 -0.5181 -0.4503
vn -0.6642 -0.5508 -0.5055
vn -0.6349 -0.5378 -0.5546
vn -0.5011 -0.5733 -0.6482
vn -0.4931 -0.5643 -0.6621
vn -0.2715 -0.5803 -0.7678
vn -0.2707 -0.5837 -0.7655
vn 0.0228 -0.5520 -0.8335
vn 0.0512 -0.5662 -0.8227
vn -0.8592 -0.5003 0.1071
vn -0.8461 -0.5296 -0.0608
vn -0.8654 -0.4967 -0.0670
vn -0.8311 -0.5128 -0.2151
vn -0.8401 -0.5006 -0.2089
vn -0.7971 -0.5067 -0.3284
vn -0.7934 -0.5100 -0.3322
vn -0.7524 -0.5084 -0.4188
vn -0.7251 -0.5244 -0.4465
vn -0.6955 -0.5184 -0.4975
vn -0.6295 -0.5428 -0.5560
vn -0.6173 -0.5377 -0.5743
vn -0.4972 -0.5626 -0.6605
vn -0.5007 -0.5656 -0.6553
vn -0.3123 -0.5776 -0.7542
vn -0.3167 -0.5969 -0.7372
vn -0.0569 -0.5736 -0.8172
vn -0.0228 -0.6119 -0.7906
vn -0.8004 -0.5620 0.2087
vn -0.7951 -0.6065 0.0004
vn -0.8447 -0.5351 -0.0114
vn -0.8104 -0.5556 -0.1856
vn -0.8351 -0.5232 -0.1698
vn -0.7912 -0.5312 -0.3031
vn -0.8010 -0.5220 -0.2932
vn -0.7592 -0.5224 -0.3883
vn -0.7499 -0.5284 -0.3981
vn -0.7182 -0.5246 -0.4572
vn -0.6805 -0.5413 -0.4939
vn -0.6647 -0.5372 -0.5192
vn -0.5865 -0.5601 -0.5851
vn -0.5892 -0.5613 -0.5812
vn -0.4552 -0.5831 -0.6729
vn -0.4721 -0.5990 -0.6467
vn -0.2633 -0.6053 -0.7512
vn -0.2724 -0.6496 -0.7098
vn 0.0205 -0.6094 -0.7926
vn 0.0848 -0.6850 -0.7236
vn -0.5502 -0.6580 0.5141
vn -0.5700 -0.7823 0.2512
vn -0.7620 -0.6251 0.1691
vn -0.7377 -0.6705 -0.0789
vn -0.8077 -0.5863 -0.0619
vn -0.7608 -0.6007 -0.2457
vn -0.7946 -0.5665 -0.2185
vn -0.7469 -0.5684 -0.3452
vn -0.7561 -0.5615 -0.3361
vn -0.7184 -0.5578 -0.4156
vn -0.6995 -0.5677 -0.4340
vn -0.6781 -0.5629 -0.4726
vn -0.6217 -0.5836 -0.5224
vn -0.6207 -0.5832 -0.5241
vn -0.5117 -0.6088 -0.6062
vn -0.5313 -0.6223 -0.5748
vn -0.3463 -0.6418 -0.6842
vn -0.3736 -0.6870 -0.6233
vn -0.0836 -0.6705 -0.7372
vn -0.0588 -0.7684 -0.6372
vn 0.3096 -0.6470 -0.6968
vn 0.4915 -0.7325 -0.4711
vn 0.1958 -0.4986 0.8444
vn 0.3121 -0.6503 0.6926
vn -0.3135 -0.7110 0.6294
vn -0.2992 -0.8987 0.3205
vn -0.6393 -0.7297 0.2425
vn -0.6073 -0.7919 -0.0642
vn -0.7294 -0.6831 -0.0363
vn -0.6758 -0.6939 -0.2486
vn -0.7261 -0.6530 -0.2154
vn -0.6775 -0.6482 -0.3477
vn -0.6836 -0.6444 -0.3428
vn -0.6520 -0.6362 -0.4124
vn -0.6120 -0.6540 -0.4447
vn -0.6037 -0.6503 -0.4611
vn -0.5028 -0.6801 -0.5334
vn -0.5195 -0.6927 -0.5002
vn -0.3291 -0.7208 -0.6101
vn -0.3582 -0.7722 -0.5249
vn -0.0385 -0.7582 -0.6508
vn -0.0093 -0.8734 -0.4869
vn 0.3995 -0.7169 -0.5713
vn 0.5806 -0.7811 -0.2299
vn 0.7985 -0.5151 -0.3117
vn 0.8999 -0.4288 0.0792
vn 0.4507 -0.4213 0.7870
vn 0.4689 -0.4335 0.7695
vn 0.4324 -0.4489 0.7820
vn 0.4935 -0.4996 0.7119
vn 0.1800 -0.6044 0.7761
vn 0.2923 -0.8001 0.5239
vn -0.2280 -0.8273 0.5135
vn -0.1933 -0.9694 0.1511
vn -0.4699 -0.8683 0.1589
vn -0.4286 -0.8949 -0.1241
vn -0.5230 -0.8470 -0.0957
vn -0.4844 -0.8357 -0.2588
vn -0.4738 -0.8402 -0.2637
vn -0.4563 -0.8279 -0.3262
vn -0.3443 -0.8587 -0.3796
vn -0.3509 -0.8682 -0.3507
vn -0.1068 -0.8877 -0.4478
vn -0.1088 -0.9435 -0.3130
vn 0.2759 -0.8627 -0.4239
vn 0.3585 -0.9243 -0.1312
vn 0.6928 -0.6766 -0.2495
vn 0.7796 -0.6125 0.1306
vn 0.9048 -0.4250 -0.0266
vn 0.9160 -0.3689 0.1576
vn 0.9379 -0.3305 0.1049
vn 0.9379 -0.3310 0.1034
vn 0.4020 -0.4633 0.7898
vn 0.4216 -0.4766 0.7715
vn 0.4564 -0.4624 0.7602
vn 0.4758 -0.4766 0.7393
vn 0.5113 -0.4607 0.7255
vn 0.5302 -0.4757 0.7019
vn 0.5230 -0.4790 0.7050
vn 0.5634 -0.5169 0.6445
vn 0.4479 -0.5684 0.6902
vn 0.5226 -0.6696 0.5277
vn 0.3631 -0.7321 0.5764
vn 0.4110 -0.8383 0.3583
vn 0.3219 -0.8669 0.3806
vn 0.3334 -0.9148 0.2281
vn 0.4051 -0.8902 0.2081
vn 0.4052 -0.8928 0.1970
vn 0.5945 -0.7945 0.1243
vn 0.5976 -0.7648 0.2409
vn 0.7774 -0.6168 0.1233
vn 0.7762 -0.5709 0.2673
vn 0.8699 -0.4668 0.1593
vn 0.8655 -0.4370 0.2447
vn 0.8931 -0.4032 0.1997
vn 0.8938 -0.4079 0.1866
vn 0.9102 -0.3846 0.1535
vn 0.9105 -0.3939 0.1258
vn 0.9238 -0.3715 0.0930
vn 0.9227 -0.3794 0.0678
vn 0.3552 -0.5016 0.7888
vn 0.3761 -0.5157 0.7698
vn 0.4079 -0.5041 0.7613
vn 0.4283 -0.5191 0.7397
vn 0.4615 -0.5057 0.7289
vn 0.4813 -0.5214 0.7046
vn 0.5155 -0.5062 0.6914
vn 0.5342 -0.5226 0.6645
vn 0.5689 -0.5056 0.6486
vn 0.5862 -0.5224 0.6192
vn 0.6210 -0.5037 0.6005
vn 0.6365 -0.5206 0.5691
vn 0.6703 -0.5006 0.5478
vn 0.6838 -0.5175 0.5143
vn 0.7155 -0.4968 0.4912
vn 0.7270 -0.5137 0.4555
vn 0.7601 -0.4896 0.4272
vn 0.7680 -0.5037 0.3955
vn 0.7970 -0.4801 0.3664
vn 0.8031 -0.4940 0.3330
vn 0.8293 -0.4700 0.3022
vn 0.8332 -0.4825 0.2702
vn 0.8563 -0.4584 0.2381
vn 0.8582 -0.4694 0.2080
vn 0.8780 -0.4456 0.1751
vn 0.8782 -0.4550 0.1474
vn 0.8947 -0.4318 0.1143
vn 0.8937 -0.4397 0.0891
vn 0.9070 -0.4173 0.0562
vn 0.9051 -0.4239 0.0337
vn 0.8726 0.1697 -0.4580
vn 0.8787 0.1488 -0.4535
vn 0.8861 0.1313 -0.4444
vn 0.8967 0.1157 -0.4273
vn 0.9119 0.1005 -0.3980
vn 0.9330 0.0833 -0.3502
vn 0.9595 0.0601 -0.2752
vn 0.9865 0.0247 -0.1617
vn 0.9995 -0.0308 -0.0028
vn 0.9774 -0.1098 0.1808
vn 0.9244 -0.2013 0.3240
vn 0.8895 -0.2863 0.3561
vn 0.9060 -0.3458 0.2441
vn 0.9347 -0.3553 0.0128
vn 0.9234 -0.3778 -0.0678
vn 0.8750 0.1505 -0.4602
vn 0.8624 0.1441 -0.4854
vn 0.8822 0.1329 -0.4516
vn 0.8690 0.1259 -0.4785
vn 0.8626 0.1284 -0.4892
vn 0.8464 0.1218 -0.5183
vn 0.8911 0.1178 -0.4382
vn 0.8783 0.1101 -0.4654
vn 0.8709 0.1126 -0.4784
vn 0.8543 0.1054 -0.5090
vn 0.8447 0.1087 -0.5241
vn 0.8228 0.1013 -0.5593
vn 0.9032 0.1037 -0.4166
vn 0.8922 0.0950 -0.4415
vn 0.8821 0.0983 -0.4607
vn 0.8664 0.0902 -0.4911
vn 0.8545 0.0939 -0.5109
vn 0.8323 0.0857 -0.5477
vn 0.8188 0.0898 -0.5670
vn 0.7877 0.0807 -0.6107
vn 0.9202 0.0884 -0.3813
vn 0.9129 0.0786 -0.4006
vn 0.8983 0.0836 -0.4313
vn 0.8856 0.0744 -0.4584
vn 0.8691 0.0794 -0.4883
vn 0.8483 0.0699 -0.5249
vn 0.8304 0.0750 -0.5520
vn 0.7984 0.0646 -0.5987
vn 0.7807 0.0696 -0.6210
vn 0.7349 0.0577 -0.6757
vn 0.9444 0.0679 -0.3218
vn 0.9416 0.0570 -0.3320
vn 0.9225 0.0648 -0.3805
vn 0.9150 0.0540 -0.3998
vn 0.8918 0.0619 -0.4481
vn 0.8756 0.0505 -0.4804
vn 0.8495 0.0583 -0.5244
vn 0.8189 0.0454 -0.5721
vn 0.7931 0.0527 -0.6068
vn 0.7436 0.0381 -0.6675
vn 0.7215 0.0445 -0.6910
vn 0.6527 0.0283 -0.7571
vn 0.9750 0.0350 -0.2194
vn 0.9756 0.0230 -0.2182
vn 0.9572 0.0347 -0.2872
vn 0.9557 0.0213 -0.2937
vn 0.9281 0.0343 -0.3708
vn 0.9198 0.0192 -0.3918
vn 0.8827 0.0331 -0.4689
vn 0.8586 0.0155 -0.5124
vn 0.8169 0.0290 -0.5761
vn 0.7653 0.0086 -0.6436
vn 0.7288 0.0203 -0.6844
vn 0.6475 -0.0018 -0.7621
vn 0.6216 0.0075 -0.7833
vn 0.5196 -0.0146 -0.8543
vn 0.9987 -0.0224 -0.0466
vn 0.9988 -0.0351 -0.0353
vn 0.9936 -0.0215 -0.1106
vn 0.9944 -0.0396 -0.0980
vn 0.9782 -0.0202 -0.2067
vn 0.9781 -0.0446 -0.2034
vn 0.9410 -0.0190 -0.3380
vn 0.9308 -0.0499 -0.3622
vn 0.8670 -0.0192 -0.4980
vn 0.8205 -0.0570 -0.5688
vn 0.7488 -0.0259 -0.6623
vn 0.6447 -0.0651 -0.7617
vn 0.5957 -0.0402 -0.8022
vn 0.4594 -0.0738 -0.8852
vn 0.4341 -0.0562 -0.8991
vn 0.2986 -0.0825 -0.9508
vn 0.9723 -0.1144 0.2038
vn 0.9674 -0.1264 0.2194
vn 0.9728 -0.1222 0.1966
vn 0.9608 -0.1483 0.2342
vn 0.9807 -0.1329 0.1433
vn 0.9616 -0.1804 0.2068
vn 0.9888 -0.1481 0.0203
vn 0.9682 -0.2314 0.0946
vn 0.9631 -0.1674 -0.2107
vn 0.9284 -0.3101 -0.2045
vn 0.8128 -0.1808 -0.5537
vn 0.6310 -0.3328 -0.7007
vn 0.5192 -0.1826 -0.8349
vn 0.2702 -0.2574 -0.9278
vn 0.2528 -0.1735 -0.9518
vn 0.0674 -0.2077 -0.9759
vn 0.0726 -0.1658 -0.9835
vn -0.0460 -0.1830 -0.9820
vn 0.8650 -0.2244 0.4487
vn 0.8538 -0.2363 0.4639
vn 0.7981 -0.2479 0.5493
vn 0.7511 -0.2786 0.5985
vn 0.7299 -0.2804 0.6234
vn 0.6104 -0.3343 0.7181
vn 0.6618 -0.3361 0.6701
vn 0.4136 -0.4164 0.8097
vn 0.5795 -0.4515 0.6785
vn 0.1059 -0.5463 0.8308
vn 0.3961 -0.7438 0.5384
vn -0.3660 -0.7131 0.5980
vn -0.2186 -0.9258 -0.3086
vn -0.6857 -0.7183 -0.1177
vn -0.4342 -0.5219 -0.7342
vn -0.6051 -0.4948 -0.6237
vn -0.4395 -0.3583 -0.8237
vn -0.5043 -0.3566 -0.7865
vn -0.4289 -0.2899 -0.8556
vn -0.4444 -0.2903 -0.8475
vn 0.7575 -0.3201 0.5690
vn 0.7379 -0.3367 0.5849
vn 0.5790 -0.3419 0.7402
vn 0.5037 -0.3726 0.7794
vn 0.3808 -0.3563 0.8533
vn 0.2236 -0.3886 0.8939
vn 0.1754 -0.3724 0.9113
vn -0.0547 -0.3911 0.9187
vn -0.0462 -0.3981 0.9162
vn -0.3075 -0.3903 0.8678
vn -0.3047 -0.4368 0.8464
vn -0.5296 -0.3946 0.7509
vn -0.5998 -0.4785 0.6414
vn -0.7182 -0.4131 0.5600
vn -0.8304 -0.4847 0.2746
vn -0.8582 -0.4404 0.2637
vn -0.8895 -0.4442 -0.1072
vn -0.8929 -0.4385 -0.1022
vn -0.8377 -0.3914 -0.3809
vn -0.8218 -0.4016 -0.4041
vn -0.7575 -0.3500 -0.5511
vn -0.7180 -0.3606 -0.5953
vn 0.7462 -0.3947 0.5361
vn 0.7211 -0.4215 0.5498
vn 0.4906 -0.4137 0.7670
vn 0.4013 -0.4505 0.7975
vn 0.2192 -0.4014 0.8893
vn 0.0628 -0.4275 0.9018
vn -0.0164 -0.3806 0.9246
vn -0.2029 -0.3884 0.8989
vn -0.2163 -0.3650 0.9055
vn -0.3961 -0.3565 0.8462
vn -0.3969 -0.3590 0.8447
vn -0.5426 -0.3383 0.7689
vn -0.5702 -0.3622 0.7373
vn -0.6628 -0.3354 0.6695
vn -0.7317 -0.3708 0.5720
vn -0.7687 -0.3488 0.5362
vn -0.8553 -0.3789 0.3535
vn -0.8591 -0.3737 0.3498
vn -0.9176 -0.3815 0.1115
vn -0.9113 -0.3970 0.1088
vn -0.9183 -0.3777 -0.1185
vn -0.9014 -0.4064 -0.1493
vn -0.8743 -0.3710 -0.3131
vn -0.8350 -0.4020 -0.3757
vn 0.8293 -0.4373 0.3480
vn 0.8099 -0.4746 0.3447
vn 0.5613 -0.4853 0.6705
vn 0.4738 -0.5408 0.6950
vn 0.2298 -0.4652 0.8548
vn 0.0674 -0.5011 0.8627
vn -0.0435 -0.4192 0.9069
vn -0.2249 -0.4292 0.8747
vn -0.2451 -0.3797 0.8920
vn -0.4095 -0.3736 0.8323
vn -0.4020 -0.3544 0.8443
vn -0.5339 -0.3396 0.7744
vn -0.5367 -0.3420 0.7713
vn -0.6280 -0.3237 0.7077
vn -0.6595 -0.3402 0.6703
vn -0.7082 -0.3236 0.6275
vn -0.7689 -0.3461 0.5376
vn -0.7824 -0.3378 0.5231
vn -0.8553 -0.3566 0.3758
vn -0.8496 -0.3633 0.3823
vn -0.9089 -0.3692 0.1938
vn -0.8972 -0.3942 0.1990
vn -0.9243 -0.3816 0.0043
vn -0.9062 -0.4225 -0.0165
vn -0.9017 -0.3934 -0.1796
vn -0.8643 -0.4425 -0.2390
vn 0.9093 -0.4137 0.0441
vn 0.8943 -0.4473 0.0095
vn 0.7452 -0.5266 0.4091
vn 0.6891 -0.6025 0.4026
vn 0.3991 -0.5547 0.7301
vn 0.2389 -0.6245 0.7436
vn 0.0505 -0.4999 0.8646
vn -0.1502 -0.5249 0.8378
vn -0.1959 -0.4356 0.8785
vn -0.3753 -0.4342 0.8189
vn -0.3655 -0.3895 0.8454
vn -0.5078 -0.3769 0.7746
vn -0.4942 -0.3619 0.7904
vn -0.5969 -0.3454 0.7242
vn -0.6025 -0.3489 0.7178
vn -0.6661 -0.3329 0.6675
vn -0.6988 -0.3471 0.6254
vn -0.7270 -0.3360 0.5988
vn -0.7831 -0.3539 0.5114
vn -0.7847 -0.3529 0.5097
vn -0.8507 -0.3674 0.3759
vn -0.8378 -0.3818 0.3904
vn -0.8956 -0.3859 0.2215
vn -0.8771 -0.4198 0.2335
vn -0.9116 -0.4078 0.0525
vn -0.8862 -0.4616 0.0389
vn -0.8933 -0.4319 -0.1249
vn -0.8466 -0.5002 -0.1818
vn 0.9077 -0.4160 -0.0556
vn 0.8945 -0.4380 -0.0894
vn 0.8804 -0.4736 0.0244
vn 0.8486 -0.5280 -0.0323
vn 0.6905 -0.6017 0.4015
vn 0.5886 -0.7134 0.3804
vn 0.3063 -0.6210 0.7215
vn 0.0898 -0.6966 0.7118
vn -0.0438 -0.5458 0.8367
vn -0.2644 -0.5616 0.7840
vn -0.2742 -0.4705 0.8387
vn -0.4494 -0.4612 0.7650
vn -0.4275 -0.4199 0.8006
vn -0.5554 -0.4027 0.7276
vn -0.5416 -0.3907 0.7443
vn -0.6268 -0.3727 0.6843
vn -0.6357 -0.3777 0.6732
vn -0.6830 -0.3630 0.6339
vn -0.7173 -0.3770 0.5860
vn -0.7330 -0.3698 0.5710
vn -0.7872 -0.3863 0.4806
vn -0.7801 -0.3915 0.4881
vn -0.8427 -0.4041 0.3556
vn -0.8222 -0.4274 0.3760
vn -0.8784 -0.4292 0.2101
vn -0.8501 -0.4761 0.2251
vn -0.8867 -0.4603 0.0442
vn -0.8456 -0.5330 0.0292
vn -0.8574 -0.4952 -0.1399
vn -0.7823 -0.5877 -0.2063
vn -0.8801 -0.0461 -0.4725
vn -0.7631 -0.3008 -0.5721
vn -0.5390 -0.4415 -0.7173
vn -0.3523 -0.3491 -0.8683
vn -0.2523 -0.1912 -0.9486
vn -0.1886 -0.1872 -0.9640
vn -0.1320 -0.2067 -0.9695
vn -0.0739 -0.2652 -0.9614
vn -0.0191 -0.3182 -0.9478
vn 0.0318 -0.3651 -0.9304
vn 0.0749 -0.4050 -0.9113
vn 0.0020 -0.4045 -0.9146
vn -0.1700 -0.4385 -0.8825
vn -0.3345 -0.4948 -0.8020
vn -0.4737 -0.5587 -0.6808
vn -0.8735 -0.1582 -0.4604
vn -0.6861 0.0232 -0.7272
vn -0.7713 -0.2466 -0.5867
vn -0.5853 -0.0925 -0.8055
vn -0.6872 0.0042 -0.7264
vn -0.5637 0.0961 -0.8204
vn -0.5645 -0.2110 -0.7980
vn -0.4592 -0.1273 -0.8792
vn -0.5824 -0.0304 -0.8123
vn -0.4940 0.0327 -0.8688
vn -0.5552 0.0650 -0.8292
vn -0.5373 0.0757 -0.8400
vn -0.3597 -0.1258 -0.9245
vn -0.3705 -0.1344 -0.9191
vn -0.4575 -0.0740 -0.8861
vn -0.3946 -0.0302 -0.9184
vn -0.4862 0.0127 -0.8738
vn -0.4485 0.0337 -0.8931
vn -0.5187 0.0571 -0.8530
vn -0.5239 0.0547 -0.8500
vn -0.2533 -0.1500 -0.9557
vn -0.2905 -0.1764 -0.9405
vn -0.3706 -0.1250 -0.9204
vn -0.2991 -0.0793 -0.9509
vn -0.3901 -0.0392 -0.9200
vn -0.3414 -0.0126 -0.9398
vn -0.4244 0.0130 -0.9054
vn -0.4161 0.0169 -0.9091
vn -0.4966 0.0374 -0.8672
vn -0.5016 0.0355 -0.8644
vn -0.1889 -0.1755 -0.9662
vn -0.2298 -0.1977 -0.9529
vn -0.2912 -0.1606 -0.9431
vn -0.2284 -0.1267 -0.9653
vn -0.2867 -0.1016 -0.9526
vn -0.2217 -0.0647 -0.9730
vn -0.3051 -0.0404 -0.9515
vn -0.2821 -0.0282 -0.9590
vn -0.3752 -0.0058 -0.9269
vn -0.3713 -0.0041 -0.9285
vn -0.4619 0.0159 -0.8868
vn -0.4700 0.0131 -0.8826
vn -0.1313 -0.2369 -0.9626
vn -0.1701 -0.2567 -0.9514
vn -0.2284 -0.2249 -0.9472
vn -0.1700 -0.1948 -0.9660
vn -0.1987 -0.1826 -0.9629
vn -0.1028 -0.1237 -0.9870
vn -0.1638 -0.1067 -0.9807
vn -0.1275 -0.0824 -0.9884
vn -0.2142 -0.0626 -0.9748
vn -0.2020 -0.0550 -0.9778
vn -0.3032 -0.0338 -0.9523
vn -0.3050 -0.0347 -0.9517
vn -0.4092 -0.0133 -0.9124
vn -0.4222 -0.0183 -0.9063
vn -0.0731 -0.2943 -0.9529
vn -0.1121 -0.3137 -0.9429
vn -0.1684 -0.2860 -0.9433
vn -0.1402 -0.2719 -0.9521
vn -0.1355 -0.2740 -0.9521
vn -0.0071 -0.1901 -0.9817
vn -0.0149 -0.1880 -0.9821
vn 0.0309 -0.1462 -0.9888
vn -0.0156 -0.1362 -0.9906
vn -0.0004 -0.1190 -0.9929
vn -0.0799 -0.1036 -0.9914
vn -0.0775 -0.1008 -0.9919
vn -0.1842 -0.0805 -0.9796
vn -0.1915 -0.0867 -0.9776
vn -0.3150 -0.0619 -0.9471
vn -0.3357 -0.0738 -0.9391
vn -0.0181 -0.3452 -0.9384
vn -0.0570 -0.3643 -0.9295
vn -0.1102 -0.3407 -0.9337
vn -0.1300 -0.3503 -0.9276
vn -0.1156 -0.3569 -0.9270
vn 0.0329 -0.2635 -0.9641
vn 0.1087 -0.2839 -0.9527
vn 0.1629 -0.2191 -0.9620
vn 0.1947 -0.2254 -0.9546
vn 0.2055 -0.1946 -0.9591
vn 0.1959 -0.1930 -0.9614
vn 0.1963 -0.1843 -0.9631
vn 0.1449 -0.1762 -0.9736
vn 0.1455 -0.1845 -0.9720
vn 0.0486 -0.1688 -0.9845
vn 0.0478 -0.1937 -0.9799
vn -0.0987 -0.1670 -0.9810
vn -0.1155 -0.2109 -0.9707
vn 0.0330 -0.3899 -0.9203
vn -0.0056 -0.4089 -0.9126
vn -0.0550 -0.3891 -0.9196
vn -0.0929 -0.4072 -0.9086
vn -0.1235 -0.3937 -0.9109
vn -0.0198 -0.3391 -0.9406
vn 0.1550 -0.3904 -0.9075
vn 0.2285 -0.3006 -0.9260
vn 0.3631 -0.3237 -0.8737
vn 0.3684 -0.2778 -0.8872
vn 0.4556 -0.2881 -0.8423
vn 0.4502 -0.2736 -0.8500
vn 0.4970 -0.2776 -0.8221
vn 0.5046 -0.2882 -0.8138
vn 0.5131 -0.2887 -0.8083
vn 0.5474 -0.3263 -0.7707
vn 0.5113 -0.3254 -0.7954
vn 0.5856 -0.4021 -0.7039
vn 0.4853 -0.4050 -0.7749
vn 0.6113 -0.5519 -0.5671
vn 0.0764 -0.4309 -0.8991
vn 0.0417 -0.4481 -0.8930
vn -0.0035 -0.4316 -0.9020
vn -0.0413 -0.4498 -0.8922
vn -0.0902 -0.4300 -0.8983
vn -0.0937 -0.4317 -0.8971
vn 0.0626 -0.4879 -0.8707
vn 0.1775 -0.3859 -0.9053
vn 0.4308 -0.4276 -0.7947
vn 0.4411 -0.3679 -0.8186
vn 0.6187 -0.3765 -0.6895
vn 0.6119 -0.3593 -0.7046
vn 0.7251 -0.3536 -0.5909
vn 0.7342 -0.3657 -0.5720
vn 0.7991 -0.3535 -0.4863
vn 0.8282 -0.3853 -0.4069
vn 0.8569 -0.3720 -0.3568
vn 0.8903 -0.4126 -0.1926
vn 0.8954 -0.4067 -0.1811
vn 0.8967 -0.4368 0.0709
vn 0.8895 -0.4532 0.0585
vn 0.8236 -0.4481 0.3477
vn -0.0147 -0.5139 -0.8578
vn 0.0678 -0.4770 -0.8763
vn 0.0440 -0.4690 -0.8821
vn 0.0064 -0.4873 -0.8732
vn -0.0386 -0.4707 -0.8814
vn -0.0753 -0.4881 -0.8695
vn -0.0816 -0.4856 -0.8704
vn -0.0190 -0.4515 -0.8921
vn 0.3389 -0.5341 -0.7745
vn 0.3735 -0.4652 -0.8026
vn 0.6577 -0.4676 -0.5906
vn 0.6544 -0.4503 -0.6074
vn 0.8103 -0.4156 -0.4131
vn 0.8171 -0.4299 -0.3840
vn 0.8881 -0.3866 -0.2485
vn 0.8980 -0.4115 -0.1554
vn 0.9243 -0.3727 -0.0825
vn 0.9167 -0.3937 0.0677
vn 0.9255 -0.3674 0.0919
vn 0.8861 -0.3756 0.2715
vn 0.8897 -0.3664 0.2723
vn 0.8208 -0.3593 0.4441
vn 0.8137 -0.3680 0.4499
vn 0.7338 -0.3491 0.5827
vn -0.2380 -0.5692 -0.7870
vn 0.0108 -0.4892 -0.8721
vn 0.0711 -0.5101 -0.8572
vn 0.0501 -0.5204 -0.8524
vn 0.0092 -0.5065 -0.8622
vn -0.0275 -0.5242 -0.8511
vn -0.0721 -0.5073 -0.8587
vn -0.1073 -0.5240 -0.8449
vn 0.0399 -0.5762 -0.8163
vn 0.0972 -0.5316 -0.8414
vn 0.5447 -0.5764 -0.6091
vn 0.5474 -0.5609 -0.6211
vn 0.7964 -0.4950 -0.3475
vn 0.7995 -0.5151 -0.3089
vn 0.8923 -0.4313 -0.1334
vn 0.8895 -0.4558 -0.0336
vn 0.9197 -0.3901 0.0450
vn 0.8954 -0.4057 0.1836
vn 0.9092 -0.3635 0.2029
vn 0.8610 -0.3677 0.3515
vn 0.8717 -0.3465 0.3465
vn 0.8078 -0.3409 0.4809
vn 0.8121 -0.3363 0.4768
vn 0.7458 -0.3246 0.5818
vn 0.7335 -0.3320 0.5931
vn 0.6776 -0.3182 0.6630
vn -0.4280 -0.6133 -0.6638
vn -0.0898 -0.5456 -0.8333
vn 0.0070 -0.5880 -0.8088
vn 0.0899 -0.5498 -0.8305
vn 0.0531 -0.5381 -0.8412
vn 0.0166 -0.5562 -0.8309
vn -0.0241 -0.5419 -0.8401
vn -0.0596 -0.5590 -0.8270
vn -0.1036 -0.5419 -0.8340
vn -0.1295 -0.5544 -0.8221
vn 0.1807 -0.6457 -0.7419
vn 0.1887 -0.6370 -0.7474
vn 0.6591 -0.6145 -0.4335
vn 0.6543 -0.6487 -0.3888
vn 0.8467 -0.5147 -0.1350
vn 0.8361 -0.5480 -0.0239
vn 0.8947 -0.4396 0.0791
vn 0.8616 -0.4570 0.2210
vn 0.8885 -0.3910 0.2404
vn 0.8352 -0.3950 0.3826
vn 0.8560 -0.3598 0.3712
vn 0.7925 -0.3550 0.4959
vn 0.8074 -0.3402 0.4820
vn 0.7445 -0.3306 0.5800
vn 0.7468 -0.3293 0.5778
vn 0.6936 -0.3182 0.6463
vn 0.6763 -0.3251 0.6610
vn 0.6388 -0.3151 0.7019
vn -0.5590 -0.6481 -0.5172
vn -0.1884 -0.6215 -0.7604
vn -0.1157 -0.6638 -0.7389
vn 0.1134 -0.5722 -0.8122
vn 0.0931 -0.5662 -0.8190
vn 0.0570 -0.5845 -0.8094
vn 0.0200 -0.5724 -0.8197
vn -0.0154 -0.5900 -0.8072
vn -0.0560 -0.5753 -0.8160
vn -0.0900 -0.5920 -0.8009
vn -0.1235 -0.5788 -0.8061
vn -0.1532 -0.5936 -0.7901
vn 0.2416 -0.6958 -0.6764
vn 0.2053 -0.7410 -0.6393
vn 0.6896 -0.6584 -0.3017
vn 0.6685 -0.7216 -0.1802
vn 0.8397 -0.5429 0.0127
vn 0.8006 -0.5728 0.1757
vn 0.8620 -0.4581 0.2170
vn 0.8026 -0.4654 0.3733
vn 0.8408 -0.4044 0.3599
vn 0.7729 -0.4002 0.4924
vn 0.8013 -0.3709 0.4694
vn 0.7355 -0.3614 0.5730
vn 0.7517 -0.3507 0.5586
vn 0.6955 -0.3396 0.6332
vn 0.6946 -0.3400 0.6340
vn 0.6529 -0.3298 0.6819
vn 0.6312 -0.3366 0.6988
vn 0.6058 -0.3291 0.7243
vn -0.9280 0.3725 0.0102
vn -0.9373 0.3467 -0.0352
vn -0.9488 0.3074 -0.0721
vn -0.9623 0.2350 -0.1368
vn -0.9637 0.1679 -0.2075
vn -0.9664 0.1214 -0.2267
vn -0.9747 0.0802 -0.2084
vn -0.9877 0.0360 -0.1519
vn -0.9990 -0.0224 -0.0385
vn -0.9770 -0.1154 0.1792
vn -0.7907 -0.2614 0.5536
vn -0.2988 -0.3752 0.8775
vn 0.1415 -0.3796 0.9143
vn 0.3714 -0.3593 0.8561
vn 0.4892 -0.3490 0.7993
vn -0.9259 0.3776 0.0110
vn -0.9449 0.3176 0.0791
vn -0.9423 0.3329 -0.0355
vn -0.9565 0.2909 0.0205
vn -0.9534 0.2839 0.1019
vn -0.9573 0.2801 -0.0711
vn -0.9660 0.2563 -0.0344
vn -0.9588 0.2837 0.0166
vn -0.9664 0.2542 0.0378
vn -0.9580 0.2731 0.0878
vn -0.9633 0.2522 0.0923
vn -0.9644 0.2274 -0.1349
vn -0.9758 0.2005 -0.0877
vn -0.9722 0.2306 -0.0404
vn -0.9765 0.2140 -0.0239
vn -0.9733 0.2292 0.0108
vn -0.9770 0.2129 0.0134
vn -0.9724 0.2273 0.0525
vn -0.9764 0.2104 0.0481
vn -0.9682 0.1550 -0.1964
vn -0.9803 0.1346 -0.1444
vn -0.9803 0.1780 -0.0854
vn -0.9846 0.1633 -0.0627
vn -0.9845 0.1644 -0.0607
vn -0.9851 0.1613 -0.0597
vn -0.9850 0.1638 -0.0538
vn -0.9868 0.1508 -0.0583
vn -0.9867 0.1577 -0.0404
vn -0.9891 0.1364 -0.0550
vn -0.9752 0.1004 -0.1973
vn -0.9845 0.0864 -0.1529
vn -0.9852 0.1124 -0.1293
vn -0.9923 0.0917 -0.0838
vn -0.9923 0.0930 -0.0816
vn -0.9903 0.1044 -0.0916
vn -0.9858 0.0770 -0.1490
vn -0.9858 0.0771 -0.1490
vn -0.9793 0.0574 -0.1940
vn -0.9773 0.0362 -0.2089
vn -0.9720 0.0256 -0.2334
vn -0.9615 -0.0183 -0.2742
vn -0.9874 0.0486 -0.1505
vn -0.9929 0.0382 -0.1130
vn -0.9929 0.0503 -0.1079
vn -0.9962 0.0393 -0.0772
vn -0.9966 0.0485 -0.0672
vn -0.9971 0.0449 -0.0608
vn -0.9866 -0.0101 -0.1630
vn -0.9857 0.0072 -0.1681
vn -0.9492 -0.0599 -0.3090
vn -0.9464 -0.0716 -0.3148
vn -0.8908 -0.1281 -0.4360
vn -0.8581 -0.1824 -0.4799
vn -0.7956 -0.2221 -0.5637
vn -0.6816 -0.3281 -0.6540
vn -0.9990 -0.0146 -0.0418
vn -0.9996 -0.0207 -0.0179
vn -0.9997 -0.0177 -0.0183
vn -0.9997 -0.0190 -0.0142
vn -0.9996 -0.0233 -0.0163
vn -0.9994 -0.0183 -0.0282
vn -0.9974 -0.0393 -0.0601
vn -0.9971 -0.0333 -0.0681
vn -0.9469 -0.1438 -0.2876
vn -0.9465 -0.1461 -0.2876
vn -0.8123 -0.2570 -0.5236
vn -0.7729 -0.3111 -0.5531
vn -0.5945 -0.3777 -0.7099
vn -0.4378 -0.4758 -0.7628
vn -0.3069 -0.4853 -0.8188
vn -0.0512 -0.5668 -0.8222
vn -0.9790 -0.1087 0.1725
vn -0.9810 -0.1062 0.1622
vn -0.9802 -0.1101 0.1648
vn -0.9883 -0.0967 0.1177
vn -0.9865 -0.1121 0.1191
vn -0.9950 -0.0869 0.0490
vn -0.9931 -0.1141 0.0260
vn -0.9957 -0.0914 -0.0174
vn -0.9876 -0.1291 -0.0890
vn -0.9870 -0.1418 -0.0755
vn -0.8552 -0.3062 -0.4181
vn -0.8297 -0.3616 -0.4252
vn -0.5482 -0.4606 -0.6981
vn -0.3933 -0.5622 -0.7275
vn -0.1849 -0.5479 -0.8159
vn 0.0537 -0.6134 -0.7880
vn 0.1180 -0.5759 -0.8090
vn 0.3303 -0.5947 -0.7330
vn -0.8087 -0.2471 0.5338
vn -0.8537 -0.2343 0.4651
vn -0.8503 -0.2381 0.4693
vn -0.9161 -0.2081 0.3428
vn -0.9057 -0.2303 0.3559
vn -0.9643 -0.1805 0.1935
vn -0.9583 -0.2179 0.1849
vn -0.9881 -0.1511 0.0274
vn -0.9851 -0.1719 -0.0044
vn -0.9847 -0.1742 -0.0005
vn -0.9696 -0.2245 -0.0976
vn -0.9620 -0.2675 -0.0555
vn -0.7355 -0.4586 -0.4988
vn -0.6305 -0.5913 -0.5029
vn -0.2847 -0.5960 -0.7508
vn -0.0298 -0.6918 -0.7215
vn 0.0902 -0.6142 -0.7840
vn 0.3186 -0.6397 -0.6995
vn 0.3276 -0.5951 -0.7338
vn 0.4905 -0.5906 -0.6408
vn -0.3719 -0.3564 0.8571
vn -0.4873 -0.3635 0.7940
vn -0.5074 -0.3553 0.7850
vn -0.6877 -0.3438 0.6394
vn -0.6713 -0.3565 0.6498
vn -0.8588 -0.3058 0.4111
vn -0.8400 -0.3439 0.4197
vn -0.9573 -0.2498 0.1453
vn -0.9483 -0.3010 0.1011
vn -0.9719 -0.2342 -0.0248
vn -0.9753 -0.2210 0.0002
vn -0.9690 -0.2437 0.0397
vn -0.9532 -0.2960 -0.0621
vn -0.9281 -0.3718 0.0218
vn -0.6674 -0.5649 -0.4852
vn -0.4679 -0.7614 -0.4487
vn -0.1424 -0.6799 -0.7194
vn 0.1618 -0.7572 -0.6329
vn 0.2182 -0.6551 -0.7234
vn 0.4353 -0.6604 -0.6118
vn 0.4197 -0.6149 -0.6676
vn 0.5610 -0.6010 -0.5693
vn 0.0422 -0.3712 0.9276
vn -0.0444 -0.4051 0.9132
vn -0.1117 -0.3934 0.9125
vn -0.3028 -0.4343 0.8484
vn -0.3217 -0.4277 0.8448
vn -0.6198 -0.4379 0.6512
vn -0.6001 -0.4549 0.6579
vn -0.8734 -0.3777 0.3074
vn -0.8577 -0.4244 0.2901
vn -0.9559 -0.2935 -0.0112
vn -0.9541 -0.2988 -0.0207
vn -0.9505 -0.3107 -0.0000
vn -0.9564 -0.2893 0.0403
vn -0.9471 -0.3110 0.0789
vn -0.9407 -0.3383 0.0264
vn -0.9016 -0.4122 0.1315
vn -0.7144 -0.6032 -0.3547
vn -0.4737 -0.8468 -0.2418
vn -0.1542 -0.7561 -0.6361
vn 0.1988 -0.8381 -0.5080
vn 0.2380 -0.7143 -0.6582
vn 0.4692 -0.7099 -0.5253
vn 0.4428 -0.6577 -0.6094
vn 0.5845 -0.6368 -0.5028
vn 0.2762 -0.3581 0.8919
vn 0.2401 -0.3963 0.8862
vn 0.1506 -0.3896 0.9086
vn 0.0364 -0.4544 0.8901
vn -0.0302 -0.4420 0.8965
vn -0.2955 -0.5218 0.8002
vn -0.3168 -0.5120 0.7984
vn -0.7089 -0.5174 0.4793
vn -0.6958 -0.5370 0.4769
vn -0.9215 -0.3872 0.0307
vn -0.9157 -0.4018 0.0098
vn -0.9262 -0.3750 -0.0392
vn -0.9351 -0.3543 0.0005
vn -0.9258 -0.3760 0.0393
vn -0.9317 -0.3546 0.0794
vn -0.9198 -0.3748 0.1164
vn -0.9211 -0.3659 0.1328
vn -0.8969 -0.3988 0.1910
vn -0.8406 -0.5321 -0.1010
vn -0.6461 -0.7552 0.1101
vn -0.3650 -0.8145 -0.4509
vn 0.0441 -0.9574 -0.2854
vn 0.1272 -0.8173 -0.5620
vn 0.4155 -0.8149 -0.4040
vn 0.3916 -0.7451 -0.5399
vn 0.5604 -0.7156 -0.4169
vn 0.4016 -0.3511 0.8458
vn 0.3954 -0.3872 0.8329
vn 0.3000 -0.3848 0.8729
vn 0.2478 -0.4523 0.8568
vn 0.1534 -0.4423 0.8837
vn -0.0212 -0.5541 0.8322
vn -0.0954 -0.5328 0.8408
vn -0.4875 -0.6344 0.5999
vn -0.5081 -0.6159 0.6020
vn -0.8602 -0.5035 0.0806
vn -0.8565 -0.5112 0.0717
vn -0.8968 -0.4356 -0.0772
vn -0.9085 -0.4160 -0.0388
vn -0.8991 -0.4377 0.0001
vn -0.9081 -0.4169 0.0398
vn -0.8961 -0.4371 0.0770
vn -0.9020 -0.4156 0.1169
vn -0.8879 -0.4342 0.1518
vn -0.8906 -0.4126 0.1912
vn -0.8751 -0.4293 0.2233
vn -0.8724 -0.4609 0.1628
vn -0.7910 -0.5387 0.2902
vn -0.7243 -0.6858 -0.0705
vn -0.4016 -0.9007 0.1655
vn -0.2431 -0.9174 -0.3150
vn 0.1486 -0.9802 -0.1311
vn 0.1733 -0.9031 -0.3928
vn 0.4239 -0.8716 -0.2461
vn 0.4733 -0.3549 0.8062
vn 0.4833 -0.3892 0.7842
vn 0.3863 -0.3898 0.8360
vn 0.3705 -0.4563 0.8090
vn 0.2612 -0.4496 0.8542
vn 0.1579 -0.5723 0.8047
vn 0.0441 -0.5494 0.8344
vn -0.2831 -0.7166 0.6375
vn -0.3579 -0.6692 0.6512
vn -0.7785 -0.6192 0.1031
vn -0.7900 -0.6009 0.1218
vn -0.8635 -0.4914 -0.1133
vn -0.8775 -0.4733 -0.0770
vn -0.8681 -0.4949 -0.0378
vn -0.8798 -0.4753 0.0004
vn -0.8678 -0.4955 0.0379
vn -0.8767 -0.4747 0.0773
vn -0.8625 -0.4933 0.1125
vn -0.8684 -0.4719 0.1522
vn -0.8528 -0.4886 0.1846
vn -0.8555 -0.4670 0.2237
vn -0.8389 -0.4818 0.2530
vn -0.8386 -0.4606 0.2909
vn -0.8218 -0.4735 0.3170
vn -0.8238 -0.5012 0.2649
vn -0.7364 -0.5627 0.3755
vn -0.7307 -0.6647 0.1553
vn -0.4623 -0.8061 0.3694
vn -0.4183 -0.9078 0.0291
vn -0.0824 -0.9769 0.1970
vn -0.6168 -0.5793 0.5329
vn -0.6873 -0.5310 0.4957
vn -0.6581 -0.5818 0.4780
vn -0.6245 -0.6335 0.4569
vn -0.5864 -0.6852 0.4321
vn -0.5437 -0.7357 0.4038
vn -0.4968 -0.7841 0.3721
vn -0.4461 -0.8289 0.3375
vn -0.3923 -0.8694 0.3004
vn -0.3364 -0.9046 0.2617
vn -0.2795 -0.9341 0.2220
vn -0.2225 -0.9578 0.1821
vn -0.1665 -0.9757 0.1427
vn -0.1122 -0.9882 0.1045
vn -0.0603 -0.9959 0.0677
vn -0.6927 -0.5083 0.5116
vn -0.6634 -0.5080 0.5494
vn -0.6662 -0.5514 0.5022
vn -0.6423 -0.5509 0.5329
vn -0.6494 -0.5213 0.5536
vn -0.6241 -0.5190 0.5841
vn -0.6336 -0.6034 0.4842
vn -0.6094 -0.6027 0.5151
vn -0.6175 -0.5728 0.5391
vn -0.5916 -0.5701 0.5701
vn -0.5987 -0.5412 0.5905
vn -0.5716 -0.5365 0.6208
vn -0.5964 -0.6561 0.4625
vn -0.5720 -0.6552 0.4935
vn -0.5811 -0.6254 0.5208
vn -0.5548 -0.6225 0.5521
vn -0.5628 -0.5930 0.5758
vn -0.5351 -0.5880 0.6066
vn -0.5421 -0.5599 0.6266
vn -0.5135 -0.5528 0.6563
vn -0.5546 -0.7082 0.4369
vn -0.5300 -0.7072 0.4680
vn -0.5400 -0.6783 0.4983
vn -0.5134 -0.6751 0.5299
vn -0.5225 -0.6457 0.5568
vn -0.4942 -0.6403 0.5880
vn -0.5022 -0.6115 0.6114
vn -0.4729 -0.6039 0.6416
vn -0.4797 -0.5768 0.6612
vn -0.4500 -0.5672 0.6898
vn -0.5083 -0.7588 0.4073
vn -0.4836 -0.7575 0.4386
vn -0.4944 -0.7302 0.4716
vn -0.4675 -0.7267 0.5033
vn -0.4776 -0.6981 0.5334
vn -0.4489 -0.6924 0.5649
vn -0.4579 -0.6636 0.5916
vn -0.4280 -0.6555 0.6222
vn -0.4359 -0.6275 0.6452
vn -0.4054 -0.6173 0.6742
vn -0.4120 -0.5912 0.6933
vn -0.3816 -0.5792 0.7204
vn -0.4580 -0.8064 0.3741
vn -0.4332 -0.8050 0.4055
vn -0.4447 -0.7798 0.4406
vn -0.4176 -0.7761 0.4725
vn -0.4284 -0.7491 0.5053
vn -0.3994 -0.7430 0.5371
vn -0.4094 -0.7148 0.5669
vn -0.3790 -0.7064 0.5978
vn -0.3879 -0.6782 0.6242
vn -0.3568 -0.6675 0.6536
vn -0.3645 -0.6403 0.6762
vn -0.3333 -0.6276 0.7035
vn -0.3398 -0.6024 0.7222
vn -0.3091 -0.5882 0.7473
vn -0.4045 -0.8499 0.3377
vn -0.3794 -0.8483 0.3692
vn -0.3914 -0.8260 0.4057
vn -0.3640 -0.8221 0.4378
vn -0.3755 -0.7972 0.4728
vn -0.3462 -0.7908 0.5048
vn -0.3570 -0.7641 0.5373
vn -0.3262 -0.7552 0.5685
vn -0.3362 -0.7276 0.5980
vn -0.3046 -0.7164 0.6277
vn -0.3134 -0.6888 0.6537
vn -0.2816 -0.6756 0.6813
vn -0.2891 -0.6492 0.7036
vn -0.2578 -0.6344 0.7288
vn -0.2640 -0.6100 0.7471
vn -0.2337 -0.5940 0.7698
vn -0.3485 -0.8885 0.2987
vn -0.3233 -0.8867 0.3305
vn -0.3354 -0.8674 0.3675
vn -0.3078 -0.8634 0.3998
vn -0.3198 -0.8412 0.4361
vn -0.2902 -0.8345 0.4683
vn -0.3016 -0.8099 0.5030
vn -0.2705 -0.8008 0.5344
vn -0.2813 -0.7744 0.5667
vn -0.2493 -0.7629 0.5966
vn -0.2591 -0.7357 0.6258
vn -0.2268 -0.7220 0.6537
vn -0.2355 -0.6950 0.6794
vn -0.2036 -0.6796 0.7047
vn -0.2110 -0.6538 0.7267
vn -0.1801 -0.6372 0.7494
vn -0.1862 -0.6134 0.7675
vn -0.1567 -0.5961 0.7875
vn -0.2912 -0.9213 0.2579
vn -0.2657 -0.9194 0.2900
vn -0.2778 -0.9034 0.3267
vn -0.2500 -0.8991 0.3593
vn -0.2621 -0.8800 0.3960
vn -0.2322 -0.8732 0.4285
vn -0.2441 -0.8513 0.4645
vn -0.2127 -0.8418 0.4961
vn -0.2241 -0.8175 0.5306
vn -0.1918 -0.8055 0.5607
vn -0.2024 -0.7796 0.5927
vn -0.1698 -0.7655 0.6207
vn -0.1795 -0.7387 0.6497
vn -0.1472 -0.7229 0.6751
vn -0.1557 -0.6964 0.7006
vn -0.1244 -0.6792 0.7233
vn -0.1316 -0.6539 0.7450
vn -0.1018 -0.6360 0.7650
vn -0.1077 -0.6127 0.7829
vn -0.0796 -0.5945 0.8002
vn -0.2336 -0.9480 0.2162
vn -0.2079 -0.9460 0.2487
vn -0.2196 -0.9333 0.2842
vn -0.1916 -0.9289 0.3171
vn -0.2035 -0.9130 0.3535
vn -0.1735 -0.9060 0.3862
vn -0.1856 -0.8871 0.4227
vn -0.1539 -0.8773 0.4545
vn -0.1658 -0.8557 0.4903
vn -0.1331 -0.8434 0.5206
vn -0.1445 -0.8194 0.5547
vn -0.1115 -0.8048 0.5829
vn -0.1221 -0.7793 0.6147
vn -0.0895 -0.7629 0.6403
vn -0.0990 -0.7366 0.6690
vn -0.0674 -0.7190 0.6918
vn -0.0757 -0.6929 0.7170
vn -0.0456 -0.6745 0.7369
vn -0.0526 -0.6496 0.7585
vn -0.0243 -0.6309 0.7755
vn -0.0300 -0.6079 0.7934
vn -0.0037 -0.5893 0.8079
vn -0.1768 -0.9687 0.1744
vn -0.1509 -0.9666 0.2072
vn -0.1620 -0.9569 0.2410
vn -0.1338 -0.9524 0.2741
vn -0.1454 -0.9398 0.3094
vn -0.1151 -0.9325 0.3423
vn -0.1271 -0.9169 0.3784
vn -0.0953 -0.9069 0.4105
vn -0.1073 -0.8882 0.4468
vn -0.0744 -0.8756 0.4772
vn -0.0863 -0.8542 0.5128
vn -0.0530 -0.8393 0.5411
vn -0.0643 -0.8156 0.5750
vn -0.0314 -0.7988 0.6008
vn -0.0419 -0.7736 0.6323
vn -0.0099 -0.7554 0.6552
vn -0.0193 -0.7295 0.6837
vn 0.0111 -0.7106 0.7035
vn 0.0029 -0.6849 0.7286
vn 0.0315 -0.6657 0.7455
vn 0.0246 -0.6411 0.7670
vn 0.0510 -0.6221 0.7812
vn 0.0454 -0.5994 0.7992
vn 0.0696 -0.5809 0.8110
vn -0.1217 -0.9836 0.1334
vn -0.0955 -0.9814 0.1665
vn -0.1058 -0.9745 0.1979
vn -0.0775 -0.9698 0.2312
vn -0.0885 -0.9602 0.2647
vn -0.0582 -0.9529 0.2978
vn -0.0698 -0.9404 0.3329
vn -0.0379 -0.9302 0.3651
vn -0.0498 -0.9147 0.4011
vn -0.0169 -0.9019 0.4317
vn -0.0288 -0.8833 0.4678
vn 0.0046 -0.8681 0.4963
vn -0.0072 -0.8469 0.5317
vn 0.0260 -0.8297 0.5575
vn 0.0148 -0.8064 0.5913
vn 0.0470 -0.7878 0.6142
vn 0.0367 -0.7629 0.6455
vn 0.0674 -0.7435 0.6654
vn 0.0581 -0.7179 0.6937
vn 0.0869 -0.6983 0.7105
vn 0.0789 -0.6729 0.7355
vn 0.1054 -0.6535 0.7496
vn 0.0987 -0.6291 0.7710
vn 0.1229 -0.6103 0.7826
vn 0.1175 -0.5876 0.8006
vn 0.1394 -0.5697 0.8100
vn -0.0688 -0.9932 0.0937
vn -0.0426 -0.9910 0.1270
vn -0.0520 -0.9864 0.1558
vn -0.0236 -0.9816 0.1892
vn -0.0339 -0.9748 0.2205
vn -0.0036 -0.9673 0.2536
vn -0.0146 -0.9578 0.2871
vn 0.0173 -0.9475 0.3193
vn 0.0057 -0.9351 0.3544
vn 0.0387 -0.9221 0.3850
vn 0.0268 -0.9067 0.4210
vn 0.0603 -0.8912 0.4496
vn 0.0483 -0.8728 0.4856
vn 0.0816 -0.8554 0.5116
vn 0.0699 -0.8344 0.5468
vn 0.1024 -0.8154 0.5698
vn 0.0913 -0.7923 0.6033
vn 0.1223 -0.7724 0.6232
vn 0.1121 -0.7478 0.6543
vn 0.1412 -0.7277 0.6712
vn 0.1321 -0.7025 0.6993
vn 0.1589 -0.6826 0.7133
vn 0.1510 -0.6575 0.7381
vn 0.1753 -0.6383 0.7496
vn 0.1688 -0.6141 0.7709
vn 0.1907 -0.5959 0.7801
vn 0.1853 -0.5732 0.7981
vn 0.2049 -0.5561 0.8054
vn -0.0188 -0.9983 0.0559
vn 0.0074 -0.9960 0.0893
vn -0.0011 -0.9933 0.1152
vn 0.0273 -0.9885 0.1487
vn 0.0178 -0.9840 0.1775
vn 0.0480 -0.9764 0.2105
vn 0.0377 -0.9696 0.2419
vn 0.0695 -0.9592 0.2741
vn 0.0584 -0.9497 0.3076
vn 0.0914 -0.9366 0.3383
vn 0.0798 -0.9242 0.3734
vn 0.1133 -0.9086 0.4020
vn 0.1013 -0.8933 0.4380
vn 0.1347 -0.8755 0.4640
vn 0.1228 -0.8573 0.4999
vn 0.1555 -0.8380 0.5231
vn 0.1439 -0.8172 0.5581
vn 0.1751 -0.7969 0.5782
vn 0.1642 -0.7741 0.6114
vn 0.1935 -0.7535 0.6284
vn 0.1835 -0.7293 0.6592
vn 0.2105 -0.7088 0.6732
vn 0.2016 -0.6840 0.7011
vn 0.2262 -0.6643 0.7124
vn 0.2184 -0.6395 0.7371
vn 0.2405 -0.6209 0.7461
vn 0.2340 -0.5969 0.7674
vn 0.2536 -0.5795 0.7745
vn 0.2484 -0.5569 0.7926
vn 0.2657 -0.5409 0.7980
vn 0.3092 -0.5390 0.7835
vn 0.2968 -0.5779 0.7602
vn 0.2832 -0.6195 0.7321
vn 0.2683 -0.6632 0.6987
vn 0.2521 -0.7079 0.6598
vn 0.2344 -0.7527 0.6152
vn 0.2155 -0.7963 0.5652
vn 0.1955 -0.8375 0.5103
vn 0.1746 -0.8751 0.4513
vn 0.1531 -0.9083 0.3893
vn 0.1313 -0.9364 0.3255
vn 0.1097 -0.9590 0.2612
vn 0.0884 -0.9763 0.1976
vn 0.0678 -0.9884 0.1357
vn 0.0481 -0.9959 0.0762
vn 0.3158 -0.5486 0.7742
vn 0.3598 -0.5442 0.7579
vn 0.3049 -0.5897 0.7478
vn 0.3484 -0.5857 0.7319
vn 0.3676 -0.5556 0.7458
vn 0.4118 -0.5485 0.7277
vn 0.2928 -0.6335 0.7162
vn 0.3355 -0.6297 0.7006
vn 0.3576 -0.5991 0.7164
vn 0.4013 -0.5924 0.6986
vn 0.4207 -0.5617 0.7124
vn 0.4645 -0.5518 0.6927
vn 0.2791 -0.6790 0.6790
vn 0.3212 -0.6755 0.6637
vn 0.3460 -0.6451 0.6813
vn 0.3892 -0.6386 0.6638
vn 0.4115 -0.6073 0.6796
vn 0.4550 -0.5978 0.6601
vn 0.4744 -0.5665 0.6738
vn 0.5172 -0.5538 0.6525
vn 0.2638 -0.7253 0.6360
vn 0.3052 -0.7220 0.6210
vn 0.3326 -0.6923 0.6404
vn 0.3753 -0.6861 0.6232
vn 0.4003 -0.6550 0.6408
vn 0.4435 -0.6458 0.6215
vn 0.4658 -0.6139 0.6373
vn 0.5085 -0.6015 0.6162
vn 0.5279 -0.5697 0.6298
vn 0.5691 -0.5544 0.6073
vn 0.2467 -0.7710 0.5872
vn 0.2875 -0.7679 0.5725
vn 0.3171 -0.7398 0.5935
vn 0.3594 -0.7338 0.5765
vn 0.3870 -0.7035 0.5960
vn 0.4298 -0.6945 0.5770
vn 0.4550 -0.6628 0.5947
vn 0.4974 -0.6507 0.5737
vn 0.5198 -0.6183 0.5895
vn 0.5609 -0.6032 0.5670
vn 0.5803 -0.5710 0.5806
vn 0.6193 -0.5532 0.5571
vn 0.2278 -0.8148 0.5331
vn 0.2681 -0.8118 0.5187
vn 0.2995 -0.7860 0.5409
vn 0.3414 -0.7802 0.5241
vn 0.3713 -0.7516 0.5453
vn 0.4137 -0.7428 0.5264
vn 0.4415 -0.7120 0.5460
vn 0.4837 -0.7001 0.5252
vn 0.5090 -0.6679 0.5430
vn 0.5500 -0.6530 0.5207
vn 0.5724 -0.6202 0.5364
vn 0.6113 -0.6026 0.5130
vn 0.6307 -0.5701 0.5266
vn 0.6669 -0.5502 0.5025
vn 0.2074 -0.8555 0.4745
vn 0.2474 -0.8527 0.4602
vn 0.2799 -0.8296 0.4832
vn 0.3214 -0.8240 0.4666
vn 0.3530 -0.7977 0.4890
vn 0.3952 -0.7891 0.4703
vn 0.4252 -0.7600 0.4915
vn 0.4672 -0.7483 0.4709
vn 0.4951 -0.7171 0.4906
vn 0.5359 -0.7024 0.4684
vn 0.5612 -0.6698 0.4863
vn 0.6001 -0.6524 0.4629
vn 0.6225 -0.6192 0.4787
vn 0.6586 -0.5995 0.4548
vn 0.6780 -0.5665 0.4684
vn 0.7110 -0.5451 0.4443
vn 0.1856 -0.8919 0.4124
vn 0.2254 -0.8892 0.3981
vn 0.2583 -0.8693 0.4214
vn 0.2996 -0.8639 0.4049
vn 0.3322 -0.8404 0.4281
vn 0.3742 -0.8320 0.4095
vn 0.4060 -0.8053 0.4320
vn 0.4478 -0.7938 0.4115
vn 0.4779 -0.7643 0.4329
vn 0.5186 -0.7499 0.4108
vn 0.5466 -0.7182 0.4306
vn 0.5853 -0.7010 0.4074
vn 0.6106 -0.6680 0.4253
vn 0.6467 -0.6486 0.4014
vn 0.6691 -0.6149 0.4173
vn 0.7020 -0.5937 0.3933
vn 0.7214 -0.5603 0.4070
vn 0.7508 -0.5380 0.3833
vn 0.1628 -0.9233 0.3480
vn 0.2027 -0.9206 0.3337
vn 0.2352 -0.9041 0.3568
vn 0.2764 -0.8988 0.3404
vn 0.3093 -0.8786 0.3638
vn 0.3512 -0.8703 0.3453
vn 0.3839 -0.8466 0.3685
vn 0.4256 -0.8353 0.3481
vn 0.4574 -0.8083 0.3707
vn 0.4980 -0.7940 0.3487
vn 0.5282 -0.7642 0.3702
vn 0.5669 -0.7471 0.3470
vn 0.5949 -0.7152 0.3670
vn 0.6309 -0.6959 0.3432
vn 0.6562 -0.6625 0.3612
vn 0.6890 -0.6415 0.3373
vn 0.7114 -0.6075 0.3533
vn 0.7407 -0.5853 0.3297
vn 0.7601 -0.5515 0.3435
vn 0.7858 -0.5288 0.3207
vn 0.1395 -0.9491 0.2825
vn 0.1795 -0.9465 0.2682
vn 0.2109 -0.9333 0.2907
vn 0.2522 -0.9280 0.2742
vn 0.2847 -0.9113 0.2974
vn 0.3265 -0.9031 0.2789
vn 0.3595 -0.8828 0.3024
vn 0.4011 -0.8715 0.2820
vn 0.4339 -0.8476 0.3054
vn 0.4744 -0.8334 0.2834
vn 0.5063 -0.8062 0.3062
vn 0.5449 -0.7893 0.2831
vn 0.5751 -0.7592 0.3047
vn 0.6111 -0.7400 0.2810
vn 0.6391 -0.7078 0.3010
vn 0.6718 -0.6869 0.2771
vn 0.6972 -0.6533 0.2953
vn 0.7264 -0.6313 0.2718
vn 0.7488 -0.5969 0.2879
vn 0.7744 -0.5745 0.2653
vn 0.7938 -0.5402 0.2792
vn 0.8158 -0.5178 0.2577
vn 0.1162 -0.9691 0.2175
vn 0.1563 -0.9666 0.2031
vn 0.1860 -0.9566 0.2244
vn 0.2274 -0.9514 0.2079
vn 0.2588 -0.9381 0.2303
vn 0.3006 -0.9299 0.2118
vn 0.3331 -0.9131 0.2351
vn 0.3747 -0.9019 0.2147
vn 0.4077 -0.8814 0.2384
vn 0.4482 -0.8673 0.2164
vn 0.4810 -0.8432 0.2400
vn 0.5197 -0.8264 0.2169
vn 0.5515 -0.7990 0.2398
vn 0.5875 -0.7799 0.2160
vn 0.6177 -0.7496 0.2378
vn 0.6505 -0.7288 0.2139
vn 0.6784 -0.6964 0.2341
vn 0.7076 -0.6745 0.2106
vn 0.7330 -0.6406 0.2289
vn 0.7585 -0.6182 0.2063
vn 0.7809 -0.5836 0.2226
vn 0.8028 -0.5613 0.2012
vn 0.8223 -0.5267 0.2153
vn 0.8407 -0.5051 0.1953
vn 0.0931 -0.9837 0.1538
vn 0.1335 -0.9812 0.1394
vn 0.1611 -0.9740 0.1592
vn 0.2025 -0.9688 0.1427
vn 0.2322 -0.9587 0.1640
vn 0.2740 -0.9506 0.1455
vn 0.3055 -0.9373 0.1681
vn 0.3470 -0.9262 0.1477
vn 0.3796 -0.9092 0.1711
vn 0.4200 -0.8952 0.1492
vn 0.4531 -0.8745 0.1730
vn 0.4917 -0.8577 0.1499
vn 0.5245 -0.8335 0.1736
vn 0.5606 -0.8144 0.1498
vn 0.5924 -0.7869 0.1728
vn 0.6252 -0.7661 0.1490
vn 0.6554 -0.7357 0.1708
vn 0.6847 -0.7138 0.1473
vn 0.7126 -0.6813 0.1675
vn 0.7381 -0.6589 0.1449
vn 0.7634 -0.6249 0.1633
vn 0.7852 -0.6027 0.1420
vn 0.8077 -0.5679 0.1583
vn 0.8260 -0.5464 0.1385
vn 0.8456 -0.5115 0.1528
vn 0.8607 -0.4910 0.1346
vn 0.0708 -0.9932 0.0925
vn 0.1113 -0.9907 0.0780
vn 0.1366 -0.9859 0.0962
vn 0.1779 -0.9808 0.0797
vn 0.2056 -0.9736 0.0996
vn 0.2473 -0.9655 0.0811
vn 0.2772 -0.9553 0.1026
vn 0.3186 -0.9443 0.0823
vn 0.3501 -0.9308 0.1050
vn 0.3905 -0.9168 0.0831
vn 0.4232 -0.8997 0.1067
vn 0.4618 -0.8830 0.0836
vn 0.4949 -0.8623 0.1076
vn 0.5310 -0.8432 0.0838
vn 0.5638 -0.8189 0.1076
vn 0.5967 -0.7981 0.0837
vn 0.6285 -0.7705 0.1067
vn 0.6579 -0.7485 0.0832
vn 0.6879 -0.7181 0.1050
vn 0.7136 -0.6957 0.0824
vn 0.7414 -0.6632 0.1027
vn 0.7633 -0.6409 0.0812
vn 0.7885 -0.6069 0.0997
vn 0.8069 -0.5853 0.0798
vn 0.8293 -0.5504 0.0962
vn 0.8444 -0.5300 0.0781
vn 0.8640 -0.4949 0.0925
vn 0.8762 -0.4759 0.0762
vn 0.0495 -0.9982 0.0343
vn 0.0900 -0.9957 0.0198
vn 0.1127 -0.9930 0.0362
vn 0.1540 -0.9879 0.0197
vn 0.1794 -0.9830 0.0380
vn 0.2210 -0.9751 0.0196
vn 0.2488 -0.9677 0.0397
vn 0.2901 -0.9568 0.0195
vn 0.3201 -0.9465 0.0412
vn 0.3604 -0.9326 0.0194
vn 0.3921 -0.9190 0.0423
vn 0.4306 -0.9023 0.0193
vn 0.4634 -0.8851 0.0431
vn 0.4994 -0.8661 0.0193
vn 0.5326 -0.8453 0.0434
vn 0.5656 -0.8245 0.0194
vn 0.5983 -0.8001 0.0433
vn 0.6279 -0.7780 0.0196
vn 0.6595 -0.7505 0.0427
vn 0.6854 -0.7279 0.0198
vn 0.7153 -0.6976 0.0417
vn 0.7374 -0.6752 0.0201
vn 0.7650 -0.6427 0.0404
vn 0.7836 -0.6210 0.0203
vn 0.8086 -0.5870 0.0388
vn 0.8238 -0.5665 0.0206
vn 0.8462 -0.5316 0.0371
vn 0.8584 -0.5126 0.0207
vn 0.8779 -0.4775 0.0352
vn 0.8876 -0.4602 0.0208
vn 0.8879 -0.4595 -0.0200
vn 0.8587 -0.5121 -0.0201
vn 0.8241 -0.5660 -0.0202
vn 0.7839 -0.6206 -0.0202
vn 0.7377 -0.6749 -0.0203
vn 0.6857 -0.7276 -0.0204
vn 0.6281 -0.7778 -0.0205
vn 0.5658 -0.8243 -0.0206
vn 0.4996 -0.8660 -0.0207
vn 0.4307 -0.9022 -0.0210
vn 0.3605 -0.9325 -0.0212
vn 0.2902 -0.9567 -0.0215
vn 0.2211 -0.9750 -0.0217
vn 0.1540 -0.9878 -0.0219
vn 0.0900 -0.9957 -0.0220
vn 0.8781 -0.4771 -0.0348
vn 0.8771 -0.4743 -0.0760
vn 0.8463 -0.5314 -0.0368
vn 0.8452 -0.5287 -0.0781
vn 0.8647 -0.4936 -0.0928
vn 0.8658 -0.4981 -0.0483
vn 0.8088 -0.5868 -0.0388
vn 0.8077 -0.5841 -0.0800
vn 0.8300 -0.5494 -0.0967
vn 0.8278 -0.5451 -0.1326
vn 0.8013 -0.5874 -0.1134
vn 0.7607 -0.6021 0.2424
vn 0.7652 -0.6425 -0.0406
vn 0.7641 -0.6400 -0.0817
vn 0.7892 -0.6059 -0.1004
vn 0.7864 -0.6008 -0.1434
vn 0.8051 -0.5719 -0.1573
vn 0.8072 -0.5902 -0.0000
vn 0.5474 -0.8115 0.2045
vn 0.3982 -0.6914 0.6029
vn 0.7154 -0.6974 -0.0422
vn 0.7143 -0.6949 -0.0832
vn 0.7419 -0.6624 -0.1036
vn 0.7392 -0.6573 -0.1467
vn 0.7644 -0.6232 -0.1653
vn 0.7625 -0.6198 -0.1854
vn 0.6472 -0.7552 -0.1042
vn 0.5799 -0.7448 0.3302
vn 0.0444 -0.8044 0.5925
vn -0.0075 -0.6341 0.7732
vn 0.6596 -0.7503 -0.0435
vn 0.6585 -0.7479 -0.0844
vn 0.6884 -0.7175 -0.1063
vn 0.6856 -0.7125 -0.1494
vn 0.7134 -0.6798 -0.1698
vn 0.7089 -0.6720 -0.2142
vn 0.7201 -0.6572 -0.2224
vn 0.7279 -0.6827 -0.0630
vn 0.2345 -0.9311 0.2793
vn 0.1529 -0.7758 0.6122
vn -0.3025 -0.6415 0.7050
vn -0.2773 -0.5460 0.7905
vn 0.5984 -0.7999 -0.0443
vn 0.5972 -0.7975 -0.0851
vn 0.6289 -0.7699 -0.1082
vn 0.6261 -0.7649 -0.1513
vn 0.6561 -0.7345 -0.1733
vn 0.6516 -0.7266 -0.2178
vn 0.6795 -0.6939 -0.2382
vn 0.6737 -0.6842 -0.2792
vn 0.5261 -0.8318 -0.1769
vn 0.5011 -0.8474 0.1752
vn -0.2055 -0.8147 0.5423
vn -0.1933 -0.6904 0.6971
vn -0.4752 -0.5252 0.7059
vn -0.4445 -0.4838 0.7539
vn 0.5326 -0.8452 -0.0447
vn 0.5314 -0.8428 -0.0856
vn 0.5641 -0.8184 -0.1094
vn 0.5613 -0.8135 -0.1524
vn 0.5930 -0.7858 -0.1756
vn 0.5884 -0.7780 -0.2201
vn 0.6186 -0.7475 -0.2421
vn 0.6121 -0.7367 -0.2872
vn 0.6376 -0.7070 -0.3058
vn 0.6430 -0.7166 -0.2702
vn 0.1529 -0.9846 0.0845
vn 0.1213 -0.9151 0.3845
vn -0.4344 -0.6670 0.6053
vn -0.4041 -0.6128 0.6791
vn -0.5723 -0.4604 0.6786
vn -0.5592 -0.4491 0.6969
vn 0.4634 -0.8850 -0.0447
vn 0.4622 -0.8827 -0.0856
vn 0.4952 -0.8619 -0.1096
vn 0.4923 -0.8569 -0.1527
vn 0.5251 -0.8325 -0.1765
vn 0.5205 -0.8247 -0.2212
vn 0.5523 -0.7971 -0.2443
vn 0.5458 -0.7863 -0.2895
vn 0.5760 -0.7558 -0.3115
vn 0.5677 -0.7422 -0.3563
vn 0.5383 -0.7733 -0.3350
vn 0.5496 -0.7984 -0.2460
vn -0.1965 -0.9326 0.3027
vn -0.1894 -0.8750 0.4455
vn -0.5504 -0.5816 0.5990
vn -0.5387 -0.5692 0.6212
vn -0.6377 -0.4292 0.6396
vn -0.6475 -0.4356 0.6253
vn 0.3921 -0.9189 -0.0441
vn 0.3908 -0.9165 -0.0853
vn 0.4234 -0.8994 -0.1089
vn 0.4206 -0.8944 -0.1522
vn 0.4536 -0.8737 -0.1761
vn 0.4489 -0.8659 -0.2208
vn 0.4817 -0.8415 -0.2446
vn 0.4752 -0.8308 -0.2899
vn 0.5070 -0.8031 -0.3130
vn 0.4987 -0.7894 -0.3579
vn 0.5290 -0.7589 -0.3798
vn 0.5190 -0.7426 -0.4234
vn 0.3836 -0.8648 -0.3238
vn 0.3906 -0.8872 -0.2458
vn -0.3907 -0.8424 0.3712
vn -0.3851 -0.8310 0.4014
vn -0.6200 -0.5441 0.5653
vn -0.6342 -0.5553 0.5380
vn -0.6889 -0.4217 0.5896
vn -0.7208 -0.4389 0.5364
vn 0.3202 -0.9464 -0.0431
vn 0.3188 -0.9440 -0.0846
vn 0.3503 -0.9305 -0.1073
vn 0.3474 -0.9255 -0.1508
vn 0.3799 -0.9084 -0.1744
vn 0.3752 -0.9006 -0.2192
vn 0.4082 -0.8799 -0.2431
vn 0.4017 -0.8692 -0.2884
vn 0.4345 -0.8448 -0.3122
vn 0.4262 -0.8312 -0.3571
vn 0.4581 -0.8035 -0.3803
vn 0.4480 -0.7871 -0.4239
vn 0.4783 -0.7566 -0.4459
vn 0.4670 -0.7381 -0.4869
vn 0.2288 -0.9248 -0.3040
vn 0.2293 -0.9265 -0.2983
vn -0.4864 -0.7988 0.3540
vn -0.5002 -0.8160 0.2897
vn -0.6681 -0.5411 0.5108
vn -0.7056 -0.5653 0.4272
vn -0.7329 -0.4334 0.5244
vn -0.7819 -0.4563 0.4249
vn 0.2489 -0.9676 -0.0418
vn 0.2475 -0.9653 -0.0835
vn 0.2773 -0.9550 -0.1050
vn 0.2743 -0.9501 -0.1487
vn 0.3057 -0.9366 -0.1714
vn 0.3010 -0.9288 -0.2163
vn 0.3335 -0.9117 -0.2398
vn 0.3270 -0.9010 -0.2852
vn 0.3600 -0.8802 -0.3091
vn 0.3516 -0.8666 -0.3541
vn 0.3845 -0.8422 -0.3779
vn 0.3744 -0.8259 -0.4216
vn 0.4064 -0.7982 -0.4447
vn 0.3949 -0.7796 -0.4861
vn 0.4250 -0.7493 -0.5079
vn 0.4138 -0.7312 -0.5423
vn 0.1404 -0.9352 -0.3252
vn 0.1316 -0.9020 -0.4112
vn -0.5248 -0.8049 0.2771
vn -0.5518 -0.8258 0.1164
vn -0.7021 -0.5673 0.4303
vn -0.7535 -0.5947 0.2802
vn -0.7706 -0.4634 0.4374
vn -0.8267 -0.4855 0.2843
vn 0.1794 -0.9830 -0.0402
vn 0.1780 -0.9806 -0.0822
vn 0.2057 -0.9733 -0.1021
vn 0.2027 -0.9683 -0.1459
vn 0.2324 -0.9581 -0.1674
vn 0.2277 -0.9503 -0.2123
vn 0.2591 -0.9368 -0.2350
vn 0.2525 -0.9261 -0.2804
vn 0.2851 -0.9090 -0.3040
vn 0.2767 -0.8954 -0.3490
vn 0.3098 -0.8746 -0.3729
vn 0.2998 -0.8583 -0.4166
vn 0.3327 -0.8339 -0.4404
vn 0.3212 -0.8152 -0.4819
vn 0.3531 -0.7876 -0.5050
vn 0.3409 -0.7677 -0.5426
vn 0.3687 -0.7399 -0.5626
vn 0.3584 -0.7239 -0.5895
vn 0.1345 -0.9019 -0.4104
vn 0.1111 -0.8291 -0.5479
vn -0.5098 -0.8495 0.1356
vn -0.5311 -0.8391 -0.1174
vn -0.7183 -0.6219 0.3119
vn -0.7660 -0.6369 0.0870
vn -0.7975 -0.5122 0.3189
vn -0.8450 -0.5235 0.1090
vn 0.1127 -0.9929 -0.0384
vn 0.1113 -0.9905 -0.0806
vn 0.1366 -0.9857 -0.0988
vn 0.1336 -0.9807 -0.1426
vn 0.1613 -0.9734 -0.1626
vn 0.1565 -0.9656 -0.2074
vn 0.1863 -0.9554 -0.2290
vn 0.1797 -0.9447 -0.2743
vn 0.2113 -0.9312 -0.2971
vn 0.2029 -0.9176 -0.3420
vn 0.2356 -0.9005 -0.3656
vn 0.2255 -0.8841 -0.4093
vn 0.2587 -0.8634 -0.4332
vn 0.2472 -0.8447 -0.4748
vn 0.2801 -0.8203 -0.4986
vn 0.2675 -0.7998 -0.5373
vn 0.2986 -0.7730 -0.5598
vn 0.2874 -0.7550 -0.5894
vn 0.3132 -0.7298 -0.6077
vn 0.3032 -0.7147 -0.6303
vn 0.1752 -0.8291 -0.5309
vn 0.1373 -0.7407 -0.6576
vn -0.4167 -0.9052 -0.0833
vn -0.4203 -0.8218 -0.3846
vn -0.6983 -0.7026 0.1367
vn -0.7184 -0.6783 -0.1541
vn -0.7998 -0.5794 0.1566
vn -0.8195 -0.5641 -0.1013
vn 0.0495 -0.9981 -0.0365
vn 0.0481 -0.9957 -0.0787
vn 0.0709 -0.9929 -0.0951
vn 0.0679 -0.9880 -0.1388
vn 0.0932 -0.9832 -0.1572
vn 0.0885 -0.9754 -0.2019
vn 0.1163 -0.9681 -0.2220
vn 0.1098 -0.9574 -0.2671
vn 0.1398 -0.9471 -0.2888
vn 0.1314 -0.9336 -0.3335
vn 0.1631 -0.9200 -0.3564
vn 0.1531 -0.9037 -0.3999
vn 0.1859 -0.8865 -0.4237
vn 0.1744 -0.8679 -0.4652
vn 0.2077 -0.8471 -0.4892
vn 0.1950 -0.8265 -0.5280
vn 0.2279 -0.8022 -0.5518
vn 0.2154 -0.7820 -0.5849
vn 0.2437 -0.7579 -0.6052
vn 0.2335 -0.7421 -0.6283
vn 0.2589 -0.7179 -0.6462
vn 0.2494 -0.7038 -0.6652
vn 0.2117 -0.7408 -0.6375
vn 0.1748 -0.6760 -0.7159
vn -0.2180 -0.9091 -0.3551
vn -0.2316 -0.7509 -0.6184
vn -0.6015 -0.7910 -0.1116
vn -0.5848 -0.6950 -0.4182
vn -0.7501 -0.6586 -0.0601
vn -0.7298 -0.5963 -0.3344
vn -0.7206 -0.5703 0.3944
vn -0.7577 -0.5042 0.4143
vn -0.7798 -0.5003 0.3764
vn -0.7997 -0.5096 0.3174
vn -0.8171 -0.5178 0.2535
vn -0.8311 -0.5245 0.1850
vn -0.8411 -0.5290 0.1129
vn -0.8464 -0.5312 0.0382
vn -0.8468 -0.5306 -0.0376
vn -0.8421 -0.5274 -0.1131
vn -0.7108 -0.6902 0.1356
vn -0.1963 -0.7262 0.6589
vn 0.1850 -0.5673 0.8025
vn 0.3679 -0.4571 0.8098
vn 0.4694 -0.3946 0.7900
vn -0.7244 -0.5101 0.4638
vn -0.7103 -0.5294 0.4639
vn -0.7576 -0.5064 0.4118
vn -0.7325 -0.5417 0.4122
vn -0.7099 -0.5454 0.4457
vn -0.6813 -0.5803 0.4461
vn -0.7782 -0.5182 0.3546
vn -0.7533 -0.5535 0.3551
vn -0.7310 -0.5595 0.3907
vn -0.7024 -0.5947 0.3911
vn -0.6797 -0.5981 0.4246
vn -0.6478 -0.6322 0.4250
vn -0.7967 -0.5291 0.2920
vn -0.7720 -0.5643 0.2924
vn -0.7503 -0.5728 0.3299
vn -0.7219 -0.6080 0.3303
vn -0.6994 -0.6139 0.3661
vn -0.6675 -0.6482 0.3665
vn -0.6447 -0.6515 0.3999
vn -0.6097 -0.6841 0.4003
vn -0.8123 -0.5384 0.2244
vn -0.7878 -0.5734 0.2248
vn -0.7672 -0.5846 0.2637
vn -0.7390 -0.6198 0.2641
vn -0.7171 -0.6283 0.3018
vn -0.6852 -0.6627 0.3022
vn -0.6626 -0.6684 0.3380
vn -0.6275 -0.7012 0.3383
vn -0.6048 -0.7044 0.3716
vn -0.5671 -0.7349 0.3720
vn -0.8242 -0.5454 0.1524
vn -0.7999 -0.5804 0.1528
vn -0.7809 -0.5942 0.1925
vn -0.7528 -0.6294 0.1929
vn -0.7320 -0.6406 0.2321
vn -0.7002 -0.6750 0.2324
vn -0.6782 -0.6834 0.2703
vn -0.6431 -0.7163 0.2706
vn -0.6205 -0.7219 0.3064
vn -0.5827 -0.7525 0.3068
vn -0.5600 -0.7555 0.3400
vn -0.5202 -0.7833 0.3403
vn -0.8318 -0.5497 0.0772
vn -0.8076 -0.5846 0.0775
vn -0.7906 -0.6010 0.1174
vn -0.7626 -0.6361 0.1176
vn -0.7434 -0.6500 0.1577
vn -0.7117 -0.6845 0.1580
vn -0.6909 -0.6955 0.1974
vn -0.6558 -0.7286 0.1976
vn -0.6337 -0.7368 0.2356
vn -0.5960 -0.7676 0.2359
vn -0.5732 -0.7730 0.2718
vn -0.5334 -0.8009 0.2721
vn -0.5106 -0.8038 0.3054
vn -0.4696 -0.8283 0.3056
vn -0.8346 -0.5509 -0.0000
vn -0.8105 -0.5858 0.0002
vn -0.7957 -0.6043 0.0395
vn -0.7678 -0.6394 0.0397
vn -0.7507 -0.6558 0.0798
vn -0.7191 -0.6903 0.0800
vn -0.6998 -0.7041 0.1202
vn -0.6648 -0.7372 0.1205
vn -0.6438 -0.7482 0.1600
vn -0.6061 -0.7791 0.1603
vn -0.5839 -0.7872 0.1984
vn -0.5441 -0.8152 0.1986
vn -0.5213 -0.8205 0.2346
vn -0.4803 -0.8451 0.2348
vn -0.4574 -0.8479 0.2682
vn -0.4159 -0.8689 0.2684
vn -0.8324 -0.5487 -0.0776
vn -0.8083 -0.5837 -0.0775
vn -0.7960 -0.6039 -0.0397
vn -0.7681 -0.6391 -0.0396
vn -0.7533 -0.6576 -0.0002
vn -0.7218 -0.6921 -0.0000
vn -0.7046 -0.7085 0.0402
vn -0.6696 -0.7416 0.0404
vn -0.6503 -0.7554 0.0808
vn -0.6125 -0.7863 0.0810
vn -0.5915 -0.7972 0.1207
vn -0.5517 -0.8252 0.1209
vn -0.5295 -0.8333 0.1592
vn -0.4885 -0.8579 0.1594
vn -0.4656 -0.8631 0.1955
vn -0.4242 -0.8842 0.1957
vn -0.4012 -0.8868 0.2292
vn -0.3602 -0.9042 0.2294
vn -0.8263 -0.5424 -0.1518
vn -0.8005 -0.5799 -0.1516
vn -0.7914 -0.5997 -0.1186
vn -0.7635 -0.6349 -0.1185
vn -0.7512 -0.6551 -0.0807
vn -0.7196 -0.6897 -0.0806
vn -0.7048 -0.7082 -0.0410
vn -0.6699 -0.7413 -0.0410
vn -0.6526 -0.7577 -0.0005
vn -0.6149 -0.7886 -0.0004
vn -0.5955 -0.8024 0.0402
vn -0.5558 -0.8304 0.0404
vn -0.5346 -0.8413 0.0803
vn -0.4937 -0.8659 0.0804
vn -0.4713 -0.8739 0.1188
vn -0.4301 -0.8949 0.1190
vn -0.4070 -0.9001 0.1553
vn -0.3663 -0.9174 0.1554
vn -0.3431 -0.9200 0.1893
vn -0.3035 -0.9338 0.1894
vn -0.7011 -0.7034 0.1171
vn -0.6411 -0.7540 0.1429
vn -0.7809 -0.5937 -0.1940
vn -0.7537 -0.6280 -0.1939
vn -0.7444 -0.6484 -0.1599
vn -0.7128 -0.6829 -0.1599
vn -0.7005 -0.7032 -0.1219
vn -0.6656 -0.7363 -0.1219
vn -0.6506 -0.7549 -0.0822
vn -0.6130 -0.7858 -0.0822
vn -0.5956 -0.8022 -0.0415
vn -0.5560 -0.8302 -0.0415
vn -0.5364 -0.8439 -0.0007
vn -0.4956 -0.8686 -0.0006
vn -0.4743 -0.8795 0.0394
vn -0.4332 -0.9004 0.0395
vn -0.4107 -0.9084 0.0782
vn -0.3701 -0.9257 0.0782
vn -0.3469 -0.9308 0.1148
vn -0.3076 -0.9445 0.1149
vn -0.2843 -0.9471 0.1490
vn -0.2468 -0.9575 0.1491
vn -0.1488 -0.7584 0.6346
vn -0.0887 -0.7588 0.6453
vn -0.5997 -0.7970 0.0711
vn -0.6175 -0.7839 0.0648
vn -0.7319 -0.6391 -0.2364
vn -0.7016 -0.6722 -0.2365
vn -0.6918 -0.6936 -0.2007
vn -0.6569 -0.7267 -0.2008
vn -0.6445 -0.7471 -0.1626
vn -0.6069 -0.7779 -0.1627
vn -0.5920 -0.7966 -0.1228
vn -0.5523 -0.8245 -0.1228
vn -0.5349 -0.8409 -0.0821
vn -0.4940 -0.8656 -0.0821
vn -0.4744 -0.8793 -0.0411
vn -0.4333 -0.9003 -0.0411
vn -0.4120 -0.9112 -0.0009
vn -0.3715 -0.9284 -0.0009
vn -0.3489 -0.9364 0.0380
vn -0.3098 -0.9500 0.0380
vn -0.2865 -0.9552 0.0748
vn -0.2493 -0.9655 0.0749
vn -0.2258 -0.9680 0.1093
vn -0.1910 -0.9755 0.1094
vn 0.2515 -0.5870 0.7696
vn 0.2657 -0.5831 0.7677
vn 0.0037 -0.8112 0.5848
vn -0.0626 -0.8159 0.5748
vn -0.5393 -0.8393 -0.0691
vn -0.6205 -0.7790 -0.0901
vn -0.6792 -0.6800 -0.2760
vn -0.6444 -0.7131 -0.2761
vn -0.6346 -0.7346 -0.2402
vn -0.5970 -0.7654 -0.2403
vn -0.5846 -0.7858 -0.2020
vn -0.5450 -0.8137 -0.2021
vn -0.5299 -0.8324 -0.1621
vn -0.4891 -0.8570 -0.1621
vn -0.4716 -0.8734 -0.1213
vn -0.4305 -0.8944 -0.1213
vn -0.4109 -0.9082 -0.0803
vn -0.3704 -0.9254 -0.0803
vn -0.3490 -0.9363 -0.0400
vn -0.3099 -0.9499 -0.0399
vn -0.2873 -0.9578 -0.0010
vn -0.2502 -0.9682 -0.0010
vn -0.2268 -0.9733 0.0360
vn -0.1923 -0.9807 0.0360
vn -0.1686 -0.9831 0.0708
vn -0.1369 -0.9880 0.0708
vn 0.4343 -0.4688 0.7692
vn 0.4285 -0.4710 0.7711
vn 0.3591 -0.6081 0.7081
vn 0.2998 -0.6297 0.7167
vn 0.0702 -0.8847 0.4609
vn -0.1367 -0.8975 0.4193
vn -0.5220 -0.8149 -0.2518
vn -0.6083 -0.7491 -0.2625
vn -0.6213 -0.7180 -0.3137
vn -0.5839 -0.7488 -0.3138
vn -0.5740 -0.7704 -0.2777
vn -0.5344 -0.7983 -0.2778
vn -0.5219 -0.8187 -0.2393
vn -0.4811 -0.8433 -0.2394
vn -0.4660 -0.8620 -0.1993
vn -0.4249 -0.8830 -0.1994
vn -0.4074 -0.8994 -0.1584
vn -0.3668 -0.9167 -0.1585
vn -0.3471 -0.9304 -0.1174
vn -0.3079 -0.9441 -0.1175
vn -0.2866 -0.9549 -0.0771
vn -0.2495 -0.9653 -0.0772
vn -0.2269 -0.9732 -0.0382
vn -0.1924 -0.9806 -0.0382
vn -0.1690 -0.9856 -0.0011
vn -0.1374 -0.9905 -0.0011
vn -0.1136 -0.9930 0.0339
vn -0.0852 -0.9958 0.0339
vn 0.5334 -0.4023 0.7441
vn 0.5197 -0.4090 0.7501
vn 0.5097 -0.4844 0.7111
vn 0.4624 -0.5082 0.7266
vn 0.4189 -0.6606 0.6230
vn 0.2796 -0.7212 0.6338
vn 0.0295 -0.9731 0.2284
vn -0.3246 -0.9372 0.1278
vn -0.5320 -0.7583 -0.3767
vn -0.5671 -0.7321 -0.3775
vn -0.5606 -0.7511 -0.3486
vn -0.5212 -0.7789 -0.3488
vn -0.5112 -0.8006 -0.3124
vn -0.4705 -0.8252 -0.3126
vn -0.4579 -0.8457 -0.2740
vn -0.4167 -0.8667 -0.2741
vn -0.4016 -0.8854 -0.2339
vn -0.3609 -0.9028 -0.2340
vn -0.3434 -0.9191 -0.1931
vn -0.3040 -0.9329 -0.1931
vn -0.2844 -0.9465 -0.1522
vn -0.2471 -0.9569 -0.1523
vn -0.2258 -0.9677 -0.1120
vn -0.1912 -0.9751 -0.1121
vn -0.1686 -0.9830 -0.0732
vn -0.1370 -0.9879 -0.0732
vn -0.1136 -0.9929 -0.0361
vn -0.0852 -0.9957 -0.0361
vn -0.0614 -0.9981 -0.0011
vn -0.0361 -0.9993 -0.0011
vn -0.6473 -0.6886 -0.3269
vn -0.4514 -0.7920 -0.4111
vn -0.0459 -0.7994 -0.5990
vn 0.2090 -0.6763 -0.7063
vn 0.2052 -0.7046 -0.6793
vn 0.1898 -0.7425 -0.6424
vn 0.1735 -0.7821 -0.5986
vn 0.1556 -0.8266 -0.5409
vn 0.1350 -0.8679 -0.4780
vn 0.1136 -0.9037 -0.4128
vn 0.0917 -0.9336 -0.3464
vn 0.0698 -0.9575 -0.2800
vn 0.0482 -0.9754 -0.2149
vn 0.0273 -0.9880 -0.1519
vn 0.0074 -0.9957 -0.0918
vn -0.3819 -0.6801 -0.6258
vn -0.2319 -0.7457 -0.6247
vn -0.0350 -0.6760 -0.7361
vn 0.0752 -0.6918 -0.7182
vn 0.0670 -0.5954 -0.8007
vn 0.1192 -0.6011 -0.7902
vn 0.2006 -0.6488 -0.7340
vn 0.1677 -0.6479 -0.7430
vn 0.1624 -0.6293 -0.7600
vn 0.1148 -0.6255 -0.7717
vn 0.1102 -0.6079 -0.7863
vn 0.0609 -0.6012 -0.7968
vn 0.1979 -0.6849 -0.7012
vn 0.1528 -0.6834 -0.7139
vn 0.1464 -0.6640 -0.7332
vn 0.0988 -0.6599 -0.7449
vn 0.0933 -0.6413 -0.7616
vn 0.0439 -0.6342 -0.7719
vn 0.0392 -0.6168 -0.7862
vn -0.0114 -0.6066 -0.7949
vn 0.1816 -0.7224 -0.6672
vn 0.1367 -0.7205 -0.6798
vn 0.1294 -0.7005 -0.7019
vn 0.0819 -0.6959 -0.7134
vn 0.0754 -0.6764 -0.7327
vn 0.0260 -0.6689 -0.7429
vn 0.0204 -0.6503 -0.7594
vn -0.0302 -0.6398 -0.7680
vn -0.0349 -0.6223 -0.7820
vn -0.0858 -0.6087 -0.7888
vn 0.1639 -0.7612 -0.6274
vn 0.1195 -0.7590 -0.6401
vn 0.1111 -0.7384 -0.6651
vn 0.0639 -0.7335 -0.6767
vn 0.0565 -0.7131 -0.6988
vn 0.0072 -0.7052 -0.7089
vn 0.0007 -0.6854 -0.7282
vn -0.0498 -0.6745 -0.7366
vn -0.0554 -0.6557 -0.7530
vn -0.1063 -0.6417 -0.7596
vn -0.1111 -0.6241 -0.7734
vn -0.1482 -0.6119 -0.7770
vn 0.1432 -0.8028 -0.5788
vn 0.1022 -0.8005 -0.5906
vn 0.0918 -0.7775 -0.6222
vn 0.0450 -0.7722 -0.6337
vn 0.0366 -0.7511 -0.6591
vn -0.0123 -0.7430 -0.6692
vn -0.0199 -0.7221 -0.6915
vn -0.0701 -0.7108 -0.6999
vn -0.0767 -0.6906 -0.7191
vn -0.1273 -0.6763 -0.7255
vn -0.1331 -0.6571 -0.7419
vn -0.1821 -0.6403 -0.7463
vn -0.1843 -0.6324 -0.7524
vn 0.1876 -0.7220 -0.6660
vn 0.1224 -0.8473 -0.5168
vn 0.0820 -0.8450 -0.5284
vn 0.0694 -0.8208 -0.5669
vn 0.0264 -0.8159 -0.5776
vn 0.0151 -0.7905 -0.6122
vn -0.0324 -0.7822 -0.6221
vn -0.0412 -0.7599 -0.6487
vn -0.0910 -0.7484 -0.6570
vn -0.0986 -0.7269 -0.6796
vn -0.1488 -0.7123 -0.6859
vn -0.1555 -0.6916 -0.7054
vn -0.2052 -0.6741 -0.7096
vn -0.2108 -0.6552 -0.7255
vn 0.0281 -0.7259 -0.6872
vn 0.0997 -0.8173 -0.5676
vn 0.6488 -0.7214 -0.2421
vn 0.1011 -0.8867 -0.4511
vn 0.0606 -0.8844 -0.4627
vn 0.0479 -0.8638 -0.5015
vn 0.0049 -0.8589 -0.5122
vn -0.0076 -0.8347 -0.5507
vn -0.0525 -0.8268 -0.5601
vn -0.0644 -0.7999 -0.5967
vn -0.1113 -0.7887 -0.6046
vn -0.1208 -0.7642 -0.6336
vn -0.1705 -0.7494 -0.6398
vn -0.1782 -0.7272 -0.6629
vn -0.2274 -0.7096 -0.6670
vn -0.2342 -0.6881 -0.6868
vn -0.1723 -0.7112 -0.6816
vn -0.1110 -0.8258 -0.5529
vn 0.5190 -0.8070 -0.2818
vn 0.5942 -0.8020 -0.0612
vn 0.7996 -0.5907 0.1085
vn 0.0796 -0.9202 -0.3833
vn 0.0390 -0.9178 -0.3950
vn 0.0265 -0.9009 -0.4332
vn -0.0166 -0.8959 -0.4439
vn -0.0292 -0.8754 -0.4826
vn -0.0741 -0.8674 -0.4920
vn -0.0866 -0.8433 -0.5304
vn -0.1325 -0.8323 -0.5382
vn -0.1447 -0.8048 -0.5756
vn -0.1908 -0.7909 -0.5814
vn -0.2011 -0.7638 -0.6134
vn -0.2493 -0.7461 -0.6174
vn -0.2572 -0.7228 -0.6414
vn -0.3005 -0.7043 -0.6431
vn -0.2793 -0.7628 -0.5832
vn 0.2146 -0.8619 -0.4595
vn 0.4089 -0.9118 -0.0376
vn 0.7249 -0.6772 0.1262
vn 0.7315 -0.6193 0.2854
vn 0.8129 -0.4906 0.3138
vn 0.0584 -0.9473 -0.3150
vn 0.0175 -0.9450 -0.3267
vn 0.0055 -0.9316 -0.3635
vn -0.0377 -0.9266 -0.3742
vn -0.0501 -0.9097 -0.4122
vn -0.0951 -0.9017 -0.4217
vn -0.1077 -0.8812 -0.4603
vn -0.1536 -0.8702 -0.4681
vn -0.1661 -0.8461 -0.5065
vn -0.2122 -0.8321 -0.5124
vn -0.2243 -0.8046 -0.5497
vn -0.2696 -0.7880 -0.5536
vn -0.2807 -0.7588 -0.5878
vn -0.3256 -0.7392 -0.5895
vn -0.3331 -0.7169 -0.6125
vn -0.1838 -0.7767 -0.6025
vn 0.0282 -0.9820 -0.1870
vn 0.5520 -0.8338 0.0127
vn 0.6185 -0.7062 0.3444
vn 0.7505 -0.5578 0.3543
vn 0.7363 -0.4982 0.4579
vn 0.7870 -0.4291 0.4433
vn 0.0377 -0.9682 -0.2473
vn -0.0035 -0.9659 -0.2591
vn -0.0148 -0.9558 -0.2937
vn -0.0581 -0.9507 -0.3045
vn -0.0701 -0.9374 -0.3411
vn -0.1151 -0.9295 -0.3505
vn -0.1275 -0.9126 -0.3885
vn -0.1734 -0.9016 -0.3963
vn -0.1860 -0.8810 -0.4349
vn -0.2320 -0.8671 -0.4408
vn -0.2445 -0.8429 -0.4792
vn -0.2898 -0.8262 -0.4831
vn -0.3019 -0.7988 -0.5204
vn -0.3454 -0.7797 -0.5222
vn -0.3568 -0.7496 -0.5575
vn -0.3942 -0.7308 -0.5573
vn -0.3454 -0.8384 -0.4217
vn 0.1103 -0.9397 -0.3239
vn 0.3965 -0.8717 0.2880
vn 0.6421 -0.6974 0.3183
vn 0.6494 -0.5606 0.5138
vn 0.7260 -0.4853 0.4873
vn 0.7110 -0.4289 0.5573
vn 0.7477 -0.3926 0.5356
vn 0.0177 -0.9833 -0.1813
vn -0.0236 -0.9809 -0.1932
vn -0.0341 -0.9737 -0.2253
vn -0.0775 -0.9686 -0.2361
vn -0.0888 -0.9586 -0.2707
vn -0.1338 -0.9506 -0.2801
vn -0.1457 -0.9373 -0.3167
vn -0.1916 -0.9263 -0.3245
vn -0.2040 -0.9094 -0.3624
vn -0.2500 -0.8954 -0.3683
vn -0.2626 -0.8749 -0.4070
vn -0.3078 -0.8582 -0.4108
vn -0.3203 -0.8340 -0.4492
vn -0.3639 -0.8150 -0.4510
vn -0.3759 -0.7875 -0.4883
vn -0.4171 -0.7667 -0.4881
vn -0.4275 -0.7393 -0.5203
vn -0.3523 -0.7774 -0.5211
vn -0.0967 -0.9952 -0.0175
vn 0.3497 -0.9325 0.0907
vn 0.5085 -0.6941 0.5095
vn 0.6353 -0.6019 0.4840
vn 0.6366 -0.4809 0.6029
vn 0.6854 -0.4443 0.5769
vn 0.6774 -0.3895 0.6241
vn 0.7014 -0.3724 0.6078
vn -0.0011 -0.9930 -0.1181
vn -0.0426 -0.9906 -0.1300
vn -0.0522 -0.9859 -0.1592
vn -0.0956 -0.9808 -0.1700
vn -0.1061 -0.9736 -0.2021
vn -0.1510 -0.9656 -0.2116
vn -0.1623 -0.9555 -0.2462
vn -0.2081 -0.9446 -0.2539
vn -0.2201 -0.9312 -0.2906
vn -0.2659 -0.9173 -0.2965
vn -0.2783 -0.9003 -0.3346
vn -0.3235 -0.8836 -0.3384
vn -0.3361 -0.8631 -0.3771
vn -0.3796 -0.8440 -0.3789
vn -0.3921 -0.8199 -0.4173
vn -0.4333 -0.7989 -0.4171
vn -0.4453 -0.7716 -0.4543
vn -0.4834 -0.7494 -0.4524
vn -0.4608 -0.7983 -0.3878
vn -0.2608 -0.8894 -0.3754
vn 0.1732 -0.9229 0.3439
vn 0.4217 -0.8320 0.3604
vn 0.5265 -0.5903 0.6119
vn 0.5969 -0.5480 0.5860
vn 0.6101 -0.4382 0.6601
vn 0.6363 -0.4233 0.6450
vn 0.6401 -0.3683 0.6743
vn 0.6490 -0.3636 0.6683
vn -0.0189 -0.9981 -0.0583
vn -0.0603 -0.9957 -0.0702
vn -0.0689 -0.9930 -0.0964
vn -0.1122 -0.9879 -0.1072
vn -0.1218 -0.9831 -0.1365
vn -0.1665 -0.9752 -0.1459
vn -0.1771 -0.9679 -0.1781
vn -0.2226 -0.9570 -0.1859
vn -0.2340 -0.9468 -0.2207
vn -0.2797 -0.9330 -0.2266
vn -0.2917 -0.9195 -0.2634
vn -0.3367 -0.9029 -0.2673
vn -0.3492 -0.8859 -0.3055
vn -0.3927 -0.8668 -0.3073
vn -0.4052 -0.8462 -0.3460
vn -0.4465 -0.8253 -0.3458
vn -0.4589 -0.8012 -0.3841
vn -0.4971 -0.7790 -0.3822
vn -0.5091 -0.7517 -0.4193
vn -0.5391 -0.7321 -0.4163
vn -0.4245 -0.8938 -0.1449
vn -0.1629 -0.9809 -0.1067
vn 0.2812 -0.8034 0.5248
vn 0.4065 -0.7557 0.5135
vn 0.5121 -0.5362 0.6710
vn 0.5429 -0.5216 0.6582
vn 0.5763 -0.4173 0.7026
vn 0.5792 -0.4161 0.7010
vn 0.5992 -0.3596 0.7153
vn 0.5896 -0.3635 0.7213
vt 0.181819 0.000000
vt 0.187501 0.009841
vt 0.176137 0.009841
vt 0.272728 0.157461
vt 0.278410 0.147620
vt 0.284092 0.157461
vt 0.909091 0.000000
vt 0.914773 0.009841
vt 0.903409 0.009841
vt 0.727273 0.000000
vt 0.732955 0.009841
vt 0.721591 0.009841
vt 0.545455 0.000000
vt 0.551137 0.009841
vt 0.539773 0.009841
vt 0.278410 0.167302
vt 0.090910 0.157461
vt 0.102274 0.157461
vt 0.096592 0.167302
vt 0.818182 0.157461
vt 0.829546 0.157461
vt 0.823864 0.167302
vt 0.636364 0.157461
vt 0.647728 0.157461
vt 0.642046 0.167302
vt 0.454546 0.157461
vt 0.465910 0.157461
vt 0.460228 0.167302
vt 0.267046 0.167302
vt 0.085228 0.167302
vt 0.812500 0.167302
vt 0.630682 0.167302
vt 0.448864 0.167302
vt 0.181819 0.314921
vt 0.193183 0.314921
vt 0.187501 0.324762
vt 0.000000 0.314921
vt 0.011364 0.314921
vt 0.005682 0.324762
vt 0.727273 0.314921
vt 0.738637 0.314921
vt 0.732955 0.324762
vt 0.545455 0.314921
vt 0.556819 0.314921
vt 0.551137 0.324762
vt 0.363637 0.314921
vt 0.375001 0.314921
vt 0.369319 0.324762
vt 0.448864 0.462541
vt 0.460228 0.462541
vt 0.454546 0.472382
vt 0.443182 0.452699
vt 0.454546 0.452699
vt 0.437501 0.442858
vt 0.448864 0.442858
vt 0.431819 0.433017
vt 0.443182 0.433017
vt 0.426137 0.423175
vt 0.437501 0.423176
vt 0.420455 0.413334
vt 0.431819 0.413334
vt 0.414773 0.403493
vt 0.426137 0.403493
vt 0.409092 0.393652
vt 0.420455 0.393652
vt 0.403410 0.383810
vt 0.414773 0.383810
vt 0.397728 0.373969
vt 0.409092 0.373969
vt 0.392046 0.364128
vt 0.403410 0.364128
vt 0.386364 0.354286
vt 0.397728 0.354286
vt 0.380682 0.344445
vt 0.392046 0.344445
vt 0.375001 0.334604
vt 0.386364 0.334604
vt 0.380682 0.324762
vt 0.465910 0.452699
vt 0.460228 0.442858
vt 0.471591 0.442858
vt 0.454546 0.433017
vt 0.465910 0.433017
vt 0.477273 0.433017
vt 0.448864 0.423175
vt 0.460228 0.423175
vt 0.471591 0.423175
vt 0.482955 0.423175
vt 0.443182 0.413334
vt 0.454546 0.413334
vt 0.465910 0.413334
vt 0.477273 0.413334
vt 0.488637 0.413334
vt 0.437501 0.403493
vt 0.448864 0.403493
vt 0.460228 0.403493
vt 0.471591 0.403493
vt 0.482955 0.403493
vt 0.494319 0.403493
vt 0.431819 0.393652
vt 0.443182 0.393652
vt 0.454546 0.393652
vt 0.465910 0.393652
vt 0.477273 0.393652
vt 0.488637 0.393652
vt 0.500000 0.393652
vt 0.426137 0.383810
vt 0.437501 0.383810
vt 0.448864 0.383810
vt 0.460228 0.383810
vt 0.471591 0.383810
vt 0.482955 0.383810
vt 0.494319 0.383810
vt 0.505682 0.383810
vt 0.420455 0.373969
vt 0.431819 0.373969
vt 0.443182 0.373969
vt 0.454546 0.373969
vt 0.465910 0.373969
vt 0.477273 0.373969
vt 0.488637 0.373969
vt 0.500000 0.373969
vt 0.511364 0.373969
vt 0.414773 0.364128
vt 0.426137 0.364128
vt 0.437501 0.364128
vt 0.448864 0.364128
vt 0.460228 0.364128
vt 0.471591 0.364128
vt 0.482955 0.364128
vt 0.494319 0.364128
vt 0.505682 0.364128
vt 0.517046 0.364128
vt 0.409092 0.354286
vt 0.420455 0.354286
vt 0.431819 0.354286
vt 0.443182 0.354286
vt 0.454546 0.354286
vt 0.465910 0.354286
vt 0.477273 0.354286
vt 0.488637 0.354286
vt 0.500000 0.354286
vt 0.511364 0.354286
vt 0.522728 0.354286
vt 0.403410 0.344445
vt 0.414773 0.344445
vt 0.426137 0.344445
vt 0.437501 0.344445
vt 0.448864 0.344445
vt 0.460228 0.344445
vt 0.471591 0.344445
vt 0.482955 0.344445
vt 0.494319 0.344445
vt 0.505682 0.344445
vt 0.517046 0.344445
vt 0.528410 0.344445
vt 0.397728 0.334604
vt 0.409092 0.334604
vt 0.420455 0.334604
vt 0.431819 0.334604
vt 0.443182 0.334604
vt 0.454546 0.334604
vt 0.465910 0.334604
vt 0.477273 0.334604
vt 0.488637 0.334604
vt 0.500000 0.334604
vt 0.511364 0.334604
vt 0.522728 0.334604
vt 0.534091 0.334604
vt 0.392046 0.324762
vt 0.403410 0.324762
vt 0.414773 0.324762
vt 0.426137 0.324762
vt 0.437501 0.324762
vt 0.448864 0.324762
vt 0.460228 0.324762
vt 0.471591 0.324762
vt 0.482955 0.324762
vt 0.494319 0.324762
vt 0.505682 0.324762
vt 0.517046 0.324762
vt 0.528410 0.324762
vt 0.539773 0.324762
vt 0.386364 0.314921
vt 0.397728 0.314921
vt 0.409092 0.314921
vt 0.420455 0.314921
vt 0.431819 0.314921
vt 0.443182 0.314921
vt 0.454546 0.314921
vt 0.465910 0.314921
vt 0.477273 0.314921
vt 0.488637 0.314921
vt 0.500000 0.314921
vt 0.511364 0.314921
vt 0.522728 0.314921
vt 0.534091 0.314921
vt 0.630682 0.462541
vt 0.642046 0.462541
vt 0.636364 0.472382
vt 0.625000 0.452699
vt 0.636364 0.452699
vt 0.619318 0.442858
vt 0.630682 0.442858
vt 0.613637 0.433017
vt 0.625000 0.433017
vt 0.607955 0.423175
vt 0.619318 0.423175
vt 0.602273 0.413334
vt 0.613637 0.413334
vt 0.596591 0.403493
vt 0.607955 0.403493
vt 0.590909 0.393652
vt 0.602273 0.393652
vt 0.585228 0.383810
vt 0.596591 0.383810
vt 0.579546 0.373969
vt 0.590909 0.373969
vt 0.573864 0.364128
vt 0.585228 0.364128
vt 0.568182 0.354286
vt 0.579546 0.354286
vt 0.562500 0.344445
vt 0.573864 0.344445
vt 0.556819 0.334604
vt 0.568182 0.334604
vt 0.562500 0.324762
vt 0.647728 0.452699
vt 0.642046 0.442858
vt 0.653409 0.442858
vt 0.636364 0.433017
vt 0.647728 0.433017
vt 0.659091 0.433017
vt 0.630682 0.423175
vt 0.642046 0.423175
vt 0.653409 0.423175
vt 0.664773 0.423175
vt 0.625000 0.413334
vt 0.636364 0.413334
vt 0.647728 0.413334
vt 0.659091 0.413334
vt 0.670455 0.413334
vt 0.619318 0.403493
vt 0.630682 0.403493
vt 0.642046 0.403493
vt 0.653409 0.403493
vt 0.664773 0.403493
vt 0.676137 0.403493
vt 0.613637 0.393652
vt 0.625000 0.393652
vt 0.636364 0.393652
vt 0.647728 0.393652
vt 0.659091 0.393652
vt 0.670455 0.393652
vt 0.681818 0.393652
vt 0.607955 0.383810
vt 0.619319 0.383810
vt 0.630682 0.383810
vt 0.642046 0.383810
vt 0.653409 0.383810
vt 0.664773 0.383810
vt 0.676137 0.383810
vt 0.687500 0.383810
vt 0.602273 0.373969
vt 0.613637 0.373969
vt 0.625000 0.373969
vt 0.636364 0.373969
vt 0.647728 0.373969
vt 0.659091 0.373969
vt 0.670455 0.373969
vt 0.681818 0.373969
vt 0.693182 0.373969
vt 0.596591 0.364128
vt 0.607955 0.364128
vt 0.619318 0.364128
vt 0.630682 0.364128
vt 0.642046 0.364128
vt 0.653409 0.364128
vt 0.664773 0.364128
vt 0.676137 0.364128
vt 0.687500 0.364128
vt 0.698864 0.364128
vt 0.590909 0.354286
vt 0.602273 0.354286
vt 0.613637 0.354286
vt 0.625000 0.354286
vt 0.636364 0.354286
vt 0.647728 0.354286
vt 0.659091 0.354286
vt 0.670455 0.354286
vt 0.681818 0.354286
vt 0.693182 0.354286
vt 0.704546 0.354286
vt 0.585228 0.344445
vt 0.596591 0.344445
vt 0.607955 0.344445
vt 0.619319 0.344445
vt 0.630682 0.344445
vt 0.642046 0.344445
vt 0.653409 0.344445
vt 0.664773 0.344445
vt 0.676137 0.344445
vt 0.687500 0.344445
vt 0.698864 0.344445
vt 0.710228 0.344445
vt 0.579546 0.334604
vt 0.590909 0.334604
vt 0.602273 0.334604
vt 0.613637 0.334604
vt 0.625000 0.334604
vt 0.636364 0.334604
vt 0.647728 0.334604
vt 0.659091 0.334604
vt 0.670455 0.334604
vt 0.681818 0.334604
vt 0.693182 0.334604
vt 0.704546 0.334604
vt 0.715909 0.334604
vt 0.573864 0.324762
vt 0.585228 0.324762
vt 0.596591 0.324762
vt 0.607955 0.324762
vt 0.619319 0.324762
vt 0.630682 0.324762
vt 0.642046 0.324762
vt 0.653409 0.324762
vt 0.664773 0.324762
vt 0.676137 0.324762
vt 0.687500 0.324762
vt 0.698864 0.324762
vt 0.710227 0.324762
vt 0.721591 0.324762
vt 0.568182 0.314921
vt 0.579546 0.314921
vt 0.590909 0.314921
vt 0.602273 0.314921
vt 0.613637 0.314921
vt 0.625000 0.314921
vt 0.636364 0.314921
vt 0.647728 0.314921
vt 0.659091 0.314921
vt 0.670455 0.314921
vt 0.681818 0.314921
vt 0.693182 0.314921
vt 0.704546 0.314921
vt 0.715909 0.314921
vt 0.812500 0.462541
vt 0.823864 0.462541
vt 0.818182 0.472382
vt 0.806818 0.452699
vt 0.818182 0.452699
vt 0.801137 0.442858
vt 0.812500 0.442858
vt 0.795455 0.433017
vt 0.806818 0.433017
vt 0.789773 0.423175
vt 0.801137 0.423175
vt 0.784091 0.413334
vt 0.795455 0.413334
vt 0.778409 0.403493
vt 0.789773 0.403493
vt 0.772727 0.393652
vt 0.784091 0.393652
vt 0.767046 0.383810
vt 0.778409 0.383810
vt 0.761364 0.373969
vt 0.772727 0.373969
vt 0.755682 0.364128
vt 0.767046 0.364128
vt 0.750000 0.354286
vt 0.761364 0.354286
vt 0.744318 0.344445
vt 0.755682 0.344445
vt 0.738637 0.334604
vt 0.750000 0.334604
vt 0.744318 0.324762
vt 0.829546 0.452699
vt 0.823864 0.442858
vt 0.835227 0.442858
vt 0.818182 0.433017
vt 0.829546 0.433017
vt 0.840909 0.433017
vt 0.812500 0.423175
vt 0.823864 0.423175
vt 0.835227 0.423175
vt 0.846591 0.423175
vt 0.806818 0.413334
vt 0.818182 0.413334
vt 0.829546 0.413334
vt 0.840909 0.413334
vt 0.852273 0.413334
vt 0.801137 0.403493
vt 0.812500 0.403493
vt 0.823864 0.403493
vt 0.835227 0.403493
vt 0.846591 0.403493
vt 0.857955 0.403493
vt 0.795455 0.393652
vt 0.806818 0.393652
vt 0.818182 0.393652
vt 0.829546 0.393652
vt 0.840909 0.393652
vt 0.852273 0.393652
vt 0.863636 0.393652
vt 0.789773 0.383810
vt 0.801137 0.383810
vt 0.812500 0.383810
vt 0.823864 0.383810
vt 0.835227 0.383810
vt 0.846591 0.383810
vt 0.857955 0.383810
vt 0.869318 0.383810
vt 0.784091 0.373969
vt 0.795455 0.373969
vt 0.806818 0.373969
vt 0.818182 0.373969
vt 0.829546 0.373969
vt 0.840909 0.373969
vt 0.852273 0.373969
vt 0.863636 0.373969
vt 0.875000 0.373969
vt 0.778409 0.364128
vt 0.789773 0.364128
vt 0.801136 0.364128
vt 0.812500 0.364128
vt 0.823864 0.364128
vt 0.835227 0.364128
vt 0.846591 0.364128
vt 0.857955 0.364128
vt 0.869318 0.364128
vt 0.880682 0.364128
vt 0.772727 0.354286
vt 0.784091 0.354286
vt 0.795455 0.354286
vt 0.806818 0.354286
vt 0.818182 0.354286
vt 0.829546 0.354286
vt 0.840909 0.354286
vt 0.852273 0.354286
vt 0.863636 0.354286
vt 0.875000 0.354286
vt 0.886364 0.354286
vt 0.767046 0.344445
vt 0.778409 0.344445
vt 0.789773 0.344445
vt 0.801136 0.344445
vt 0.812500 0.344445
vt 0.823864 0.344445
vt 0.835227 0.344445
vt 0.846591 0.344445
vt 0.857955 0.344445
vt 0.869318 0.344445
vt 0.880682 0.344445
vt 0.892046 0.344445
vt 0.761364 0.334604
vt 0.772727 0.334604
vt 0.784091 0.334604
vt 0.795455 0.334604
vt 0.806818 0.334604
vt 0.818182 0.334604
vt 0.829546 0.334604
vt 0.840909 0.334604
vt 0.852273 0.334604
vt 0.863636 0.334604
vt 0.875000 0.334604
vt 0.886364 0.334604
vt 0.897727 0.334604
vt 0.755682 0.324762
vt 0.767046 0.324762
vt 0.778409 0.324762
vt 0.789773 0.324762
vt 0.801137 0.324762
vt 0.812500 0.324762
vt 0.823864 0.324762
vt 0.835227 0.324762
vt 0.846591 0.324762
vt 0.857955 0.324762
vt 0.869318 0.324762
vt 0.880682 0.324762
vt 0.892045 0.324762
vt 0.903409 0.324762
vt 0.750000 0.314921
vt 0.761364 0.314921
vt 0.772727 0.314921
vt 0.784091 0.314921
vt 0.795455 0.314921
vt 0.806818 0.314921
vt 0.818182 0.314921
vt 0.829546 0.314921
vt 0.840909 0.314921
vt 0.852273 0.314921
vt 0.863636 0.314921
vt 0.875000 0.314921
vt 0.886364 0.314921
vt 0.897727 0.314921
vt 0.909091 0.314921
vt 0.085228 0.462541
vt 0.096592 0.462541
vt 0.090910 0.472382
vt 0.079546 0.452699
vt 0.090910 0.452699
vt 0.073864 0.442858
vt 0.085228 0.442858
vt 0.068183 0.433017
vt 0.079546 0.433017
vt 0.062501 0.423175
vt 0.073864 0.423175
vt 0.056819 0.413334
vt 0.068182 0.413334
vt 0.051137 0.403493
vt 0.062501 0.403493
vt 0.045455 0.393652
vt 0.056819 0.393652
vt 0.039773 0.383810
vt 0.051137 0.383810
vt 0.034091 0.373969
vt 0.045455 0.373969
vt 0.028409 0.364128
vt 0.039773 0.364128
vt 0.022728 0.354286
vt 0.034091 0.354286
vt 0.017046 0.344445
vt 0.028409 0.344445
vt 0.011364 0.334604
vt 0.022727 0.334604
vt 0.017046 0.324762
vt 0.102274 0.452699
vt 0.096592 0.442858
vt 0.107955 0.442858
vt 0.090910 0.433017
vt 0.102274 0.433017
vt 0.113637 0.433017
vt 0.085228 0.423175
vt 0.096592 0.423175
vt 0.107955 0.423175
vt 0.119319 0.423175
vt 0.079546 0.413334
vt 0.090910 0.413334
vt 0.102274 0.413334
vt 0.113637 0.413334
vt 0.125001 0.413334
vt 0.073864 0.403493
vt 0.085228 0.403493
vt 0.096592 0.403493
vt 0.107955 0.403493
vt 0.119319 0.403493
vt 0.130683 0.403493
vt 0.068182 0.393652
vt 0.079546 0.393652
vt 0.090910 0.393652
vt 0.102273 0.393652
vt 0.113637 0.393652
vt 0.125001 0.393652
vt 0.136365 0.393652
vt 0.062500 0.383810
vt 0.073864 0.383810
vt 0.085228 0.383810
vt 0.096592 0.383810
vt 0.107955 0.383810
vt 0.119319 0.383810
vt 0.130683 0.383810
vt 0.142046 0.383810
vt 0.056819 0.373969
vt 0.068182 0.373969
vt 0.079546 0.373969
vt 0.090910 0.373969
vt 0.102273 0.373969
vt 0.113637 0.373969
vt 0.125001 0.373969
vt 0.136364 0.373969
vt 0.147728 0.373969
vt 0.051137 0.364128
vt 0.062500 0.364128
vt 0.073864 0.364128
vt 0.085228 0.364128
vt 0.096592 0.364128
vt 0.107955 0.364128
vt 0.119319 0.364128
vt 0.130683 0.364128
vt 0.142046 0.364128
vt 0.153410 0.364128
vt 0.045455 0.354286
vt 0.056819 0.354286
vt 0.068182 0.354286
vt 0.079546 0.354286
vt 0.090910 0.354286
vt 0.102273 0.354286
vt 0.113637 0.354286
vt 0.125001 0.354286
vt 0.136364 0.354286
vt 0.147728 0.354286
vt 0.159092 0.354286
vt 0.039773 0.344445
vt 0.051137 0.344445
vt 0.062500 0.344445
vt 0.073864 0.344445
vt 0.085228 0.344445
vt 0.096591 0.344445
vt 0.107955 0.344445
vt 0.119319 0.344445
vt 0.130683 0.344445
vt 0.142046 0.344445
vt 0.153410 0.344445
vt 0.164774 0.344445
vt 0.034091 0.334604
vt 0.045455 0.334604
vt 0.056819 0.334604
vt 0.068182 0.334604
vt 0.079546 0.334604
vt 0.090910 0.334604
vt 0.102273 0.334604
vt 0.113637 0.334604
vt 0.125001 0.334604
vt 0.136364 0.334604
vt 0.147728 0.334604
vt 0.159092 0.334604
vt 0.170455 0.334604
vt 0.028409 0.324762
vt 0.039773 0.324762
vt 0.051137 0.324762
vt 0.062500 0.324762
vt 0.073864 0.324762
vt 0.085228 0.324762
vt 0.096591 0.324762
vt 0.107955 0.324762
vt 0.119319 0.324762
vt 0.130682 0.324762
vt 0.142046 0.324762
vt 0.153410 0.324762
vt 0.164773 0.324762
vt 0.176137 0.324762
vt 0.022727 0.314921
vt 0.034091 0.314921
vt 0.045455 0.314921
vt 0.056818 0.314921
vt 0.068182 0.314921
vt 0.079546 0.314921
vt 0.090910 0.314921
vt 0.102273 0.314921
vt 0.113637 0.314921
vt 0.125001 0.314921
vt 0.136364 0.314921
vt 0.147728 0.314921
vt 0.159092 0.314921
vt 0.170455 0.314921
vt 0.267046 0.462541
vt 0.278410 0.462541
vt 0.272728 0.472382
vt 0.261364 0.452699
vt 0.272728 0.452699
vt 0.255683 0.442858
vt 0.267046 0.442858
vt 0.250001 0.433017
vt 0.261364 0.433017
vt 0.244319 0.423175
vt 0.255683 0.423175
vt 0.238637 0.413334
vt 0.250001 0.413334
vt 0.232955 0.403493
vt 0.244319 0.403493
vt 0.227273 0.393652
vt 0.238637 0.393652
vt 0.221592 0.383810
vt 0.232955 0.383810
vt 0.215910 0.373969
vt 0.227273 0.373969
vt 0.210228 0.364128
vt 0.221592 0.364128
vt 0.204546 0.354286
vt 0.215910 0.354286
vt 0.198864 0.344445
vt 0.210228 0.344445
vt 0.193183 0.334604
vt 0.204546 0.334604
vt 0.198864 0.324762
vt 0.284092 0.452699
vt 0.278410 0.442858
vt 0.289773 0.442858
vt 0.272728 0.433017
vt 0.284092 0.433017
vt 0.295455 0.433017
vt 0.267046 0.423175
vt 0.278410 0.423175
vt 0.289773 0.423175
vt 0.301137 0.423175
vt 0.261364 0.413334
vt 0.272728 0.413334
vt 0.284092 0.413334
vt 0.295455 0.413334
vt 0.306819 0.413334
vt 0.255683 0.403493
vt 0.267046 0.403493
vt 0.278410 0.403493
vt 0.289773 0.403493
vt 0.301137 0.403493
vt 0.312501 0.403493
vt 0.250001 0.393652
vt 0.261364 0.393652
vt 0.272728 0.393652
vt 0.284092 0.393652
vt 0.295455 0.393652
vt 0.306819 0.393652
vt 0.318182 0.393652
vt 0.244319 0.383810
vt 0.255683 0.383810
vt 0.267046 0.383810
vt 0.278410 0.383810
vt 0.289773 0.383810
vt 0.301137 0.383810
vt 0.312501 0.383810
vt 0.323864 0.383810
vt 0.238637 0.373969
vt 0.250001 0.373969
vt 0.261364 0.373969
vt 0.272728 0.373969
vt 0.284092 0.373969
vt 0.295455 0.373969
vt 0.306819 0.373969
vt 0.318182 0.373969
vt 0.329546 0.373969
vt 0.232955 0.364128
vt 0.244319 0.364128
vt 0.255683 0.364128
vt 0.267046 0.364128
vt 0.278410 0.364128
vt 0.289773 0.364128
vt 0.301137 0.364128
vt 0.312501 0.364128
vt 0.323864 0.364128
vt 0.335228 0.364128
vt 0.227273 0.354286
vt 0.238637 0.354286
vt 0.250001 0.354286
vt 0.261364 0.354286
vt 0.272728 0.354286
vt 0.284092 0.354286
vt 0.295455 0.354286
vt 0.306819 0.354286
vt 0.318182 0.354286
vt 0.329546 0.354286
vt 0.340910 0.354286
vt 0.221592 0.344445
vt 0.232955 0.344445
vt 0.244319 0.344445
vt 0.255683 0.344445
vt 0.267046 0.344445
vt 0.278410 0.344445
vt 0.289773 0.344445
vt 0.301137 0.344445
vt 0.312501 0.344445
vt 0.323864 0.344445
vt 0.335228 0.344445
vt 0.346592 0.344445
vt 0.215910 0.334604
vt 0.227273 0.334604
vt 0.238637 0.334604
vt 0.250001 0.334604
vt 0.261364 0.334604
vt 0.272728 0.334604
vt 0.284092 0.334604
vt 0.295455 0.334604
vt 0.306819 0.334604
vt 0.318182 0.334604
vt 0.329546 0.334604
vt 0.340910 0.334604
vt 0.352273 0.334604
vt 0.210228 0.324762
vt 0.221592 0.324762
vt 0.232955 0.324762
vt 0.244319 0.324762
vt 0.255683 0.324762
vt 0.267046 0.324762
vt 0.278410 0.324762
vt 0.289773 0.324762
vt 0.301137 0.324762
vt 0.312501 0.324762
vt 0.323864 0.324762
vt 0.335228 0.324762
vt 0.346592 0.324762
vt 0.357955 0.324762
vt 0.204546 0.314921
vt 0.215910 0.314921
vt 0.227273 0.314921
vt 0.238637 0.314921
vt 0.250001 0.314921
vt 0.261364 0.314921
vt 0.272728 0.314921
vt 0.284092 0.314921
vt 0.295455 0.314921
vt 0.306819 0.314921
vt 0.318182 0.314921
vt 0.329546 0.314921
vt 0.340910 0.314921
vt 0.352273 0.314921
vt 0.369319 0.305080
vt 0.375001 0.295238
vt 0.380682 0.305080
vt 0.380682 0.285397
vt 0.386364 0.295238
vt 0.386364 0.275556
vt 0.392046 0.285397
vt 0.392046 0.265715
vt 0.397728 0.275556
vt 0.397728 0.255874
vt 0.403410 0.265715
vt 0.403410 0.246032
vt 0.409091 0.255874
vt 0.409091 0.236191
vt 0.414773 0.246032
vt 0.414773 0.226350
vt 0.420455 0.236191
vt 0.420455 0.216509
vt 0.426137 0.226350
vt 0.426137 0.206667
vt 0.431819 0.216509
vt 0.431819 0.196826
vt 0.437501 0.206667
vt 0.437501 0.186985
vt 0.443182 0.196826
vt 0.443182 0.177143
vt 0.448864 0.186985
vt 0.454546 0.177143
vt 0.392046 0.305080
vt 0.397728 0.295238
vt 0.403410 0.305080
vt 0.403410 0.285397
vt 0.409091 0.295238
vt 0.414773 0.305080
vt 0.409091 0.275556
vt 0.414773 0.285397
vt 0.420455 0.295238
vt 0.426137 0.305080
vt 0.414773 0.265715
vt 0.420455 0.275556
vt 0.426137 0.285397
vt 0.431819 0.295238
vt 0.437500 0.305080
vt 0.420455 0.255874
vt 0.426137 0.265715
vt 0.431819 0.275556
vt 0.437501 0.285397
vt 0.443182 0.295238
vt 0.448864 0.305080
vt 0.426137 0.246032
vt 0.431819 0.255874
vt 0.437501 0.265715
vt 0.443182 0.275556
vt 0.448864 0.285397
vt 0.454546 0.295238
vt 0.460228 0.305080
vt 0.431819 0.236191
vt 0.437501 0.246032
vt 0.443182 0.255874
vt 0.448864 0.265715
vt 0.454546 0.275556
vt 0.460228 0.285397
vt 0.465910 0.295238
vt 0.471591 0.305080
vt 0.437501 0.226350
vt 0.443182 0.236191
vt 0.448864 0.246032
vt 0.454546 0.255874
vt 0.460228 0.265715
vt 0.465910 0.275556
vt 0.471591 0.285397
vt 0.477273 0.295238
vt 0.482955 0.305080
vt 0.443182 0.216509
vt 0.448864 0.226350
vt 0.454546 0.236191
vt 0.460228 0.246032
vt 0.465910 0.255874
vt 0.471591 0.265715
vt 0.477273 0.275556
vt 0.482955 0.285397
vt 0.488637 0.295238
vt 0.494319 0.305080
vt 0.448864 0.206667
vt 0.454546 0.216509
vt 0.460228 0.226350
vt 0.465910 0.236191
vt 0.471591 0.246032
vt 0.477273 0.255874
vt 0.482955 0.265715
vt 0.488637 0.275556
vt 0.494319 0.285397
vt 0.500000 0.295238
vt 0.505682 0.305080
vt 0.454546 0.196826
vt 0.460228 0.206667
vt 0.465910 0.216509
vt 0.471591 0.226350
vt 0.477273 0.236191
vt 0.482955 0.246032
vt 0.488637 0.255874
vt 0.494319 0.265715
vt 0.500000 0.275556
vt 0.505682 0.285397
vt 0.511364 0.295238
vt 0.517046 0.305080
vt 0.460228 0.186985
vt 0.465910 0.196826
vt 0.471591 0.206667
vt 0.477273 0.216509
vt 0.482955 0.226350
vt 0.488637 0.236191
vt 0.494319 0.246032
vt 0.500000 0.255874
vt 0.505682 0.265715
vt 0.511364 0.275556
vt 0.517046 0.285397
vt 0.522728 0.295238
vt 0.528410 0.305080
vt 0.465910 0.177143
vt 0.471591 0.186985
vt 0.477273 0.196826
vt 0.482955 0.206667
vt 0.488637 0.216508
vt 0.494319 0.226350
vt 0.500000 0.236191
vt 0.505682 0.246032
vt 0.511364 0.255873
vt 0.517046 0.265715
vt 0.522728 0.275556
vt 0.528410 0.285397
vt 0.534091 0.295238
vt 0.539773 0.305080
vt 0.551137 0.305080
vt 0.556819 0.295238
vt 0.562500 0.305080
vt 0.562500 0.285397
vt 0.568182 0.295238
vt 0.568182 0.275556
vt 0.573864 0.285397
vt 0.573864 0.265715
vt 0.579546 0.275556
vt 0.579546 0.255874
vt 0.585228 0.265715
vt 0.585228 0.246032
vt 0.590909 0.255874
vt 0.590909 0.236191
vt 0.596591 0.246032
vt 0.596591 0.226350
vt 0.602273 0.236191
vt 0.602273 0.216509
vt 0.607955 0.226350
vt 0.607955 0.206667
vt 0.613637 0.216509
vt 0.613637 0.196826
vt 0.619318 0.206667
vt 0.619318 0.186985
vt 0.625000 0.196826
vt 0.625000 0.177143
vt 0.630682 0.186985
vt 0.636364 0.177143
vt 0.573864 0.305080
vt 0.579546 0.295238
vt 0.585228 0.305080
vt 0.585228 0.285397
vt 0.590909 0.295238
vt 0.596591 0.305080
vt 0.590909 0.275556
vt 0.596591 0.285397
vt 0.602273 0.295238
vt 0.607955 0.305080
vt 0.596591 0.265715
vt 0.602273 0.275556
vt 0.607955 0.285397
vt 0.613637 0.295238
vt 0.619318 0.305080
vt 0.602273 0.255874
vt 0.607955 0.265715
vt 0.613637 0.275556
vt 0.619318 0.285397
vt 0.625000 0.295238
vt 0.630682 0.305080
vt 0.607955 0.246032
vt 0.613637 0.255874
vt 0.619318 0.265715
vt 0.625000 0.275556
vt 0.630682 0.285397
vt 0.636364 0.295238
vt 0.642046 0.305080
vt 0.613637 0.236191
vt 0.619318 0.246032
vt 0.625000 0.255874
vt 0.630682 0.265715
vt 0.636364 0.275556
vt 0.642046 0.285397
vt 0.647727 0.295238
vt 0.653409 0.305080
vt 0.619318 0.226350
vt 0.625000 0.236191
vt 0.630682 0.246032
vt 0.636364 0.255874
vt 0.642046 0.265715
vt 0.647728 0.275556
vt 0.653409 0.285397
vt 0.659091 0.295238
vt 0.664773 0.305080
vt 0.625000 0.216509
vt 0.630682 0.226350
vt 0.636364 0.236191
vt 0.642046 0.246032
vt 0.647727 0.255874
vt 0.653409 0.265715
vt 0.659091 0.275556
vt 0.664773 0.285397
vt 0.670455 0.295238
vt 0.676137 0.305080
vt 0.630682 0.206667
vt 0.636364 0.216509
vt 0.642046 0.226350
vt 0.647727 0.236191
vt 0.653409 0.246032
vt 0.659091 0.255874
vt 0.664773 0.265715
vt 0.670455 0.275556
vt 0.676137 0.285397
vt 0.681818 0.295238
vt 0.687500 0.305080
vt 0.636364 0.196826
vt 0.642046 0.206667
vt 0.647728 0.216509
vt 0.653409 0.226350
vt 0.659091 0.236191
vt 0.664773 0.246032
vt 0.670455 0.255874
vt 0.676137 0.265715
vt 0.681819 0.275556
vt 0.687500 0.285397
vt 0.693182 0.295238
vt 0.698864 0.305080
vt 0.642046 0.186985
vt 0.647728 0.196826
vt 0.653409 0.206667
vt 0.659091 0.216509
vt 0.664773 0.226350
vt 0.670455 0.236191
vt 0.676137 0.246032
vt 0.681818 0.255874
vt 0.687500 0.265715
vt 0.693182 0.275556
vt 0.698864 0.285397
vt 0.704546 0.295238
vt 0.710228 0.305080
vt 0.647728 0.177143
vt 0.653409 0.186985
vt 0.659091 0.196826
vt 0.664773 0.206667
vt 0.670455 0.216508
vt 0.676137 0.226350
vt 0.681818 0.236191
vt 0.687500 0.246032
vt 0.693182 0.255873
vt 0.698864 0.265715
vt 0.704546 0.275556
vt 0.710228 0.285397
vt 0.715909 0.295238
vt 0.721591 0.305080
vt 0.732955 0.305080
vt 0.738637 0.295238
vt 0.744318 0.305080
vt 0.744318 0.285397
vt 0.750000 0.295238
vt 0.750000 0.275556
vt 0.755682 0.285397
vt 0.755682 0.265715
vt 0.761364 0.275556
vt 0.761364 0.255874
vt 0.767046 0.265715
vt 0.767046 0.246032
vt 0.772727 0.255874
vt 0.772727 0.236191
vt 0.778409 0.246032
vt 0.778409 0.226350
vt 0.784091 0.236191
vt 0.784091 0.216509
vt 0.789773 0.226350
vt 0.789773 0.206667
vt 0.795455 0.216509
vt 0.795455 0.196826
vt 0.801137 0.206667
vt 0.801137 0.186985
vt 0.806818 0.196826
vt 0.806818 0.177143
vt 0.812500 0.186985
vt 0.818182 0.177143
vt 0.755682 0.305080
vt 0.761364 0.295238
vt 0.767046 0.305080
vt 0.767046 0.285397
vt 0.772727 0.295238
vt 0.778409 0.305080
vt 0.772727 0.275556
vt 0.778409 0.285397
vt 0.784091 0.295238
vt 0.789773 0.305080
vt 0.778409 0.265715
vt 0.784091 0.275556
vt 0.789773 0.285397
vt 0.795455 0.295238
vt 0.801137 0.305080
vt 0.784091 0.255874
vt 0.789773 0.265715
vt 0.795455 0.275556
vt 0.801137 0.285397
vt 0.806818 0.295238
vt 0.812500 0.305080
vt 0.789773 0.246032
vt 0.795455 0.255874
vt 0.801137 0.265715
vt 0.806818 0.275556
vt 0.812500 0.285397
vt 0.818182 0.295238
vt 0.823864 0.305080
vt 0.795455 0.236191
vt 0.801136 0.246032
vt 0.806818 0.255874
vt 0.812500 0.265715
vt 0.818182 0.275556
vt 0.823864 0.285397
vt 0.829545 0.295238
vt 0.835227 0.305080
vt 0.801137 0.226350
vt 0.806818 0.236191
vt 0.812500 0.246032
vt 0.818182 0.255874
vt 0.823864 0.265715
vt 0.829546 0.275556
vt 0.835227 0.285397
vt 0.840909 0.295238
vt 0.846591 0.305080
vt 0.806818 0.216509
vt 0.812500 0.226350
vt 0.818182 0.236191
vt 0.823864 0.246032
vt 0.829546 0.255874
vt 0.835227 0.265715
vt 0.840909 0.275556
vt 0.846591 0.285397
vt 0.852273 0.295238
vt 0.857955 0.305080
vt 0.812500 0.206667
vt 0.818182 0.216509
vt 0.823864 0.226350
vt 0.829546 0.236191
vt 0.835227 0.246032
vt 0.840909 0.255874
vt 0.846591 0.265715
vt 0.852273 0.275556
vt 0.857955 0.285397
vt 0.863636 0.295238
vt 0.869318 0.305080
vt 0.818182 0.196826
vt 0.823864 0.206667
vt 0.829546 0.216509
vt 0.835227 0.226350
vt 0.840909 0.236191
vt 0.846591 0.246032
vt 0.852273 0.255874
vt 0.857955 0.265715
vt 0.863636 0.275556
vt 0.869318 0.285397
vt 0.875000 0.295238
vt 0.880682 0.305080
vt 0.823864 0.186985
vt 0.829546 0.196826
vt 0.835227 0.206667
vt 0.840909 0.216509
vt 0.846591 0.226350
vt 0.852273 0.236191
vt 0.857955 0.246032
vt 0.863636 0.255874
vt 0.869318 0.265715
vt 0.875000 0.275556
vt 0.880682 0.285397
vt 0.886364 0.295238
vt 0.892046 0.305080
vt 0.829546 0.177143
vt 0.835227 0.186985
vt 0.840909 0.196826
vt 0.846591 0.206667
vt 0.852273 0.216508
vt 0.857955 0.226350
vt 0.863636 0.236191
vt 0.869318 0.246032
vt 0.875000 0.255873
vt 0.880682 0.265715
vt 0.886364 0.275556
vt 0.892046 0.285397
vt 0.897727 0.295238
vt 0.903409 0.305080
vt 0.005682 0.305080
vt 0.011364 0.295238
vt 0.017046 0.305080
vt 0.017046 0.285397
vt 0.022727 0.295238
vt 0.022728 0.275556
vt 0.028409 0.285397
vt 0.028409 0.265715
vt 0.034091 0.275556
vt 0.034091 0.255874
vt 0.039773 0.265715
vt 0.039773 0.246032
vt 0.045455 0.255874
vt 0.045455 0.236191
vt 0.051137 0.246032
vt 0.051137 0.226350
vt 0.056819 0.236191
vt 0.056819 0.216509
vt 0.062501 0.226350
vt 0.062501 0.206667
vt 0.068182 0.216509
vt 0.068183 0.196826
vt 0.073864 0.206667
vt 0.073864 0.186985
vt 0.079546 0.196826
vt 0.079546 0.177143
vt 0.085228 0.186985
vt 0.090910 0.177143
vt 0.028409 0.305080
vt 0.034091 0.295238
vt 0.039773 0.305080
vt 0.039773 0.285397
vt 0.045455 0.295238
vt 0.051137 0.305080
vt 0.045455 0.275556
vt 0.051137 0.285397
vt 0.056819 0.295238
vt 0.062500 0.305080
vt 0.051137 0.265715
vt 0.056819 0.275556
vt 0.062500 0.285397
vt 0.068182 0.295238
vt 0.073864 0.305080
vt 0.056819 0.255874
vt 0.062500 0.265715
vt 0.068182 0.275556
vt 0.073864 0.285397
vt 0.079546 0.295238
vt 0.085228 0.305080
vt 0.062501 0.246032
vt 0.068182 0.255874
vt 0.073864 0.265715
vt 0.079546 0.275556
vt 0.085228 0.285397
vt 0.090910 0.295238
vt 0.096591 0.305080
vt 0.068182 0.236191
vt 0.073864 0.246032
vt 0.079546 0.255874
vt 0.085228 0.265715
vt 0.090910 0.275556
vt 0.096591 0.285397
vt 0.102273 0.295238
vt 0.107955 0.305080
vt 0.073864 0.226350
vt 0.079546 0.236191
vt 0.085228 0.246032
vt 0.090910 0.255874
vt 0.096592 0.265715
vt 0.102273 0.275556
vt 0.107955 0.285397
vt 0.113637 0.295238
vt 0.119319 0.305080
vt 0.079546 0.216509
vt 0.085228 0.226350
vt 0.090910 0.236191
vt 0.096592 0.246032
vt 0.102273 0.255874
vt 0.107955 0.265715
vt 0.113637 0.275556
vt 0.119319 0.285397
vt 0.125001 0.295238
vt 0.130682 0.305080
vt 0.085228 0.206667
vt 0.090910 0.216509
vt 0.096592 0.226350
vt 0.102273 0.236191
vt 0.107955 0.246032
vt 0.113637 0.255874
vt 0.119319 0.265715
vt 0.125001 0.275556
vt 0.130683 0.285397
vt 0.136364 0.295238
vt 0.142046 0.305080
vt 0.090910 0.196826
vt 0.096592 0.206667
vt 0.102274 0.216509
vt 0.107955 0.226350
vt 0.113637 0.236191
vt 0.119319 0.246032
vt 0.125001 0.255874
vt 0.130683 0.265715
vt 0.136364 0.275556
vt 0.142046 0.285397
vt 0.147728 0.295238
vt 0.153410 0.305080
vt 0.096592 0.186985
vt 0.102274 0.196826
vt 0.107955 0.206667
vt 0.113637 0.216509
vt 0.119319 0.226350
vt 0.125001 0.236191
vt 0.130683 0.246032
vt 0.136364 0.255874
vt 0.142046 0.265715
vt 0.147728 0.275556
vt 0.153410 0.285397
vt 0.159092 0.295238
vt 0.164773 0.305080
vt 0.102274 0.177143
vt 0.107955 0.186985
vt 0.113637 0.196826
vt 0.119319 0.206667
vt 0.125001 0.216508
vt 0.130683 0.226350
vt 0.136365 0.236191
vt 0.142046 0.246032
vt 0.147728 0.255873
vt 0.153410 0.265715
vt 0.159092 0.275556
vt 0.164774 0.285397
vt 0.170455 0.295238
vt 0.176137 0.305080
vt 0.187501 0.305080
vt 0.193183 0.295238
vt 0.198864 0.305080
vt 0.198864 0.285397
vt 0.204546 0.295238
vt 0.204546 0.275556
vt 0.210228 0.285397
vt 0.210228 0.265715
vt 0.215910 0.275556
vt 0.215910 0.255874
vt 0.221592 0.265715
vt 0.221592 0.246032
vt 0.227273 0.255874
vt 0.227273 0.236191
vt 0.232955 0.246032
vt 0.232955 0.226350
vt 0.238637 0.236191
vt 0.238637 0.216509
vt 0.244319 0.226350
vt 0.244319 0.206667
vt 0.250001 0.216509
vt 0.250001 0.196826
vt 0.255683 0.206667
vt 0.255683 0.186985
vt 0.261364 0.196826
vt 0.261364 0.177143
vt 0.267046 0.186985
vt 0.272728 0.177143
vt 0.210228 0.305080
vt 0.215910 0.295238
vt 0.221592 0.305080
vt 0.221592 0.285397
vt 0.227273 0.295238
vt 0.232955 0.305080
vt 0.227273 0.275556
vt 0.232955 0.285397
vt 0.238637 0.295238
vt 0.244319 0.305080
vt 0.232955 0.265715
vt 0.238637 0.275556
vt 0.244319 0.285397
vt 0.250001 0.295238
vt 0.255683 0.305080
vt 0.238637 0.255874
vt 0.244319 0.265715
vt 0.250001 0.275556
vt 0.255683 0.285397
vt 0.261364 0.295238
vt 0.267046 0.305080
vt 0.244319 0.246032
vt 0.250001 0.255874
vt 0.255683 0.265715
vt 0.261364 0.275556
vt 0.267046 0.285397
vt 0.272728 0.295238
vt 0.278410 0.305080
vt 0.250001 0.236191
vt 0.255683 0.246032
vt 0.261364 0.255874
vt 0.267046 0.265715
vt 0.272728 0.275556
vt 0.278410 0.285397
vt 0.284092 0.295238
vt 0.289773 0.305080
vt 0.255683 0.226350
vt 0.261364 0.236191
vt 0.267046 0.246032
vt 0.272728 0.255874
vt 0.278410 0.265715
vt 0.284092 0.275556
vt 0.289773 0.285397
vt 0.295455 0.295238
vt 0.301137 0.305080
vt 0.261364 0.216509
vt 0.267046 0.226350
vt 0.272728 0.236191
vt 0.278410 0.246032
vt 0.284092 0.255874
vt 0.289773 0.265715
vt 0.295455 0.275556
vt 0.301137 0.285397
vt 0.306819 0.295238
vt 0.312501 0.305080
vt 0.267046 0.206667
vt 0.272728 0.216509
vt 0.278410 0.226350
vt 0.284092 0.236191
vt 0.289773 0.246032
vt 0.295455 0.255874
vt 0.301137 0.265715
vt 0.306819 0.275556
vt 0.312501 0.285397
vt 0.318182 0.295238
vt 0.323864 0.305080
vt 0.272728 0.196826
vt 0.278410 0.206667
vt 0.284092 0.216509
vt 0.289773 0.226350
vt 0.295455 0.236191
vt 0.301137 0.246032
vt 0.306819 0.255874
vt 0.312501 0.265715
vt 0.318183 0.275556
vt 0.323864 0.285397
vt 0.329546 0.295238
vt 0.335228 0.305080
vt 0.278410 0.186985
vt 0.284092 0.196826
vt 0.289773 0.206667
vt 0.295455 0.216509
vt 0.301137 0.226350
vt 0.306819 0.236191
vt 0.312501 0.246032
vt 0.318182 0.255874
vt 0.323864 0.265715
vt 0.329546 0.275556
vt 0.335228 0.285397
vt 0.340910 0.295238
vt 0.346592 0.305080
vt 0.284092 0.177143
vt 0.289773 0.186985
vt 0.295455 0.196826
vt 0.301137 0.206667
vt 0.306819 0.216508
vt 0.312501 0.226350
vt 0.318182 0.236191
vt 0.323864 0.246032
vt 0.329546 0.255873
vt 0.335228 0.265715
vt 0.340910 0.275556
vt 0.346592 0.285397
vt 0.352273 0.295238
vt 0.357955 0.305080
vt 0.545455 0.295238
vt 0.539773 0.285397
vt 0.534091 0.275556
vt 0.528410 0.265715
vt 0.522728 0.255873
vt 0.517046 0.246032
vt 0.511364 0.236191
vt 0.505682 0.226350
vt 0.500000 0.216508
vt 0.494319 0.206667
vt 0.488637 0.196826
vt 0.482955 0.186985
vt 0.477273 0.177143
vt 0.471591 0.167302
vt 0.551137 0.285397
vt 0.545455 0.275556
vt 0.556819 0.275556
vt 0.539773 0.265715
vt 0.551137 0.265715
vt 0.562500 0.265715
vt 0.534091 0.255874
vt 0.545455 0.255874
vt 0.556819 0.255874
vt 0.568182 0.255874
vt 0.528409 0.246032
vt 0.539773 0.246032
vt 0.551137 0.246032
vt 0.562500 0.246032
vt 0.573864 0.246032
vt 0.522728 0.236191
vt 0.534091 0.236191
vt 0.545455 0.236191
vt 0.556819 0.236191
vt 0.568182 0.236191
vt 0.579546 0.236191
vt 0.517046 0.226350
vt 0.528410 0.226350
vt 0.539773 0.226350
vt 0.551137 0.226350
vt 0.562500 0.226350
vt 0.573864 0.226350
vt 0.585228 0.226350
vt 0.511364 0.216509
vt 0.522728 0.216509
vt 0.534091 0.216509
vt 0.545455 0.216509
vt 0.556819 0.216509
vt 0.568182 0.216509
vt 0.579546 0.216509
vt 0.590909 0.216509
vt 0.505682 0.206667
vt 0.517046 0.206667
vt 0.528409 0.206667
vt 0.539773 0.206667
vt 0.551137 0.206667
vt 0.562500 0.206667
vt 0.573864 0.206667
vt 0.585228 0.206667
vt 0.596591 0.206667
vt 0.500001 0.196826
vt 0.511364 0.196826
vt 0.522728 0.196826
vt 0.534091 0.196826
vt 0.545455 0.196826
vt 0.556819 0.196826
vt 0.568182 0.196826
vt 0.579546 0.196826
vt 0.590909 0.196826
vt 0.602273 0.196826
vt 0.494319 0.186985
vt 0.505682 0.186985
vt 0.517046 0.186985
vt 0.528409 0.186985
vt 0.539773 0.186985
vt 0.551137 0.186985
vt 0.562500 0.186985
vt 0.573864 0.186985
vt 0.585228 0.186985
vt 0.596591 0.186985
vt 0.607955 0.186985
vt 0.488637 0.177143
vt 0.500000 0.177143
vt 0.511364 0.177143
vt 0.522728 0.177143
vt 0.534091 0.177143
vt 0.545455 0.177143
vt 0.556819 0.177143
vt 0.568182 0.177143
vt 0.579546 0.177143
vt 0.590909 0.177143
vt 0.602273 0.177143
vt 0.613637 0.177143
vt 0.482955 0.167302
vt 0.494319 0.167302
vt 0.505682 0.167302
vt 0.517046 0.167302
vt 0.528410 0.167302
vt 0.539773 0.167302
vt 0.551137 0.167302
vt 0.562500 0.167302
vt 0.573864 0.167302
vt 0.585228 0.167302
vt 0.596591 0.167302
vt 0.607955 0.167302
vt 0.619319 0.167302
vt 0.477273 0.157461
vt 0.488637 0.157461
vt 0.500000 0.157461
vt 0.511364 0.157461
vt 0.522728 0.157461
vt 0.534091 0.157461
vt 0.545455 0.157461
vt 0.556819 0.157461
vt 0.568182 0.157461
vt 0.579546 0.157461
vt 0.590909 0.157461
vt 0.602273 0.157461
vt 0.613637 0.157461
vt 0.625000 0.157461
vt 0.727273 0.295238
vt 0.721591 0.285397
vt 0.715909 0.275556
vt 0.710228 0.265715
vt 0.704546 0.255873
vt 0.698864 0.246032
vt 0.693182 0.236191
vt 0.687500 0.226350
vt 0.681818 0.216508
vt 0.676137 0.206667
vt 0.670455 0.196826
vt 0.664773 0.186985
vt 0.659091 0.177143
vt 0.653409 0.167302
vt 0.732955 0.285397
vt 0.727273 0.275556
vt 0.738637 0.275556
vt 0.721591 0.265715
vt 0.732955 0.265715
vt 0.744318 0.265715
vt 0.715909 0.255874
vt 0.727273 0.255874
vt 0.738637 0.255874
vt 0.750000 0.255874
vt 0.710227 0.246032
vt 0.721591 0.246032
vt 0.732955 0.246032
vt 0.744318 0.246032
vt 0.755682 0.246032
vt 0.704546 0.236191
vt 0.715909 0.236191
vt 0.727273 0.236191
vt 0.738637 0.236191
vt 0.750000 0.236191
vt 0.761364 0.236191
vt 0.698864 0.226350
vt 0.710228 0.226350
vt 0.721591 0.226350
vt 0.732955 0.226350
vt 0.744318 0.226350
vt 0.755682 0.226350
vt 0.767046 0.226350
vt 0.693182 0.216509
vt 0.704546 0.216509
vt 0.715909 0.216509
vt 0.727273 0.216509
vt 0.738637 0.216509
vt 0.750000 0.216509
vt 0.761364 0.216509
vt 0.772727 0.216509
vt 0.687500 0.206667
vt 0.698864 0.206667
vt 0.710228 0.206667
vt 0.721591 0.206667
vt 0.732955 0.206667
vt 0.744318 0.206667
vt 0.755682 0.206667
vt 0.767046 0.206667
vt 0.778409 0.206667
vt 0.681818 0.196826
vt 0.693182 0.196826
vt 0.704546 0.196826
vt 0.715909 0.196826
vt 0.727273 0.196826
vt 0.738637 0.196826
vt 0.750000 0.196826
vt 0.761364 0.196826
vt 0.772727 0.196826
vt 0.784091 0.196826
vt 0.676137 0.186985
vt 0.687500 0.186985
vt 0.698864 0.186985
vt 0.710228 0.186985
vt 0.721591 0.186985
vt 0.732955 0.186985
vt 0.744318 0.186985
vt 0.755682 0.186985
vt 0.767046 0.186985
vt 0.778409 0.186985
vt 0.789773 0.186985
vt 0.670455 0.177143
vt 0.681819 0.177143
vt 0.693182 0.177143
vt 0.704546 0.177143
vt 0.715909 0.177143
vt 0.727273 0.177143
vt 0.738637 0.177143
vt 0.750000 0.177143
vt 0.761364 0.177143
vt 0.772728 0.177143
vt 0.784091 0.177143
vt 0.795455 0.177143
vt 0.664773 0.167302
vt 0.676137 0.167302
vt 0.687500 0.167302
vt 0.698864 0.167302
vt 0.710228 0.167302
vt 0.721591 0.167302
vt 0.732955 0.167302
vt 0.744318 0.167302
vt 0.755682 0.167302
vt 0.767046 0.167302
vt 0.778409 0.167302
vt 0.789773 0.167302
vt 0.801136 0.167302
vt 0.659091 0.157461
vt 0.670455 0.157461
vt 0.681818 0.157461
vt 0.693182 0.157461
vt 0.704546 0.157461
vt 0.715909 0.157461
vt 0.727273 0.157461
vt 0.738637 0.157461
vt 0.750000 0.157461
vt 0.761364 0.157461
vt 0.772727 0.157461
vt 0.784091 0.157461
vt 0.795455 0.157461
vt 0.806818 0.157461
vt 0.914773 0.305080
vt 0.909091 0.295238
vt 0.903409 0.285397
vt 0.897727 0.275556
vt 0.892046 0.265715
vt 0.886364 0.255873
vt 0.880682 0.246032
vt 0.875000 0.236191
vt 0.869318 0.226350
vt 0.863636 0.216508
vt 0.857955 0.206667
vt 0.852273 0.196826
vt 0.846591 0.186985
vt 0.840909 0.177143
vt 0.835227 0.167302
vt 0.920455 0.295238
vt 0.914773 0.285397
vt 0.926136 0.285397
vt 0.909091 0.275556
vt 0.920455 0.275556
vt 0.931818 0.275556
vt 0.903409 0.265715
vt 0.914773 0.265715
vt 0.926136 0.265715
vt 0.937500 0.265715
vt 0.897727 0.255874
vt 0.909091 0.255874
vt 0.920455 0.255874
vt 0.931818 0.255874
vt 0.943182 0.255874
vt 0.892045 0.246032
vt 0.903409 0.246032
vt 0.914773 0.246032
vt 0.926136 0.246032
vt 0.937500 0.246032
vt 0.948864 0.246032
vt 0.886364 0.236191
vt 0.897727 0.236191
vt 0.909091 0.236191
vt 0.920455 0.236191
vt 0.931818 0.236191
vt 0.943182 0.236191
vt 0.954545 0.236191
vt 0.880682 0.226350
vt 0.892046 0.226350
vt 0.903409 0.226350
vt 0.914773 0.226350
vt 0.926136 0.226350
vt 0.937500 0.226350
vt 0.948864 0.226350
vt 0.960227 0.226350
vt 0.875000 0.216509
vt 0.886364 0.216509
vt 0.897727 0.216509
vt 0.909091 0.216509
vt 0.920455 0.216509
vt 0.931818 0.216509
vt 0.943182 0.216509
vt 0.954545 0.216509
vt 0.965909 0.216509
vt 0.869318 0.206667
vt 0.880682 0.206667
vt 0.892046 0.206667
vt 0.903409 0.206667
vt 0.914773 0.206667
vt 0.926136 0.206667
vt 0.937500 0.206667
vt 0.948864 0.206667
vt 0.960227 0.206667
vt 0.971591 0.206667
vt 0.863636 0.196826
vt 0.875000 0.196826
vt 0.886364 0.196826
vt 0.897727 0.196826
vt 0.909091 0.196826
vt 0.920455 0.196826
vt 0.931818 0.196826
vt 0.943182 0.196826
vt 0.954545 0.196826
vt 0.965909 0.196826
vt 0.977273 0.196826
vt 0.857955 0.186985
vt 0.869318 0.186985
vt 0.880682 0.186985
vt 0.892046 0.186985
vt 0.903409 0.186985
vt 0.914773 0.186985
vt 0.926136 0.186985
vt 0.937500 0.186985
vt 0.948864 0.186985
vt 0.960227 0.186985
vt 0.971591 0.186985
vt 0.982955 0.186985
vt 0.852273 0.177143
vt 0.863636 0.177143
vt 0.875000 0.177143
vt 0.886364 0.177143
vt 0.897727 0.177143
vt 0.909091 0.177143
vt 0.920455 0.177143
vt 0.931818 0.177143
vt 0.943182 0.177143
vt 0.954545 0.177143
vt 0.965909 0.177143
vt 0.977273 0.177143
vt 0.988636 0.177143
vt 0.846591 0.167302
vt 0.857955 0.167302
vt 0.869318 0.167302
vt 0.880682 0.167302
vt 0.892046 0.167302
vt 0.903409 0.167302
vt 0.914773 0.167302
vt 0.926136 0.167302
vt 0.937500 0.167302
vt 0.948864 0.167302
vt 0.960227 0.167302
vt 0.971591 0.167302
vt 0.982955 0.167302
vt 0.994318 0.167302
vt 0.840909 0.157461
vt 0.852273 0.157461
vt 0.863636 0.157461
vt 0.875000 0.157461
vt 0.886364 0.157461
vt 0.897727 0.157461
vt 0.909091 0.157461
vt 0.920455 0.157461
vt 0.931818 0.157461
vt 0.943182 0.157461
vt 0.954545 0.157461
vt 0.965909 0.157461
vt 0.977273 0.157461
vt 0.988636 0.157461
vt 1.000000 0.157461
vt 0.181819 0.295238
vt 0.176137 0.285397
vt 0.170455 0.275556
vt 0.164774 0.265715
vt 0.159092 0.255873
vt 0.153410 0.246032
vt 0.147728 0.236191
vt 0.142046 0.226350
vt 0.136365 0.216508
vt 0.130683 0.206667
vt 0.125001 0.196826
vt 0.119319 0.186985
vt 0.113637 0.177143
vt 0.107955 0.167302
vt 0.187501 0.285397
vt 0.181819 0.275556
vt 0.193183 0.275556
vt 0.176137 0.265715
vt 0.187501 0.265715
vt 0.198864 0.265715
vt 0.170455 0.255874
vt 0.181819 0.255874
vt 0.193183 0.255874
vt 0.204546 0.255874
vt 0.164774 0.246032
vt 0.176137 0.246032
vt 0.187501 0.246032
vt 0.198864 0.246032
vt 0.210228 0.246032
vt 0.159092 0.236191
vt 0.170455 0.236191
vt 0.181819 0.236191
vt 0.193183 0.236191
vt 0.204546 0.236191
vt 0.215910 0.236191
vt 0.153410 0.226350
vt 0.164774 0.226350
vt 0.176137 0.226350
vt 0.187501 0.226350
vt 0.198864 0.226350
vt 0.210228 0.226350
vt 0.221592 0.226350
vt 0.147728 0.216509
vt 0.159092 0.216509
vt 0.170455 0.216509
vt 0.181819 0.216509
vt 0.193183 0.216509
vt 0.204546 0.216509
vt 0.215910 0.216509
vt 0.227273 0.216509
vt 0.142046 0.206667
vt 0.153410 0.206667
vt 0.164774 0.206667
vt 0.176137 0.206667
vt 0.187501 0.206667
vt 0.198864 0.206667
vt 0.210228 0.206667
vt 0.221592 0.206667
vt 0.232955 0.206667
vt 0.136364 0.196826
vt 0.147728 0.196826
vt 0.159092 0.196826
vt 0.170455 0.196826
vt 0.181819 0.196826
vt 0.193183 0.196826
vt 0.204546 0.196826
vt 0.215910 0.196826
vt 0.227273 0.196826
vt 0.238637 0.196826
vt 0.130683 0.186985
vt 0.142046 0.186985
vt 0.153410 0.186985
vt 0.164774 0.186985
vt 0.176137 0.186985
vt 0.187501 0.186985
vt 0.198864 0.186985
vt 0.210228 0.186985
vt 0.221592 0.186985
vt 0.232955 0.186985
vt 0.244319 0.186985
vt 0.125001 0.177143
vt 0.136364 0.177143
vt 0.147728 0.177143
vt 0.159092 0.177143
vt 0.170455 0.177143
vt 0.181819 0.177143
vt 0.193183 0.177143
vt 0.204546 0.177143
vt 0.215910 0.177143
vt 0.227273 0.177143
vt 0.238637 0.177143
vt 0.250001 0.177143
vt 0.119319 0.167302
vt 0.130683 0.167302
vt 0.142046 0.167302
vt 0.153410 0.167302
vt 0.164774 0.167302
vt 0.176137 0.167302
vt 0.187501 0.167302
vt 0.198864 0.167302
vt 0.210228 0.167302
vt 0.221592 0.167302
vt 0.232955 0.167302
vt 0.244319 0.167302
vt 0.255683 0.167302
vt 0.113637 0.157461
vt 0.125001 0.157461
vt 0.136364 0.157461
vt 0.147728 0.157461
vt 0.159092 0.157461
vt 0.170455 0.157461
vt 0.181819 0.157461
vt 0.193183 0.157461
vt 0.204546 0.157461
vt 0.215910 0.157461
vt 0.227273 0.157461
vt 0.238637 0.157461
vt 0.250001 0.157461
vt 0.261364 0.157461
vt 0.363637 0.295238
vt 0.357955 0.285397
vt 0.352273 0.275556
vt 0.346592 0.265715
vt 0.340910 0.255873
vt 0.335228 0.246032
vt 0.329546 0.236191
vt 0.323864 0.226350
vt 0.318182 0.216508
vt 0.312501 0.206667
vt 0.306819 0.196826
vt 0.301137 0.186985
vt 0.295455 0.177143
vt 0.289773 0.167302
vt 0.369319 0.285397
vt 0.363637 0.275556
vt 0.375001 0.275556
vt 0.357955 0.265715
vt 0.369319 0.265715
vt 0.380682 0.265715
vt 0.352273 0.255874
vt 0.363637 0.255874
vt 0.375001 0.255874
vt 0.386364 0.255874
vt 0.346592 0.246032
vt 0.357955 0.246032
vt 0.369319 0.246032
vt 0.380682 0.246032
vt 0.392046 0.246032
vt 0.340910 0.236191
vt 0.352273 0.236191
vt 0.363637 0.236191
vt 0.375001 0.236191
vt 0.386364 0.236191
vt 0.397728 0.236191
vt 0.335228 0.226350
vt 0.346592 0.226350
vt 0.357955 0.226350
vt 0.369319 0.226350
vt 0.380682 0.226350
vt 0.392046 0.226350
vt 0.403410 0.226350
vt 0.329546 0.216509
vt 0.340910 0.216509
vt 0.352273 0.216509
vt 0.363637 0.216509
vt 0.375001 0.216509
vt 0.386364 0.216509
vt 0.397728 0.216509
vt 0.409091 0.216509
vt 0.323864 0.206667
vt 0.335228 0.206667
vt 0.346592 0.206667
vt 0.357955 0.206667
vt 0.369319 0.206667
vt 0.380682 0.206667
vt 0.392046 0.206667
vt 0.403410 0.206667
vt 0.414773 0.206667
vt 0.318182 0.196826
vt 0.329546 0.196826
vt 0.340910 0.196826
vt 0.352273 0.196826
vt 0.363637 0.196826
vt 0.375001 0.196826
vt 0.386364 0.196826
vt 0.397728 0.196826
vt 0.409091 0.196826
vt 0.420455 0.196826
vt 0.312501 0.186985
vt 0.323864 0.186985
vt 0.335228 0.186985
vt 0.346592 0.186985
vt 0.357955 0.186985
vt 0.369319 0.186985
vt 0.380682 0.186985
vt 0.392046 0.186985
vt 0.403410 0.186985
vt 0.414773 0.186985
vt 0.426137 0.186985
vt 0.306819 0.177143
vt 0.318182 0.177143
vt 0.329546 0.177143
vt 0.340910 0.177143
vt 0.352273 0.177143
vt 0.363637 0.177143
vt 0.375001 0.177143
vt 0.386364 0.177143
vt 0.397728 0.177143
vt 0.409092 0.177143
vt 0.420455 0.177143
vt 0.431819 0.177143
vt 0.301137 0.167302
vt 0.312501 0.167302
vt 0.323864 0.167302
vt 0.335228 0.167302
vt 0.346592 0.167302
vt 0.357955 0.167302
vt 0.369319 0.167302
vt 0.380682 0.167302
vt 0.392046 0.167302
vt 0.403410 0.167302
vt 0.414773 0.167302
vt 0.426137 0.167302
vt 0.437501 0.167302
vt 0.295455 0.157461
vt 0.306819 0.157461
vt 0.318182 0.157461
vt 0.329546 0.157461
vt 0.340910 0.157461
vt 0.352273 0.157461
vt 0.363637 0.157461
vt 0.375001 0.157461
vt 0.386364 0.157461
vt 0.397728 0.157461
vt 0.409091 0.157461
vt 0.420455 0.157461
vt 0.431819 0.157461
vt 0.443182 0.157461
vt 0.460228 0.147620
vt 0.465910 0.137778
vt 0.471591 0.147620
vt 0.471591 0.127937
vt 0.477273 0.137778
vt 0.477273 0.118096
vt 0.482955 0.127937
vt 0.482955 0.108254
vt 0.488637 0.118096
vt 0.488637 0.098413
vt 0.494319 0.108254
vt 0.494319 0.088572
vt 0.500000 0.098413
vt 0.500000 0.078731
vt 0.505682 0.088572
vt 0.505682 0.068889
vt 0.511364 0.078731
vt 0.511364 0.059048
vt 0.517046 0.068889
vt 0.517046 0.049207
vt 0.522728 0.059048
vt 0.522728 0.039365
vt 0.528410 0.049207
vt 0.528410 0.029524
vt 0.534091 0.039365
vt 0.534091 0.019683
vt 0.539773 0.029524
vt 0.545455 0.019683
vt 0.482955 0.147620
vt 0.488637 0.137778
vt 0.494319 0.147620
vt 0.494319 0.127937
vt 0.500000 0.137778
vt 0.505682 0.147620
vt 0.500000 0.118096
vt 0.505682 0.127937
vt 0.511364 0.137778
vt 0.517046 0.147620
vt 0.505682 0.108254
vt 0.511364 0.118096
vt 0.517046 0.127937
vt 0.522728 0.137778
vt 0.528410 0.147620
vt 0.511364 0.098413
vt 0.517046 0.108254
vt 0.522728 0.118096
vt 0.528410 0.127937
vt 0.534091 0.137778
vt 0.539773 0.147620
vt 0.517046 0.088572
vt 0.522728 0.098413
vt 0.528410 0.108254
vt 0.534091 0.118096
vt 0.539773 0.127937
vt 0.545455 0.137778
vt 0.551137 0.147620
vt 0.522728 0.078731
vt 0.528410 0.088572
vt 0.534091 0.098413
vt 0.539773 0.108254
vt 0.545455 0.118096
vt 0.551137 0.127937
vt 0.556819 0.137778
vt 0.562500 0.147620
vt 0.528410 0.068889
vt 0.534091 0.078731
vt 0.539773 0.088572
vt 0.545455 0.098413
vt 0.551137 0.108254
vt 0.556819 0.118096
vt 0.562500 0.127937
vt 0.568182 0.137778
vt 0.573864 0.147620
vt 0.534091 0.059048
vt 0.539773 0.068889
vt 0.545455 0.078731
vt 0.551137 0.088572
vt 0.556819 0.098413
vt 0.562500 0.108254
vt 0.568182 0.118096
vt 0.573864 0.127937
vt 0.579546 0.137778
vt 0.585228 0.147620
vt 0.539773 0.049207
vt 0.545455 0.059048
vt 0.551137 0.068889
vt 0.556819 0.078731
vt 0.562500 0.088572
vt 0.568182 0.098413
vt 0.573864 0.108254
vt 0.579546 0.118096
vt 0.585228 0.127937
vt 0.590909 0.137778
vt 0.596591 0.147620
vt 0.545455 0.039365
vt 0.551137 0.049207
vt 0.556819 0.059048
vt 0.562500 0.068889
vt 0.568182 0.078731
vt 0.573864 0.088572
vt 0.579546 0.098413
vt 0.585228 0.108254
vt 0.590909 0.118096
vt 0.596591 0.127937
vt 0.602273 0.137778
vt 0.607955 0.147620
vt 0.551137 0.029524
vt 0.556819 0.039365
vt 0.562500 0.049207
vt 0.568182 0.059048
vt 0.573864 0.068889
vt 0.579546 0.078731
vt 0.585228 0.088572
vt 0.590909 0.098413
vt 0.596591 0.108254
vt 0.602273 0.118096
vt 0.607955 0.127937
vt 0.613637 0.137778
vt 0.619318 0.147620
vt 0.556819 0.019683
vt 0.562500 0.029524
vt 0.568182 0.039365
vt 0.573864 0.049207
vt 0.579546 0.059048
vt 0.585228 0.068889
vt 0.590909 0.078731
vt 0.596591 0.088572
vt 0.602273 0.098413
vt 0.607955 0.108254
vt 0.613637 0.118096
vt 0.619318 0.127937
vt 0.625000 0.137778
vt 0.630682 0.147620
vt 0.642046 0.147620
vt 0.647728 0.137778
vt 0.653409 0.147620
vt 0.653409 0.127937
vt 0.659091 0.137778
vt 0.659091 0.118096
vt 0.664773 0.127937
vt 0.664773 0.108254
vt 0.670455 0.118096
vt 0.670455 0.098413
vt 0.676137 0.108254
vt 0.676137 0.088572
vt 0.681818 0.098413
vt 0.681818 0.078731
vt 0.687500 0.088572
vt 0.687500 0.068889
vt 0.693182 0.078731
vt 0.693182 0.059048
vt 0.698864 0.068889
vt 0.698864 0.049207
vt 0.704546 0.059048
vt 0.704546 0.039365
vt 0.710228 0.049207
vt 0.710228 0.029524
vt 0.715909 0.039365
vt 0.715909 0.019683
vt 0.721591 0.029524
vt 0.727273 0.019683
vt 0.664773 0.147620
vt 0.670455 0.137778
vt 0.676137 0.147620
vt 0.676137 0.127937
vt 0.681818 0.137778
vt 0.687500 0.147620
vt 0.681818 0.118096
vt 0.687500 0.127937
vt 0.693182 0.137778
vt 0.698864 0.147620
vt 0.687500 0.108254
vt 0.693182 0.118096
vt 0.698864 0.127937
vt 0.704546 0.137778
vt 0.710228 0.147620
vt 0.693182 0.098413
vt 0.698864 0.108254
vt 0.704546 0.118096
vt 0.710228 0.127937
vt 0.715909 0.137778
vt 0.721591 0.147620
vt 0.698864 0.088572
vt 0.704546 0.098413
vt 0.710227 0.108254
vt 0.715909 0.118096
vt 0.721591 0.127937
vt 0.727273 0.137778
vt 0.732955 0.147620
vt 0.704546 0.078731
vt 0.710227 0.088572
vt 0.715909 0.098413
vt 0.721591 0.108254
vt 0.727273 0.118096
vt 0.732955 0.127937
vt 0.738636 0.137778
vt 0.744318 0.147620
vt 0.710227 0.068889
vt 0.715909 0.078731
vt 0.721591 0.088572
vt 0.727273 0.098413
vt 0.732955 0.108254
vt 0.738637 0.118096
vt 0.744318 0.127937
vt 0.750000 0.137778
vt 0.755682 0.147620
vt 0.715909 0.059048
vt 0.721591 0.068889
vt 0.727273 0.078731
vt 0.732955 0.088572
vt 0.738637 0.098413
vt 0.744318 0.108254
vt 0.750000 0.118096
vt 0.755682 0.127937
vt 0.761364 0.137778
vt 0.767046 0.147620
vt 0.721591 0.049207
vt 0.727273 0.059048
vt 0.732955 0.068889
vt 0.738637 0.078731
vt 0.744318 0.088572
vt 0.750000 0.098413
vt 0.755682 0.108254
vt 0.761364 0.118096
vt 0.767046 0.127937
vt 0.772727 0.137778
vt 0.778409 0.147620
vt 0.727273 0.039365
vt 0.732955 0.049207
vt 0.738637 0.059048
vt 0.744318 0.068889
vt 0.750000 0.078731
vt 0.755682 0.088572
vt 0.761364 0.098413
vt 0.767046 0.108254
vt 0.772728 0.118096
vt 0.778409 0.127937
vt 0.784091 0.137778
vt 0.789773 0.147620
vt 0.732955 0.029524
vt 0.738637 0.039365
vt 0.744318 0.049207
vt 0.750000 0.059048
vt 0.755682 0.068889
vt 0.761364 0.078731
vt 0.767046 0.088572
vt 0.772728 0.098413
vt 0.778409 0.108254
vt 0.784091 0.118096
vt 0.789773 0.127937
vt 0.795455 0.137778
vt 0.801137 0.147620
vt 0.738637 0.019683
vt 0.744318 0.029524
vt 0.750000 0.039365
vt 0.755682 0.049207
vt 0.761364 0.059048
vt 0.767046 0.068889
vt 0.772727 0.078731
vt 0.778409 0.088572
vt 0.784091 0.098413
vt 0.789773 0.108254
vt 0.795455 0.118096
vt 0.801137 0.127937
vt 0.806818 0.137778
vt 0.812500 0.147620
vt 0.823864 0.147620
vt 0.829546 0.137778
vt 0.835227 0.147620
vt 0.835227 0.127937
vt 0.840909 0.137778
vt 0.840909 0.118096
vt 0.846591 0.127937
vt 0.846591 0.108254
vt 0.852273 0.118096
vt 0.852273 0.098413
vt 0.857955 0.108254
vt 0.857955 0.088572
vt 0.863636 0.098413
vt 0.863636 0.078731
vt 0.869318 0.088572
vt 0.869318 0.068889
vt 0.875000 0.078731
vt 0.875000 0.059048
vt 0.880682 0.068889
vt 0.880682 0.049207
vt 0.886364 0.059048
vt 0.886364 0.039365
vt 0.892046 0.049207
vt 0.892046 0.029524
vt 0.897727 0.039365
vt 0.897727 0.019683
vt 0.903409 0.029524
vt 0.909091 0.019683
vt 0.846591 0.147620
vt 0.852273 0.137778
vt 0.857955 0.147620
vt 0.857955 0.127937
vt 0.863636 0.137778
vt 0.869318 0.147620
vt 0.863636 0.118096
vt 0.869318 0.127937
vt 0.875000 0.137778
vt 0.880682 0.147620
vt 0.869318 0.108254
vt 0.875000 0.118096
vt 0.880682 0.127937
vt 0.886364 0.137778
vt 0.892045 0.147620
vt 0.875000 0.098413
vt 0.880682 0.108254
vt 0.886364 0.118096
vt 0.892045 0.127937
vt 0.897727 0.137778
vt 0.903409 0.147620
vt 0.880682 0.088572
vt 0.886364 0.098413
vt 0.892045 0.108254
vt 0.897727 0.118096
vt 0.903409 0.127937
vt 0.909091 0.137778
vt 0.914773 0.147620
vt 0.886364 0.078731
vt 0.892045 0.088572
vt 0.897727 0.098413
vt 0.903409 0.108254
vt 0.909091 0.118096
vt 0.914773 0.127937
vt 0.920455 0.137778
vt 0.926136 0.147620
vt 0.892045 0.068889
vt 0.897727 0.078731
vt 0.903409 0.088572
vt 0.909091 0.098413
vt 0.914773 0.108254
vt 0.920455 0.118096
vt 0.926136 0.127937
vt 0.931818 0.137778
vt 0.937500 0.147620
vt 0.897727 0.059048
vt 0.903409 0.068889
vt 0.909091 0.078731
vt 0.914773 0.088572
vt 0.920455 0.098413
vt 0.926136 0.108254
vt 0.931818 0.118096
vt 0.937500 0.127937
vt 0.943182 0.137778
vt 0.948864 0.147620
vt 0.903409 0.049207
vt 0.909091 0.059048
vt 0.914773 0.068889
vt 0.920455 0.078731
vt 0.926136 0.088572
vt 0.931818 0.098413
vt 0.937500 0.108254
vt 0.943182 0.118096
vt 0.948864 0.127937
vt 0.954545 0.137778
vt 0.960227 0.147620
vt 0.909091 0.039365
vt 0.914773 0.049207
vt 0.920455 0.059048
vt 0.926136 0.068889
vt 0.931818 0.078731
vt 0.937500 0.088572
vt 0.943182 0.098413
vt 0.948864 0.108254
vt 0.954546 0.118096
vt 0.960227 0.127937
vt 0.965909 0.137778
vt 0.971591 0.147620
vt 0.914773 0.029524
vt 0.920455 0.039365
vt 0.926136 0.049207
vt 0.931818 0.059048
vt 0.937500 0.068889
vt 0.943182 0.078731
vt 0.948864 0.088572
vt 0.954545 0.098413
vt 0.960227 0.108254
vt 0.965909 0.118096
vt 0.971591 0.127937
vt 0.977273 0.137778
vt 0.982955 0.147620
vt 0.920455 0.019683
vt 0.926136 0.029524
vt 0.931818 0.039365
vt 0.937500 0.049207
vt 0.943182 0.059048
vt 0.948864 0.068889
vt 0.954545 0.078731
vt 0.960227 0.088572
vt 0.965909 0.098413
vt 0.971591 0.108254
vt 0.977273 0.118096
vt 0.982955 0.127937
vt 0.988636 0.137778
vt 0.994318 0.147620
vt 0.448864 0.147620
vt 0.437501 0.147620
vt 0.426137 0.147620
vt 0.414773 0.147620
vt 0.403410 0.147620
vt 0.392046 0.147620
vt 0.380682 0.147620
vt 0.369319 0.147620
vt 0.357955 0.147620
vt 0.346592 0.147620
vt 0.335228 0.147620
vt 0.323864 0.147620
vt 0.312501 0.147620
vt 0.301137 0.147620
vt 0.289773 0.147620
vt 0.443182 0.137778
vt 0.431819 0.137778
vt 0.437501 0.127937
vt 0.420455 0.137778
vt 0.426137 0.127937
vt 0.431819 0.118096
vt 0.409092 0.137778
vt 0.414773 0.127937
vt 0.420455 0.118096
vt 0.426137 0.108254
vt 0.397728 0.137778
vt 0.403410 0.127937
vt 0.409091 0.118096
vt 0.414773 0.108254
vt 0.420455 0.098413
vt 0.386364 0.137778
vt 0.392046 0.127937
vt 0.397728 0.118096
vt 0.403410 0.108254
vt 0.409091 0.098413
vt 0.414773 0.088572
vt 0.375001 0.137778
vt 0.380682 0.127937
vt 0.386364 0.118096
vt 0.392046 0.108254
vt 0.397728 0.098413
vt 0.403410 0.088572
vt 0.409092 0.078731
vt 0.363637 0.137778
vt 0.369319 0.127937
vt 0.375001 0.118096
vt 0.380682 0.108254
vt 0.386364 0.098413
vt 0.392046 0.088572
vt 0.397728 0.078730
vt 0.403410 0.068889
vt 0.352273 0.137778
vt 0.357955 0.127937
vt 0.363637 0.118096
vt 0.369319 0.108254
vt 0.375001 0.098413
vt 0.380682 0.088572
vt 0.386364 0.078731
vt 0.392046 0.068889
vt 0.397728 0.059048
vt 0.340910 0.137778
vt 0.346592 0.127937
vt 0.352273 0.118096
vt 0.357955 0.108254
vt 0.363637 0.098413
vt 0.369319 0.088572
vt 0.375001 0.078731
vt 0.380682 0.068889
vt 0.386364 0.059048
vt 0.392046 0.049207
vt 0.329546 0.137778
vt 0.335228 0.127937
vt 0.340910 0.118096
vt 0.346592 0.108254
vt 0.352273 0.098413
vt 0.357955 0.088572
vt 0.363637 0.078731
vt 0.369319 0.068889
vt 0.375001 0.059048
vt 0.380682 0.049207
vt 0.386364 0.039365
vt 0.318182 0.137778
vt 0.323864 0.127937
vt 0.329546 0.118096
vt 0.335228 0.108254
vt 0.340910 0.098413
vt 0.346592 0.088572
vt 0.352273 0.078731
vt 0.357955 0.068889
vt 0.363637 0.059048
vt 0.369319 0.049207
vt 0.375001 0.039365
vt 0.380682 0.029524
vt 0.306819 0.137778
vt 0.312501 0.127937
vt 0.318182 0.118096
vt 0.323864 0.108254
vt 0.329546 0.098413
vt 0.335228 0.088572
vt 0.340910 0.078731
vt 0.346592 0.068889
vt 0.352273 0.059048
vt 0.357955 0.049207
vt 0.363637 0.039365
vt 0.369319 0.029524
vt 0.375001 0.019683
vt 0.295455 0.137778
vt 0.301137 0.127937
vt 0.306819 0.118096
vt 0.312501 0.108254
vt 0.318182 0.098413
vt 0.323864 0.088572
vt 0.329546 0.078730
vt 0.335228 0.068889
vt 0.340910 0.059048
vt 0.346592 0.049207
vt 0.352273 0.039365
vt 0.357955 0.029524
vt 0.363637 0.019683
vt 0.369319 0.009841
vt 0.284092 0.137778
vt 0.289773 0.127937
vt 0.295455 0.118096
vt 0.301137 0.108254
vt 0.306819 0.098413
vt 0.312501 0.088572
vt 0.318182 0.078731
vt 0.323864 0.068889
vt 0.329546 0.059048
vt 0.335228 0.049207
vt 0.340910 0.039365
vt 0.346592 0.029524
vt 0.352273 0.019683
vt 0.357955 0.009841
vt 0.363637 0.000000
vt 0.096592 0.147620
vt 0.102274 0.137778
vt 0.107955 0.147620
vt 0.107955 0.127937
vt 0.113637 0.137778
vt 0.113637 0.118096
vt 0.119319 0.127937
vt 0.119319 0.108254
vt 0.125001 0.118096
vt 0.125001 0.098413
vt 0.130683 0.108254
vt 0.130683 0.088572
vt 0.136365 0.098413
vt 0.136365 0.078731
vt 0.142046 0.088572
vt 0.142046 0.068889
vt 0.147728 0.078731
vt 0.147728 0.059048
vt 0.153410 0.068889
vt 0.153410 0.049207
vt 0.159092 0.059048
vt 0.159092 0.039365
vt 0.164774 0.049207
vt 0.164774 0.029524
vt 0.170455 0.039365
vt 0.170455 0.019683
vt 0.176137 0.029524
vt 0.181819 0.019683
vt 0.119319 0.147620
vt 0.125001 0.137778
vt 0.130683 0.147620
vt 0.130683 0.127937
vt 0.136364 0.137778
vt 0.142046 0.147620
vt 0.136364 0.118096
vt 0.142046 0.127937
vt 0.147728 0.137778
vt 0.153410 0.147620
vt 0.142046 0.108254
vt 0.147728 0.118096
vt 0.153410 0.127937
vt 0.159092 0.137778
vt 0.164774 0.147620
vt 0.147728 0.098413
vt 0.153410 0.108254
vt 0.159092 0.118096
vt 0.164774 0.127937
vt 0.170455 0.137778
vt 0.176137 0.147620
vt 0.153410 0.088572
vt 0.159092 0.098413
vt 0.164774 0.108254
vt 0.170455 0.118096
vt 0.176137 0.127937
vt 0.181819 0.137778
vt 0.187501 0.147620
vt 0.159092 0.078731
vt 0.164774 0.088572
vt 0.170455 0.098413
vt 0.176137 0.108254
vt 0.181819 0.118096
vt 0.187501 0.127937
vt 0.193183 0.137778
vt 0.198864 0.147620
vt 0.164774 0.068889
vt 0.170455 0.078731
vt 0.176137 0.088572
vt 0.181819 0.098413
vt 0.187501 0.108254
vt 0.193183 0.118096
vt 0.198864 0.127937
vt 0.204546 0.137778
vt 0.210228 0.147620
vt 0.170455 0.059048
vt 0.176137 0.068889
vt 0.181819 0.078731
vt 0.187501 0.088572
vt 0.193183 0.098413
vt 0.198864 0.108254
vt 0.204546 0.118096
vt 0.210228 0.127937
vt 0.215910 0.137778
vt 0.221592 0.147620
vt 0.176137 0.049207
vt 0.181819 0.059048
vt 0.187501 0.068889
vt 0.193183 0.078731
vt 0.198864 0.088572
vt 0.204546 0.098413
vt 0.210228 0.108254
vt 0.215910 0.118096
vt 0.221592 0.127937
vt 0.227273 0.137778
vt 0.232955 0.147620
vt 0.181819 0.039365
vt 0.187501 0.049207
vt 0.193183 0.059048
vt 0.198864 0.068889
vt 0.204546 0.078731
vt 0.210228 0.088572
vt 0.215910 0.098413
vt 0.221592 0.108254
vt 0.227273 0.118096
vt 0.232955 0.127937
vt 0.238637 0.137778
vt 0.244319 0.147620
vt 0.187501 0.029524
vt 0.193183 0.039365
vt 0.198864 0.049207
vt 0.204546 0.059048
vt 0.210228 0.068889
vt 0.215910 0.078731
vt 0.221592 0.088572
vt 0.227273 0.098413
vt 0.232955 0.108254
vt 0.238637 0.118096
vt 0.244319 0.127937
vt 0.250001 0.137778
vt 0.255683 0.147620
vt 0.193183 0.019683
vt 0.198864 0.029524
vt 0.204546 0.039365
vt 0.210228 0.049207
vt 0.215910 0.059048
vt 0.221592 0.068889
vt 0.227274 0.078731
vt 0.232955 0.088572
vt 0.238637 0.098413
vt 0.244319 0.108254
vt 0.250001 0.118096
vt 0.255683 0.127937
vt 0.261364 0.137778
vt 0.267046 0.147620
s 0
f 1/1/1 28/2/1 27/3/1
f 2/4/2 42/5/2 72/6/2
f 1/7/3 27/8/3 102/9/3
f 1/10/4 102/11/4 132/12/4
f 1/13/5 132/14/5 73/15/5
f 2/4/6 72/6/6 177/16/6
f 3/17/7 57/18/7 207/19/7
f 4/20/8 117/21/8 237/22/8
f 5/23/9 147/24/9 267/25/9
f 6/26/10 162/27/10 297/28/10
f 2/4/11 177/16/11 208/29/11
f 3/17/12 207/19/12 238/30/12
f 4/20/13 237/22/13 268/31/13
f 5/23/14 267/25/14 298/32/14
f 6/26/15 297/28/15 178/33/15
f 7/34/16 327/35/16 402/36/16
f 8/37/17 342/38/17 432/39/17
f 9/40/18 357/41/18 447/42/18
f 10/43/19 372/44/19 462/45/19
f 11/46/20 387/47/20 403/48/20
f 417/49/21 448/50/21 12/51/21
f 416/52/22 463/53/22 417/49/22
f 415/54/23 464/55/23 416/52/23
f 414/56/24 466/57/24 415/54/24
f 413/58/25 469/59/25 414/56/25
f 412/60/26 473/61/26 413/58/26
f 411/62/27 478/63/27 412/60/27
f 410/64/28 484/65/28 411/62/28
f 409/66/29 491/67/29 410/64/29
f 408/68/30 499/69/30 409/66/30
f 407/70/31 508/71/31 408/68/31
f 406/72/32 518/73/32 407/70/32
f 405/74/33 529/75/33 406/72/33
f 404/76/34 541/77/34 405/74/34
f 403/48/35 554/78/35 404/76/35
f 417/49/36 463/53/36 448/50/36
f 463/53/37 449/79/37 448/50/37
f 416/52/38 464/55/38 463/53/38
f 464/55/39 465/80/39 463/53/39
f 463/53/40 465/80/40 449/79/40
f 465/80/41 450/81/41 449/79/41
f 415/54/42 466/57/42 464/55/42
f 466/57/43 467/82/43 464/55/43
f 464/55/44 467/82/44 465/80/44
f 467/82/45 468/83/45 465/80/45
f 465/80/46 468/83/46 450/81/46
f 468/83/47 451/84/47 450/81/47
f 414/56/48 469/59/48 466/57/48
f 469/59/49 470/85/49 466/57/49
f 466/57/50 470/85/50 467/82/50
f 470/85/51 471/86/51 467/82/51
f 467/82/52 471/86/52 468/83/52
f 471/86/53 472/87/53 468/83/53
f 468/83/54 472/87/54 451/84/54
f 472/87/55 452/88/55 451/84/55
f 413/58/56 473/61/56 469/59/56
f 473/61/57 474/89/57 469/59/57
f 469/59/58 474/89/58 470/85/58
f 474/89/59 475/90/59 470/85/59
f 470/85/60 475/90/60 471/86/60
f 475/90/61 476/91/61 471/86/61
f 471/86/62 476/91/62 472/87/62
f 476/91/63 477/92/63 472/87/63
f 472/87/64 477/92/64 452/88/64
f 477/92/65 453/93/65 452/88/65
f 412/60/66 478/63/66 473/61/66
f 478/63/67 479/94/67 473/61/67
f 473/61/68 479/94/68 474/89/68
f 479/94/69 480/95/69 474/89/69
f 474/89/70 480/95/70 475/90/70
f 480/95/71 481/96/71 475/90/71
f 475/90/72 481/96/72 476/91/72
f 481/96/73 482/97/73 476/91/73
f 476/91/74 482/97/74 477/92/74
f 482/97/75 483/98/75 477/92/75
f 477/92/76 483/98/76 453/93/76
f 483/98/77 454/99/77 453/93/77
f 411/62/78 484/65/78 478/63/78
f 484/65/79 485/100/79 478/63/79
f 478/63/80 485/100/80 479/94/80
f 485/100/81 486/101/81 479/94/81
f 479/94/82 486/101/82 480/95/82
f 486/101/83 487/102/83 480/95/83
f 480/95/84 487/102/84 481/96/84
f 487/102/85 488/103/85 481/96/85
f 481/96/86 488/103/86 482/97/86
f 488/103/87 489/104/87 482/97/87
f 482/97/88 489/104/88 483/98/88
f 489/104/89 490/105/89 483/98/89
f 483/98/90 490/105/90 454/99/90
f 490/105/91 455/106/91 454/99/91
f 410/64/92 491/67/92 484/65/92
f 491/67/93 492/107/93 484/65/93
f 484/65/94 492/107/94 485/100/94
f 492/107/95 493/108/95 485/100/95
f 485/100/96 493/108/96 486/101/96
f 493/108/97 494/109/97 486/101/97
f 486/101/98 494/109/98 487/102/98
f 494/109/99 495/110/99 487/102/99
f 487/102/100 495/110/100 488/103/100
f 495/110/101 496/111/101 488/103/101
f 488/103/102 496/111/102 489/104/102
f 496/111/103 497/112/103 489/104/103
f 489/104/104 497/112/104 490/105/104
f 497/112/105 498/113/105 490/105/105
f 490/105/106 498/113/106 455/106/106
f 498/113/107 456/114/107 455/106/107
f 409/66/108 499/69/108 491/67/108
f 499/69/109 500/115/109 491/67/109
f 491/67/110 500/115/110 492/107/110
f 500/115/111 501/116/111 492/107/111
f 492/107/112 501/116/112 493/108/112
f 501/116/113 502/117/113 493/108/113
f 493/108/114 502/117/114 494/109/114
f 502/117/115 503/118/115 494/109/115
f 494/109/116 503/118/116 495/110/116
f 503/118/117 504/119/117 495/110/117
f 495/110/118 504/119/118 496/111/118
f 504/119/119 505/120/119 496/111/119
f 496/111/120 505/120/120 497/112/120
f 505/120/121 506/121/121 497/112/121
f 497/112/122 506/121/122 498/113/122
f 506/121/123 507/122/123 498/113/123
f 498/113/124 507/122/124 456/114/124
f 507/122/125 457/123/125 456/114/125
f 408/68/126 508/71/126 499/69/126
f 508/71/127 509/124/127 499/69/127
f 499/69/128 509/124/128 500/115/128
f 509/124/129 510/125/129 500/115/129
f 500/115/130 510/125/130 501/116/130
f 510/125/131 511/126/131 501/116/131
f 501/116/132 511/126/132 502/117/132
f 511/126/133 512/127/133 502/117/133
f 502/117/134 512/127/134 503/118/134
f 512/127/135 513/128/135 503/118/135
f 503/118/136 513/128/136 504/119/136
f 513/128/137 514/129/137 504/119/137
f 504/119/138 514/129/138 505/120/138
f 514/129/139 515/130/139 505/120/139
f 505/120/140 515/130/140 506/121/140
f 515/130/141 516/131/141 506/121/141
f 506/121/142 516/131/142 507/122/142
f 516/131/143 517/132/143 507/122/143
f 507/122/144 517/132/144 457/123/144
f 517/132/145 458/133/145 457/123/145
f 407/70/146 518/73/146 508/71/146
f 518/73/147 519/134/147 508/71/147
f 508/71/148 519/134/148 509/124/148
f 519/134/149 520/135/149 509/124/149
f 509/124/150 520/135/150 510/125/150
f 520/135/151 521/136/151 510/125/151
f 510/125/152 521/136/152 511/126/152
f 521/136/153 522/137/153 511/126/153
f 511/126/154 522/137/154 512/127/154
f 522/137/155 523/138/155 512/127/155
f 512/127/156 523/138/156 513/128/156
f 523/138/157 524/139/157 513/128/157
f 513/128/158 524/139/158 514/129/158
f 524/139/159 525/140/159 514/129/159
f 514/129/160 525/140/160 515/130/160
f 525/140/161 526/141/161 515/130/161
f 515/130/162 526/141/162 516/131/162
f 526/141/163 527/142/163 516/131/163
f 516/131/164 527/142/164 517/132/164
f 527/142/165 528/143/165 517/132/165
f 517/132/166 528/143/166 458/133/166
f 528/143/167 459/144/167 458/133/167
f 406/72/168 529/75/168 518/73/168
f 529/75/169 530/145/169 518/73/169
f 518/73/170 530/145/170 519/134/170
f 530/145/171 531/146/171 519/134/171
f 519/134/172 531/146/172 520/135/172
f 531/146/173 532/147/173 520/135/173
f 520/135/174 532/147/174 521/136/174
f 532/147/175 533/148/175 521/136/175
f 521/136/176 533/148/176 522/137/176
f 533/148/177 534/149/177 522/137/177
f 522/137/178 534/149/178 523/138/178
f 534/149/179 535/150/179 523/138/179
f 523/138/180 535/150/180 524/139/180
f 535/150/181 536/151/181 524/139/181
f 524/139/182 536/151/182 525/140/182
f 536/151/183 537/152/183 525/140/183
f 525/140/184 537/152/184 526/141/184
f 537/152/185 538/153/185 526/141/185
f 526/141/186 538/153/186 527/142/186
f 538/153/187 539/154/187 527/142/187
f 527/142/188 539/154/188 528/143/188
f 539/154/189 540/155/189 528/143/189
f 528/143/190 540/155/190 459/144/190
f 540/155/191 460/156/191 459/144/191
f 405/74/192 541/77/192 529/75/192
f 541/77/193 542/157/193 529/75/193
f 529/75/194 542/157/194 530/145/194
f 542/157/195 543/158/195 530/145/195
f 530/145/196 543/158/196 531/146/196
f 543/158/197 544/159/197 531/146/197
f 531/146/198 544/159/198 532/147/198
f 544/159/199 545/160/199 532/147/199
f 532/147/200 545/160/200 533/148/200
f 545/160/201 546/161/201 533/148/201
f 533/148/202 546/161/202 534/149/202
f 546/161/203 547/162/203 534/149/203
f 534/149/204 547/162/204 535/150/204
f 547/162/205 548/163/205 535/150/205
f 535/150/206 548/163/206 536/151/206
f 548/163/207 549/164/207 536/151/207
f 536/151/208 549/164/208 537/152/208
f 549/164/209 550/165/209 537/152/209
f 537/152/210 550/165/210 538/153/210
f 550/165/211 551/166/211 538/153/211
f 538/153/212 551/166/212 539/154/212
f 551/166/213 552/167/213 539/154/213
f 539/154/214 552/167/214 540/155/214
f 552/167/215 553/168/215 540/155/215
f 540/155/216 553/168/216 460/156/216
f 553/168/217 461/169/217 460/156/217
f 404/76/218 554/78/218 541/77/218
f 554/78/219 555/170/219 541/77/219
f 541/77/220 555/170/220 542/157/220
f 555/170/221 556/171/221 542/157/221
f 542/157/222 556/171/222 543/158/222
f 556/171/223 557/172/223 543/158/223
f 543/158/224 557/172/224 544/159/224
f 557/172/225 558/173/225 544/159/225
f 544/159/226 558/173/226 545/160/226
f 558/173/227 559/174/227 545/160/227
f 545/160/228 559/174/228 546/161/228
f 559/174/229 560/175/229 546/161/229
f 546/161/230 560/175/230 547/162/230
f 560/175/231 561/176/231 547/162/231
f 547/162/232 561/176/232 548/163/232
f 561/176/233 562/177/233 548/163/233
f 548/163/207 562/177/207 549/164/207
f 562/177/234 563/178/234 549/164/234
f 549/164/235 563/178/235 550/165/235
f 563/178/236 564/179/236 550/165/236
f 550/165/237 564/179/237 551/166/237
f 564/179/238 565/180/238 551/166/238
f 551/166/239 565/180/239 552/167/239
f 565/180/240 566/181/240 552/167/240
f 552/167/241 566/181/241 553/168/241
f 566/181/242 567/182/242 553/168/242
f 553/168/243 567/182/243 461/169/243
f 567/182/244 462/183/244 461/169/244
f 403/48/245 387/47/245 554/78/245
f 387/47/246 386/184/246 554/78/246
f 554/78/247 386/184/247 555/170/247
f 386/184/248 385/185/248 555/170/248
f 555/170/249 385/185/249 556/171/249
f 385/185/250 384/186/250 556/171/250
f 556/171/251 384/186/251 557/172/251
f 384/186/252 383/187/252 557/172/252
f 557/172/253 383/187/253 558/173/253
f 383/187/254 382/188/254 558/173/254
f 558/173/255 382/188/255 559/174/255
f 382/188/256 381/189/256 559/174/256
f 559/174/257 381/189/257 560/175/257
f 381/189/258 380/190/258 560/175/258
f 560/175/259 380/190/259 561/176/259
f 380/190/260 379/191/260 561/176/260
f 561/176/261 379/191/261 562/177/261
f 379/191/262 378/192/262 562/177/262
f 562/177/263 378/192/263 563/178/263
f 378/192/264 377/193/264 563/178/264
f 563/178/265 377/193/265 564/179/265
f 377/193/266 376/194/266 564/179/266
f 564/179/267 376/194/267 565/180/267
f 376/194/268 375/195/268 565/180/268
f 565/180/269 375/195/269 566/181/269
f 375/195/270 374/196/270 566/181/270
f 566/181/271 374/196/271 567/182/271
f 374/196/272 373/197/272 567/182/272
f 567/182/273 373/197/273 462/183/273
f 373/197/274 10/43/274 462/183/274
f 448/198/275 433/199/275 12/200/275
f 449/201/276 568/202/276 448/198/276
f 450/203/277 569/204/277 449/201/277
f 451/205/278 571/206/278 450/203/278
f 452/207/279 574/208/279 451/205/279
f 453/209/280 578/210/280 452/207/280
f 454/211/281 583/212/281 453/209/281
f 455/213/282 589/214/282 454/211/282
f 456/215/283 596/216/283 455/213/283
f 457/217/284 604/218/284 456/215/284
f 458/219/285 613/220/285 457/217/285
f 459/221/286 623/222/286 458/219/286
f 460/223/287 634/224/287 459/221/287
f 461/225/288 646/226/288 460/223/288
f 462/45/289 659/227/289 461/225/289
f 448/198/290 568/202/290 433/199/290
f 568/202/291 434/228/291 433/199/291
f 449/201/292 569/204/292 568/202/292
f 569/204/293 570/229/293 568/202/293
f 568/202/294 570/229/294 434/228/294
f 570/229/295 435/230/295 434/228/295
f 450/203/296 571/206/296 569/204/296
f 571/206/297 572/231/297 569/204/297
f 569/204/298 572/231/298 570/229/298
f 572/231/299 573/232/299 570/229/299
f 570/229/300 573/232/300 435/230/300
f 573/232/301 436/233/301 435/230/301
f 451/205/302 574/208/302 571/206/302
f 574/208/303 575/234/303 571/206/303
f 571/206/304 575/234/304 572/231/304
f 575/234/305 576/235/305 572/231/305
f 572/231/306 576/235/306 573/232/306
f 576/235/307 577/236/307 573/232/307
f 573/232/308 577/236/308 436/233/308
f 577/236/309 437/237/309 436/233/309
f 452/207/310 578/210/310 574/208/310
f 578/210/311 579/238/311 574/208/311
f 574/208/312 579/238/312 575/234/312
f 579/238/313 580/239/313 575/234/313
f 575/234/314 580/239/314 576/235/314
f 580/239/315 581/240/315 576/235/315
f 576/235/316 581/240/316 577/236/316
f 581/240/317 582/241/317 577/236/317
f 577/236/318 582/241/318 437/237/318
f 582/241/319 438/242/319 437/237/319
f 453/209/320 583/212/320 578/210/320
f 583/212/321 584/243/321 578/210/321
f 578/210/322 584/243/322 579/238/322
f 584/243/323 585/244/323 579/238/323
f 579/238/324 585/244/324 580/239/324
f 585/244/325 586/245/325 580/239/325
f 580/239/326 586/245/326 581/240/326
f 586/245/327 587/246/327 581/240/327
f 581/240/328 587/246/328 582/241/328
f 587/246/329 588/247/329 582/241/329
f 582/241/330 588/247/330 438/242/330
f 588/247/331 439/248/331 438/242/331
f 454/211/332 589/214/332 583/212/332
f 589/214/333 590/249/333 583/212/333
f 583/212/334 590/249/334 584/243/334
f 590/249/335 591/250/335 584/243/335
f 584/243/336 591/250/336 585/244/336
f 591/250/337 592/251/337 585/244/337
f 585/244/338 592/251/338 586/245/338
f 592/251/339 593/252/339 586/245/339
f 586/245/340 593/252/340 587/246/340
f 593/252/341 594/253/341 587/246/341
f 587/246/342 594/253/342 588/247/342
f 594/253/343 595/254/343 588/247/343
f 588/247/344 595/254/344 439/248/344
f 595/254/345 440/255/345 439/248/345
f 455/213/346 596/216/346 589/214/346
f 596/216/347 597/256/347 589/214/347
f 589/214/348 597/256/348 590/249/348
f 597/256/349 598/257/349 590/249/349
f 590/249/350 598/257/350 591/250/350
f 598/257/351 599/258/351 591/250/351
f 591/250/352 599/258/352 592/251/352
f 599/258/353 600/259/353 592/251/353
f 592/251/354 600/259/354 593/252/354
f 600/259/355 601/260/355 593/252/355
f 593/252/356 601/260/356 594/253/356
f 601/260/357 602/261/357 594/253/357
f 594/253/358 602/261/358 595/254/358
f 602/261/359 603/262/359 595/254/359
f 595/254/360 603/262/360 440/255/360
f 603/262/361 441/263/361 440/255/361
f 456/215/362 604/218/362 596/216/362
f 604/218/363 605/264/363 596/216/363
f 596/216/364 605/264/364 597/256/364
f 605/264/365 606/265/365 597/256/365
f 597/256/366 606/265/366 598/257/366
f 606/265/367 607/266/367 598/257/367
f 598/257/368 607/266/368 599/258/368
f 607/266/369 608/267/369 599/258/369
f 599/258/370 608/267/370 600/259/370
f 608/267/371 609/268/371 600/259/371
f 600/259/372 609/268/372 601/260/372
f 609/268/373 610/269/373 601/260/373
f 601/260/374 610/269/374 602/261/374
f 610/269/375 611/270/375 602/261/375
f 602/261/376 611/270/376 603/262/376
f 611/270/377 612/271/377 603/262/377
f 603/262/378 612/271/378 441/263/378
f 612/271/379 442/272/379 441/263/379
f 457/217/380 613/220/380 604/218/380
f 613/220/381 614/273/381 604/218/381
f 604/218/382 614/273/382 605/264/382
f 614/273/383 615/274/383 605/264/383
f 605/264/384 615/274/384 606/265/384
f 615/274/385 616/275/385 606/265/385
f 606/265/386 616/275/386 607/266/386
f 616/275/387 617/276/387 607/266/387
f 607/266/388 617/276/388 608/267/388
f 617/276/389 618/277/389 608/267/389
f 608/267/390 618/277/390 609/268/390
f 618/277/391 619/278/391 609/268/391
f 609/268/392 619/278/392 610/269/392
f 619/278/393 620/279/393 610/269/393
f 610/269/394 620/279/394 611/270/394
f 620/279/395 621/280/395 611/270/395
f 611/270/396 621/280/396 612/271/396
f 621/280/397 622/281/397 612/271/397
f 612/271/398 622/281/398 442/272/398
f 622/281/399 443/282/399 442/272/399
f 458/219/400 623/222/400 613/220/400
f 623/222/401 624/283/401 613/220/401
f 613/220/402 624/283/402 614/273/402
f 624/283/403 625/284/403 614/273/403
f 614/273/404 625/284/404 615/274/404
f 625/284/405 626/285/405 615/274/405
f 615/274/406 626/285/406 616/275/406
f 626/285/407 627/286/407 616/275/407
f 616/275/408 627/286/408 617/276/408
f 627/286/409 628/287/409 617/276/409
f 617/276/410 628/287/410 618/277/410
f 628/287/411 629/288/411 618/277/411
f 618/277/412 629/288/412 619/278/412
f 629/288/413 630/289/413 619/278/413
f 619/278/414 630/289/414 620/279/414
f 630/289/415 631/290/415 620/279/415
f 620/279/416 631/290/416 621/280/416
f 631/290/417 632/291/417 621/280/417
f 621/280/418 632/291/418 622/281/418
f 632/291/419 633/292/419 622/281/419
f 622/281/420 633/292/420 443/282/420
f 633/292/421 444/293/421 443/282/421
f 459/221/422 634/224/422 623/222/422
f 634/224/423 635/294/423 623/222/423
f 623/222/424 635/294/424 624/283/424
f 635/294/425 636/295/425 624/283/425
f 624/283/426 636/295/426 625/284/426
f 636/295/427 637/296/427 625/284/427
f 625/284/428 637/296/428 626/285/428
f 637/296/429 638/297/429 626/285/429
f 626/285/430 638/297/430 627/286/430
f 638/297/431 639/298/431 627/286/431
f 627/286/432 639/298/432 628/287/432
f 639/298/433 640/299/433 628/287/433
f 628/287/434 640/299/434 629/288/434
f 640/299/435 641/300/435 629/288/435
f 629/288/436 641/300/436 630/289/436
f 641/300/437 642/301/437 630/289/437
f 630/289/438 642/301/438 631/290/438
f 642/301/439 643/302/439 631/290/439
f 631/290/440 643/302/440 632/291/440
f 643/302/441 644/303/441 632/291/441
f 632/291/442 644/303/442 633/292/442
f 644/303/443 645/304/443 633/292/443
f 633/292/444 645/304/444 444/293/444
f 645/304/445 445/305/445 444/293/445
f 460/223/446 646/226/446 634/224/446
f 646/226/447 647/306/447 634/224/447
f 634/224/448 647/306/448 635/294/448
f 647/306/449 648/307/449 635/294/449
f 635/294/450 648/307/450 636/295/450
f 648/307/451 649/308/451 636/295/451
f 636/295/452 649/308/452 637/296/452
f 649/308/453 650/309/453 637/296/453
f 637/296/454 650/309/454 638/297/454
f 650/309/455 651/310/455 638/297/455
f 638/297/456 651/310/456 639/298/456
f 651/310/457 652/311/457 639/298/457
f 639/298/458 652/311/458 640/299/458
f 652/311/459 653/312/459 640/299/459
f 640/299/460 653/312/460 641/300/460
f 653/312/461 654/313/461 641/300/461
f 641/300/462 654/313/462 642/301/462
f 654/313/463 655/314/463 642/301/463
f 642/301/464 655/314/464 643/302/464
f 655/314/465 656/315/465 643/302/465
f 643/302/466 656/315/466 644/303/466
f 656/315/467 657/316/467 644/303/467
f 644/303/468 657/316/468 645/304/468
f 657/316/469 658/317/469 645/304/469
f 645/304/470 658/317/470 445/305/470
f 658/317/471 446/318/471 445/305/471
f 461/225/472 659/227/472 646/226/472
f 659/227/473 660/319/473 646/226/473
f 646/226/474 660/319/474 647/306/474
f 660/319/475 661/320/475 647/306/475
f 647/306/476 661/320/476 648/307/476
f 661/320/477 662/321/477 648/307/477
f 648/307/478 662/321/478 649/308/478
f 662/321/479 663/322/479 649/308/479
f 649/308/480 663/322/480 650/309/480
f 663/322/481 664/323/481 650/309/481
f 650/309/482 664/323/482 651/310/482
f 664/323/483 665/324/483 651/310/483
f 651/310/484 665/324/484 652/311/484
f 665/324/485 666/325/485 652/311/485
f 652/311/486 666/325/486 653/312/486
f 666/325/487 667/326/487 653/312/487
f 653/312/488 667/326/488 654/313/488
f 667/326/489 668/327/489 654/313/489
f 654/313/490 668/327/490 655/314/490
f 668/327/491 669/328/491 655/314/491
f 655/314/492 669/328/492 656/315/492
f 669/328/493 670/329/493 656/315/493
f 656/315/494 670/329/494 657/316/494
f 670/329/495 671/330/495 657/316/495
f 657/316/496 671/330/496 658/317/496
f 671/330/497 672/331/497 658/317/497
f 658/317/498 672/331/498 446/318/498
f 672/331/499 447/332/499 446/318/499
f 462/45/500 372/44/500 659/227/500
f 372/44/501 371/333/501 659/227/501
f 659/227/502 371/333/502 660/319/502
f 371/333/503 370/334/503 660/319/503
f 660/319/504 370/334/504 661/320/504
f 370/334/505 369/335/505 661/320/505
f 661/320/506 369/335/506 662/321/506
f 369/335/507 368/336/507 662/321/507
f 662/321/508 368/336/508 663/322/508
f 368/336/509 367/337/509 663/322/509
f 663/322/510 367/337/510 664/323/510
f 367/337/511 366/338/511 664/323/511
f 664/323/512 366/338/512 665/324/512
f 366/338/513 365/339/513 665/324/513
f 665/324/514 365/339/514 666/325/514
f 365/339/515 364/340/515 666/325/515
f 666/325/516 364/340/516 667/326/516
f 364/340/517 363/341/517 667/326/517
f 667/326/518 363/341/518 668/327/518
f 363/341/519 362/342/519 668/327/519
f 668/327/520 362/342/520 669/328/520
f 362/342/521 361/343/521 669/328/521
f 669/328/522 361/343/522 670/329/522
f 361/343/523 360/344/523 670/329/523
f 670/329/524 360/344/524 671/330/524
f 360/344/525 359/345/525 671/330/525
f 671/330/526 359/345/526 672/331/526
f 359/345/527 358/346/527 672/331/527
f 672/331/528 358/346/528 447/332/528
f 358/346/529 9/40/529 447/332/529
f 433/347/530 418/348/530 12/349/530
f 434/350/531 673/351/531 433/347/531
f 435/352/532 674/353/532 434/350/532
f 436/354/533 676/355/533 435/352/533
f 437/356/534 679/357/534 436/354/534
f 438/358/535 683/359/535 437/356/535
f 439/360/536 688/361/536 438/358/536
f 440/362/537 694/363/537 439/360/537
f 441/364/538 701/365/538 440/362/538
f 442/366/539 709/367/539 441/364/539
f 443/368/540 718/369/540 442/366/540
f 444/370/541 728/371/541 443/368/541
f 445/372/542 739/373/542 444/370/542
f 446/374/543 751/375/543 445/372/543
f 447/42/544 764/376/544 446/374/544
f 433/347/545 673/351/545 418/348/545
f 673/351/546 419/377/546 418/348/546
f 434/350/547 674/353/547 673/351/547
f 674/353/548 675/378/548 673/351/548
f 673/351/549 675/378/549 419/377/549
f 675/378/550 420/379/550 419/377/550
f 435/352/551 676/355/551 674/353/551
f 676/355/552 677/380/552 674/353/552
f 674/353/553 677/380/553 675/378/553
f 677/380/554 678/381/554 675/378/554
f 675/378/555 678/381/555 420/379/555
f 678/381/556 421/382/556 420/379/556
f 436/354/557 679/357/557 676/355/557
f 679/357/558 680/383/558 676/355/558
f 676/355/559 680/383/559 677/380/559
f 680/383/560 681/384/560 677/380/560
f 677/380/561 681/384/561 678/381/561
f 681/384/562 682/385/562 678/381/562
f 678/381/563 682/385/563 421/382/563
f 682/385/564 422/386/564 421/382/564
f 437/356/565 683/359/565 679/357/565
f 683/359/566 684/387/566 679/357/566
f 679/357/567 684/387/567 680/383/567
f 684/387/568 685/388/568 680/383/568
f 680/383/569 685/388/569 681/384/569
f 685/388/570 686/389/570 681/384/570
f 681/384/571 686/389/571 682/385/571
f 686/389/572 687/390/572 682/385/572
f 682/385/573 687/390/573 422/386/573
f 687/390/574 423/391/574 422/386/574
f 438/358/575 688/361/575 683/359/575
f 688/361/576 689/392/576 683/359/576
f 683/359/577 689/392/577 684/387/577
f 689/392/578 690/393/578 684/387/578
f 684/387/579 690/393/579 685/388/579
f 690/393/580 691/394/580 685/388/580
f 685/388/581 691/394/581 686/389/581
f 691/394/582 692/395/582 686/389/582
f 686/389/583 692/395/583 687/390/583
f 692/395/584 693/396/584 687/390/584
f 687/390/585 693/396/585 423/391/585
f 693/396/586 424/397/586 423/391/586
f 439/360/587 694/363/587 688/361/587
f 694/363/588 695/398/588 688/361/588
f 688/361/589 695/398/589 689/392/589
f 695/398/590 696/399/590 689/392/590
f 689/392/591 696/399/591 690/393/591
f 696/399/592 697/400/592 690/393/592
f 690/393/593 697/400/593 691/394/593
f 697/400/594 698/401/594 691/394/594
f 691/394/595 698/401/595 692/395/595
f 698/401/596 699/402/596 692/395/596
f 692/395/597 699/402/597 693/396/597
f 699/402/598 700/403/598 693/396/598
f 693/396/599 700/403/599 424/397/599
f 700/403/600 425/404/600 424/397/600
f 440/362/601 701/365/601 694/363/601
f 701/365/602 702/405/602 694/363/602
f 694/363/603 702/405/603 695/398/603
f 702/405/604 703/406/604 695/398/604
f 695/398/605 703/406/605 696/399/605
f 703/406/606 704/407/606 696/399/606
f 696/399/607 704/407/607 697/400/607
f 704/407/608 705/408/608 697/400/608
f 697/400/609 705/408/609 698/401/609
f 705/408/610 706/409/610 698/401/610
f 698/401/611 706/409/611 699/402/611
f 706/409/612 707/410/612 699/402/612
f 699/402/613 707/410/613 700/403/613
f 707/410/614 708/411/614 700/403/614
f 700/403/615 708/411/615 425/404/615
f 708/411/616 426/412/616 425/404/616
f 441/364/617 709/367/617 701/365/617
f 709/367/618 710/413/618 701/365/618
f 701/365/619 710/413/619 702/405/619
f 710/413/620 711/414/620 702/405/620
f 702/405/621 711/414/621 703/406/621
f 711/414/622 712/415/622 703/406/622
f 703/406/623 712/415/623 704/407/623
f 712/415/624 713/416/624 704/407/624
f 704/407/625 713/416/625 705/408/625
f 713/416/626 714/417/626 705/408/626
f 705/408/627 714/417/627 706/409/627
f 714/417/628 715/418/628 706/409/628
f 706/409/629 715/418/629 707/410/629
f 715/418/630 716/419/630 707/410/630
f 707/410/631 716/419/631 708/411/631
f 716/419/632 717/420/632 708/411/632
f 708/411/633 717/420/633 426/412/633
f 717/420/634 427/421/634 426/412/634
f 442/366/635 718/369/635 709/367/635
f 718/369/636 719/422/636 709/367/636
f 709/367/637 719/422/637 710/413/637
f 719/422/638 720/423/638 710/413/638
f 710/413/639 720/423/639 711/414/639
f 720/423/640 721/424/640 711/414/640
f 711/414/641 721/424/641 712/415/641
f 721/424/642 722/425/642 712/415/642
f 712/415/643 722/425/643 713/416/643
f 722/425/644 723/426/644 713/416/644
f 713/416/645 723/426/645 714/417/645
f 723/426/646 724/427/646 714/417/646
f 714/417/647 724/427/647 715/418/647
f 724/427/648 725/428/648 715/418/648
f 715/418/649 725/428/649 716/419/649
f 725/428/650 726/429/650 716/419/650
f 716/419/651 726/429/651 717/420/651
f 726/429/652 727/430/652 717/420/652
f 717/420/653 727/430/653 427/421/653
f 727/430/654 428/431/654 427/421/654
f 443/368/655 728/371/655 718/369/655
f 728/371/656 729/432/656 718/369/656
f 718/369/657 729/432/657 719/422/657
f 729/432/658 730/433/658 719/422/658
f 719/422/659 730/433/659 720/423/659
f 730/433/660 731/434/660 720/423/660
f 720/423/661 731/434/661 721/424/661
f 731/434/662 732/435/662 721/424/662
f 721/424/663 732/435/663 722/425/663
f 732/435/664 733/436/664 722/425/664
f 722/425/665 733/436/665 723/426/665
f 733/436/666 734/437/666 723/426/666
f 723/426/667 734/437/667 724/427/667
f 734/437/668 735/438/668 724/427/668
f 724/427/669 735/438/669 725/428/669
f 735/438/670 736/439/670 725/428/670
f 725/428/671 736/439/671 726/429/671
f 736/439/672 737/440/672 726/429/672
f 726/429/673 737/440/673 727/430/673
f 737/440/674 738/441/674 727/430/674
f 727/430/675 738/441/675 428/431/675
f 738/441/676 429/442/676 428/431/676
f 444/370/677 739/373/677 728/371/677
f 739/373/678 740/443/678 728/371/678
f 728/371/679 740/443/679 729/432/679
f 740/443/680 741/444/680 729/432/680
f 729/432/681 741/444/681 730/433/681
f 741/444/682 742/445/682 730/433/682
f 730/433/683 742/445/683 731/434/683
f 742/445/684 743/446/684 731/434/684
f 731/434/685 743/446/685 732/435/685
f 743/446/686 744/447/686 732/435/686
f 732/435/687 744/447/687 733/436/687
f 744/447/688 745/448/688 733/436/688
f 733/436/689 745/448/689 734/437/689
f 745/448/690 746/449/690 734/437/690
f 734/437/691 746/449/691 735/438/691
f 746/449/692 747/450/692 735/438/692
f 735/438/693 747/450/693 736/439/693
f 747/450/694 748/451/694 736/439/694
f 736/439/695 748/451/695 737/440/695
f 748/451/696 749/452/696 737/440/696
f 737/440/697 749/452/697 738/441/697
f 749/452/698 750/453/698 738/441/698
f 738/441/699 750/453/699 429/442/699
f 750/453/700 430/454/700 429/442/700
f 445/372/701 751/375/701 739/373/701
f 751/375/702 752/455/702 739/373/702
f 739/373/703 752/455/703 740/443/703
f 752/455/704 753/456/704 740/443/704
f 740/443/705 753/456/705 741/444/705
f 753/456/706 754/457/706 741/444/706
f 741/444/707 754/457/707 742/445/707
f 754/457/708 755/458/708 742/445/708
f 742/445/709 755/458/709 743/446/709
f 755/458/710 756/459/710 743/446/710
f 743/446/711 756/459/711 744/447/711
f 756/459/712 757/460/712 744/447/712
f 744/447/713 757/460/713 745/448/713
f 757/460/714 758/461/714 745/448/714
f 745/448/715 758/461/715 746/449/715
f 758/461/716 759/462/716 746/449/716
f 746/449/717 759/462/717 747/450/717
f 759/462/718 760/463/718 747/450/718
f 747/450/719 760/463/719 748/451/719
f 760/463/720 761/464/720 748/451/720
f 748/451/721 761/464/721 749/452/721
f 761/464/722 762/465/722 749/452/722
f 749/452/723 762/465/723 750/453/723
f 762/465/724 763/466/724 750/453/724
f 750/453/725 763/466/725 430/454/725
f 763/466/726 431/467/726 430/454/726
f 446/374/727 764/376/727 751/375/727
f 764/376/728 765/468/728 751/375/728
f 751/375/729 765/468/729 752/455/729
f 765/468/730 766/469/730 752/455/730
f 752/455/731 766/469/731 753/456/731
f 766/469/732 767/470/732 753/456/732
f 753/456/733 767/470/733 754/457/733
f 767/470/734 768/471/734 754/457/734
f 754/457/735 768/471/735 755/458/735
f 768/471/736 769/472/736 755/458/736
f 755/458/737 769/472/737 756/459/737
f 769/472/738 770/473/738 756/459/738
f 756/459/739 770/473/739 757/460/739
f 770/473/740 771/474/740 757/460/740
f 757/460/741 771/474/741 758/461/741
f 771/474/742 772/475/742 758/461/742
f 758/461/743 772/475/743 759/462/743
f 772/475/744 773/476/744 759/462/744
f 759/462/745 773/476/745 760/463/745
f 773/476/746 774/477/746 760/463/746
f 760/463/747 774/477/747 761/464/747
f 774/477/748 775/478/748 761/464/748
f 761/464/749 775/478/749 762/465/749
f 775/478/750 776/479/750 762/465/750
f 762/465/751 776/479/751 763/466/751
f 776/479/752 777/480/752 763/466/752
f 763/466/753 777/480/753 431/467/753
f 777/480/754 432/481/754 431/467/754
f 447/42/755 357/41/755 764/376/755
f 357/41/756 356/482/756 764/376/756
f 764/376/757 356/482/757 765/468/757
f 356/482/758 355/483/758 765/468/758
f 765/468/759 355/483/759 766/469/759
f 355/483/760 354/484/760 766/469/760
f 766/469/761 354/484/761 767/470/761
f 354/484/762 353/485/762 767/470/762
f 767/470/763 353/485/763 768/471/763
f 353/485/764 352/486/764 768/471/764
f 768/471/765 352/486/765 769/472/765
f 352/486/766 351/487/766 769/472/766
f 769/472/767 351/487/767 770/473/767
f 351/487/768 350/488/768 770/473/768
f 770/473/769 350/488/769 771/474/769
f 350/488/770 349/489/770 771/474/770
f 771/474/771 349/489/771 772/475/771
f 349/489/772 348/490/772 772/475/772
f 772/475/773 348/490/773 773/476/773
f 348/490/774 347/491/774 773/476/774
f 773/476/775 347/491/775 774/477/775
f 347/491/776 346/492/776 774/477/776
f 774/477/777 346/492/777 775/478/777
f 346/492/778 345/493/778 775/478/778
f 775/478/779 345/493/779 776/479/779
f 345/493/780 344/494/780 776/479/780
f 776/479/781 344/494/781 777/480/781
f 344/494/782 343/495/782 777/480/782
f 777/480/783 343/495/783 432/481/783
f 343/495/784 8/496/784 432/481/784
f 418/497/785 388/498/785 12/499/785
f 419/500/786 778/501/786 418/497/786
f 420/502/787 779/503/787 419/500/787
f 421/504/788 781/505/788 420/502/788
f 422/506/789 784/507/789 421/504/789
f 423/508/790 788/509/790 422/506/790
f 424/510/791 793/511/791 423/508/791
f 425/512/792 799/513/792 424/510/792
f 426/514/793 806/515/793 425/512/793
f 427/516/794 814/517/794 426/514/794
f 428/518/795 823/519/795 427/516/795
f 429/520/796 833/521/796 428/518/796
f 430/522/797 844/523/797 429/520/797
f 431/524/798 856/525/798 430/522/798
f 432/39/799 869/526/799 431/524/799
f 418/497/800 778/501/800 388/498/800
f 778/501/801 389/527/801 388/498/801
f 419/500/802 779/503/802 778/501/802
f 779/503/803 780/528/803 778/501/803
f 778/501/804 780/528/804 389/527/804
f 780/528/805 390/529/805 389/527/805
f 420/502/806 781/505/806 779/503/806
f 781/505/807 782/530/807 779/503/807
f 779/503/808 782/530/808 780/528/808
f 782/530/809 783/531/809 780/528/809
f 780/528/810 783/531/810 390/529/810
f 783/531/811 391/532/811 390/529/811
f 421/504/812 784/507/812 781/505/812
f 784/507/813 785/533/813 781/505/813
f 781/505/814 785/533/814 782/530/814
f 785/533/815 786/534/815 782/530/815
f 782/530/816 786/534/816 783/531/816
f 786/534/817 787/535/817 783/531/817
f 783/531/818 787/535/818 391/532/818
f 787/535/819 392/536/819 391/532/819
f 422/506/820 788/509/820 784/507/820
f 788/509/821 789/537/821 784/507/821
f 784/507/822 789/537/822 785/533/822
f 789/537/823 790/538/823 785/533/823
f 785/533/824 790/538/824 786/534/824
f 790/538/825 791/539/825 786/534/825
f 786/534/826 791/539/826 787/535/826
f 791/539/827 792/540/827 787/535/827
f 787/535/828 792/540/828 392/536/828
f 792/540/829 393/541/829 392/536/829
f 423/508/830 793/511/830 788/509/830
f 793/511/831 794/542/831 788/509/831
f 788/509/832 794/542/832 789/537/832
f 794/542/833 795/543/833 789/537/833
f 789/537/834 795/543/834 790/538/834
f 795/543/835 796/544/835 790/538/835
f 790/538/836 796/544/836 791/539/836
f 796/544/837 797/545/837 791/539/837
f 791/539/838 797/545/838 792/540/838
f 797/545/839 798/546/839 792/540/839
f 792/540/840 798/546/840 393/541/840
f 798/546/841 394/547/841 393/541/841
f 424/510/842 799/513/842 793/511/842
f 799/513/843 800/548/843 793/511/843
f 793/511/844 800/548/844 794/542/844
f 800/548/845 801/549/845 794/542/845
f 794/542/846 801/549/846 795/543/846
f 801/549/847 802/550/847 795/543/847
f 795/543/848 802/550/848 796/544/848
f 802/550/849 803/551/849 796/544/849
f 796/544/850 803/551/850 797/545/850
f 803/551/851 804/552/851 797/545/851
f 797/545/852 804/552/852 798/546/852
f 804/552/853 805/553/853 798/546/853
f 798/546/854 805/553/854 394/547/854
f 805/553/855 395/554/855 394/547/855
f 425/512/856 806/515/856 799/513/856
f 806/515/857 807/555/857 799/513/857
f 799/513/858 807/555/858 800/548/858
f 807/555/859 808/556/859 800/548/859
f 800/548/860 808/556/860 801/549/860
f 808/556/861 809/557/861 801/549/861
f 801/549/862 809/557/862 802/550/862
f 809/557/863 810/558/863 802/550/863
f 802/550/864 810/558/864 803/551/864
f 810/558/865 811/559/865 803/551/865
f 803/551/866 811/559/866 804/552/866
f 811/559/867 812/560/867 804/552/867
f 804/552/868 812/560/868 805/553/868
f 812/560/869 813/561/869 805/553/869
f 805/553/870 813/561/870 395/554/870
f 813/561/871 396/562/871 395/554/871
f 426/514/872 814/517/872 806/515/872
f 814/517/873 815/563/873 806/515/873
f 806/515/874 815/563/874 807/555/874
f 815/563/875 816/564/875 807/555/875
f 807/555/876 816/564/876 808/556/876
f 816/564/877 817/565/877 808/556/877
f 808/556/878 817/565/878 809/557/878
f 817/565/879 818/566/879 809/557/879
f 809/557/880 818/566/880 810/558/880
f 818/566/881 819/567/881 810/558/881
f 810/558/882 819/567/882 811/559/882
f 819/567/883 820/568/883 811/559/883
f 811/559/884 820/568/884 812/560/884
f 820/568/885 821/569/885 812/560/885
f 812/560/886 821/569/886 813/561/886
f 821/569/887 822/570/887 813/561/887
f 813/561/888 822/570/888 396/562/888
f 822/570/889 397/571/889 396/562/889
f 427/516/890 823/519/890 814/517/890
f 823/519/891 824/572/891 814/517/891
f 814/517/892 824/572/892 815/563/892
f 824/572/893 825/573/893 815/563/893
f 815/563/894 825/573/894 816/564/894
f 825/573/895 826/574/895 816/564/895
f 816/564/896 826/574/896 817/565/896
f 826/574/897 827/575/897 817/565/897
f 817/565/898 827/575/898 818/566/898
f 827/575/899 828/576/899 818/566/899
f 818/566/900 828/576/900 819/567/900
f 828/576/901 829/577/901 819/567/901
f 819/567/902 829/577/902 820/568/902
f 829/577/903 830/578/903 820/568/903
f 820/568/904 830/578/904 821/569/904
f 830/578/905 831/579/905 821/569/905
f 821/569/906 831/579/906 822/570/906
f 831/579/907 832/580/907 822/570/907
f 822/570/908 832/580/908 397/571/908
f 832/580/909 398/581/909 397/571/909
f 428/518/910 833/521/910 823/519/910
f 833/521/911 834/582/911 823/519/911
f 823/519/912 834/582/912 824/572/912
f 834/582/913 835/583/913 824/572/913
f 824/572/914 835/583/914 825/573/914
f 835/583/915 836/584/915 825/573/915
f 825/573/916 836/584/916 826/574/916
f 836/584/917 837/585/917 826/574/917
f 826/574/918 837/585/918 827/575/918
f 837/585/919 838/586/919 827/575/919
f 827/575/920 838/586/920 828/576/920
f 838/586/921 839/587/921 828/576/921
f 828/576/922 839/587/922 829/577/922
f 839/587/923 840/588/923 829/577/923
f 829/577/924 840/588/924 830/578/924
f 840/588/925 841/589/925 830/578/925
f 830/578/926 841/589/926 831/579/926
f 841/589/927 842/590/927 831/579/927
f 831/579/928 842/590/928 832/580/928
f 842/590/929 843/591/929 832/580/929
f 832/580/930 843/591/930 398/581/930
f 843/591/931 399/592/931 398/581/931
f 429/520/932 844/523/932 833/521/932
f 844/523/933 845/593/933 833/521/933
f 833/521/934 845/593/934 834/582/934
f 845/593/935 846/594/935 834/582/935
f 834/582/936 846/594/936 835/583/936
f 846/594/937 847/595/937 835/583/937
f 835/583/938 847/595/938 836/584/938
f 847/595/939 848/596/939 836/584/939
f 836/584/940 848/596/940 837/585/940
f 848/596/941 849/597/941 837/585/941
f 837/585/942 849/597/942 838/586/942
f 849/597/943 850/598/943 838/586/943
f 838/586/944 850/598/944 839/587/944
f 850/598/945 851/599/945 839/587/945
f 839/587/946 851/599/946 840/588/946
f 851/599/947 852/600/947 840/588/947
f 840/588/948 852/600/948 841/589/948
f 852/600/949 853/601/949 841/589/949
f 841/589/950 853/601/950 842/590/950
f 853/601/951 854/602/951 842/590/951
f 842/590/952 854/602/952 843/591/952
f 854/602/953 855/603/953 843/591/953
f 843/591/954 855/603/954 399/592/954
f 855/603/955 400/604/955 399/592/955
f 430/522/956 856/525/956 844/523/956
f 856/525/957 857/605/957 844/523/957
f 844/523/958 857/605/958 845/593/958
f 857/605/959 858/606/959 845/593/959
f 845/593/960 858/606/960 846/594/960
f 858/606/961 859/607/961 846/594/961
f 846/594/962 859/607/962 847/595/962
f 859/607/963 860/608/963 847/595/963
f 847/595/964 860/608/964 848/596/964
f 860/608/965 861/609/965 848/596/965
f 848/596/966 861/609/966 849/597/966
f 861/609/967 862/610/967 849/597/967
f 849/597/968 862/610/968 850/598/968
f 862/610/969 863/611/969 850/598/969
f 850/598/970 863/611/970 851/599/970
f 863/611/971 864/612/971 851/599/971
f 851/599/972 864/612/972 852/600/972
f 864/612/973 865/613/973 852/600/973
f 852/600/974 865/613/974 853/601/974
f 865/613/975 866/614/975 853/601/975
f 853/601/976 866/614/976 854/602/976
f 866/614/977 867/615/977 854/602/977
f 854/602/978 867/615/978 855/603/978
f 867/615/979 868/616/979 855/603/979
f 855/603/980 868/616/980 400/604/980
f 868/616/981 401/617/981 400/604/981
f 431/524/982 869/526/982 856/525/982
f 869/526/983 870/618/983 856/525/983
f 856/525/984 870/618/984 857/605/984
f 870/618/985 871/619/985 857/605/985
f 857/605/986 871/619/986 858/606/986
f 871/619/987 872/620/987 858/606/987
f 858/606/988 872/620/988 859/607/988
f 872/620/989 873/621/989 859/607/989
f 859/607/990 873/621/990 860/608/990
f 873/621/991 874/622/991 860/608/991
f 860/608/992 874/622/992 861/609/992
f 874/622/993 875/623/993 861/609/993
f 861/609/994 875/623/994 862/610/994
f 875/623/995 876/624/995 862/610/995
f 862/610/996 876/624/996 863/611/996
f 876/624/997 877/625/997 863/611/997
f 863/611/998 877/625/998 864/612/998
f 877/625/999 878/626/999 864/612/999
f 864/612/1000 878/626/1000 865/613/1000
f 878/626/1001 879/627/1001 865/613/1001
f 865/613/1002 879/627/1002 866/614/1002
f 879/627/1003 880/628/1003 866/614/1003
f 866/614/1004 880/628/1004 867/615/1004
f 880/628/1005 881/629/1005 867/615/1005
f 867/615/1006 881/629/1006 868/616/1006
f 881/629/1007 882/630/1007 868/616/1007
f 868/616/1008 882/630/1008 401/617/1008
f 882/630/1009 402/631/1009 401/617/1009
f 432/39/1010 342/38/1010 869/526/1010
f 342/38/1011 341/632/1011 869/526/1011
f 869/526/1012 341/632/1012 870/618/1012
f 341/632/1013 340/633/1013 870/618/1013
f 870/618/1014 340/633/1014 871/619/1014
f 340/633/1015 339/634/1015 871/619/1015
f 871/619/1016 339/634/1016 872/620/1016
f 339/634/1017 338/635/1017 872/620/1017
f 872/620/1018 338/635/1018 873/621/1018
f 338/635/1019 337/636/1019 873/621/1019
f 873/621/1020 337/636/1020 874/622/1020
f 337/636/1021 336/637/1021 874/622/1021
f 874/622/1022 336/637/1022 875/623/1022
f 336/637/1023 335/638/1023 875/623/1023
f 875/623/1024 335/638/1024 876/624/1024
f 335/638/1025 334/639/1025 876/624/1025
f 876/624/1026 334/639/1026 877/625/1026
f 334/639/1027 333/640/1027 877/625/1027
f 877/625/1028 333/640/1028 878/626/1028
f 333/640/1029 332/641/1029 878/626/1029
f 878/626/1030 332/641/1030 879/627/1030
f 332/641/1031 331/642/1031 879/627/1031
f 879/627/1032 331/642/1032 880/628/1032
f 331/642/1033 330/643/1033 880/628/1033
f 880/628/1034 330/643/1034 881/629/1034
f 330/643/1035 329/644/1035 881/629/1035
f 881/629/1036 329/644/1036 882/630/1036
f 329/644/1037 328/645/1037 882/630/1037
f 882/630/1038 328/645/1038 402/631/1038
f 328/645/1039 7/34/1039 402/631/1039
f 388/646/1040 417/647/1040 12/648/1040
f 389/649/1041 883/650/1041 388/646/1041
f 390/651/1042 884/652/1042 389/649/1042
f 391/653/1043 886/654/1043 390/651/1043
f 392/655/1044 889/656/1044 391/653/1044
f 393/657/1045 893/658/1045 392/655/1045
f 394/659/1046 898/660/1046 393/657/1046
f 395/661/1047 904/662/1047 394/659/1047
f 396/663/1048 911/664/1048 395/661/1048
f 397/665/1049 919/666/1049 396/663/1049
f 398/667/1050 928/668/1050 397/665/1050
f 399/669/1051 938/670/1051 398/667/1051
f 400/671/1052 949/672/1052 399/669/1052
f 401/673/1053 961/674/1053 400/671/1053
f 402/36/1054 974/675/1054 401/673/1054
f 388/646/1055 883/650/1055 417/647/1055
f 883/650/1056 416/676/1056 417/647/1056
f 389/649/1057 884/652/1057 883/650/1057
f 884/652/1058 885/677/1058 883/650/1058
f 883/650/1059 885/677/1059 416/676/1059
f 885/677/1060 415/678/1060 416/676/1060
f 390/651/1061 886/654/1061 884/652/1061
f 886/654/1062 887/679/1062 884/652/1062
f 884/652/1063 887/679/1063 885/677/1063
f 887/679/1064 888/680/1064 885/677/1064
f 885/677/1065 888/680/1065 415/678/1065
f 888/680/1066 414/681/1066 415/678/1066
f 391/653/1067 889/656/1067 886/654/1067
f 889/656/1068 890/682/1068 886/654/1068
f 886/654/1069 890/682/1069 887/679/1069
f 890/682/1070 891/683/1070 887/679/1070
f 887/679/1071 891/683/1071 888/680/1071
f 891/683/1072 892/684/1072 888/680/1072
f 888/680/1073 892/684/1073 414/681/1073
f 892/684/1074 413/685/1074 414/681/1074
f 392/655/1075 893/658/1075 889/656/1075
f 893/658/1076 894/686/1076 889/656/1076
f 889/656/1077 894/686/1077 890/682/1077
f 894/686/1078 895/687/1078 890/682/1078
f 890/682/1079 895/687/1079 891/683/1079
f 895/687/1080 896/688/1080 891/683/1080
f 891/683/1081 896/688/1081 892/684/1081
f 896/688/1082 897/689/1082 892/684/1082
f 892/684/1083 897/689/1083 413/685/1083
f 897/689/1084 412/690/1084 413/685/1084
f 393/657/1085 898/660/1085 893/658/1085
f 898/660/1086 899/691/1086 893/658/1086
f 893/658/1087 899/691/1087 894/686/1087
f 899/691/1088 900/692/1088 894/686/1088
f 894/686/1089 900/692/1089 895/687/1089
f 900/692/1090 901/693/1090 895/687/1090
f 895/687/1091 901/693/1091 896/688/1091
f 901/693/1092 902/694/1092 896/688/1092
f 896/688/1093 902/694/1093 897/689/1093
f 902/694/1094 903/695/1094 897/689/1094
f 897/689/1095 903/695/1095 412/690/1095
f 903/695/1096 411/696/1096 412/690/1096
f 394/659/1097 904/662/1097 898/660/1097
f 904/662/1098 905/697/1098 898/660/1098
f 898/660/1099 905/697/1099 899/691/1099
f 905/697/1100 906/698/1100 899/691/1100
f 899/691/1101 906/698/1101 900/692/1101
f 906/698/1102 907/699/1102 900/692/1102
f 900/692/1103 907/699/1103 901/693/1103
f 907/699/1104 908/700/1104 901/693/1104
f 901/693/1105 908/700/1105 902/694/1105
f 908/700/1106 909/701/1106 902/694/1106
f 902/694/1107 909/701/1107 903/695/1107
f 909/701/1108 910/702/1108 903/695/1108
f 903/695/1109 910/702/1109 411/696/1109
f 910/702/1110 410/703/1110 411/696/1110
f 395/661/1111 911/664/1111 904/662/1111
f 911/664/1112 912/704/1112 904/662/1112
f 904/662/1113 912/704/1113 905/697/1113
f 912/704/1114 913/705/1114 905/697/1114
f 905/697/1115 913/705/1115 906/698/1115
f 913/705/1116 914/706/1116 906/698/1116
f 906/698/1117 914/706/1117 907/699/1117
f 914/706/1118 915/707/1118 907/699/1118
f 907/699/1119 915/707/1119 908/700/1119
f 915/707/1120 916/708/1120 908/700/1120
f 908/700/1121 916/708/1121 909/701/1121
f 916/708/1122 917/709/1122 909/701/1122
f 909/701/1123 917/709/1123 910/702/1123
f 917/709/1124 918/710/1124 910/702/1124
f 910/702/1125 918/710/1125 410/703/1125
f 918/710/1126 409/711/1126 410/703/1126
f 396/663/1127 919/666/1127 911/664/1127
f 919/666/1128 920/712/1128 911/664/1128
f 911/664/1129 920/712/1129 912/704/1129
f 920/712/1130 921/713/1130 912/704/1130
f 912/704/1131 921/713/1131 913/705/1131
f 921/713/1132 922/714/1132 913/705/1132
f 913/705/1133 922/714/1133 914/706/1133
f 922/714/1134 923/715/1134 914/706/1134
f 914/706/1135 923/715/1135 915/707/1135
f 923/715/1136 924/716/1136 915/707/1136
f 915/707/1137 924/716/1137 916/708/1137
f 924/716/1138 925/717/1138 916/708/1138
f 916/708/1139 925/717/1139 917/709/1139
f 925/717/1140 926/718/1140 917/709/1140
f 917/709/1141 926/718/1141 918/710/1141
f 926/718/1142 927/719/1142 918/710/1142
f 918/710/1143 927/719/1143 409/711/1143
f 927/719/1144 408/720/1144 409/711/1144
f 397/665/1145 928/668/1145 919/666/1145
f 928/668/1146 929/721/1146 919/666/1146
f 919/666/1147 929/721/1147 920/712/1147
f 929/721/1148 930/722/1148 920/712/1148
f 920/712/1149 930/722/1149 921/713/1149
f 930/722/1150 931/723/1150 921/713/1150
f 921/713/1151 931/723/1151 922/714/1151
f 931/723/1152 932/724/1152 922/714/1152
f 922/714/1153 932/724/1153 923/715/1153
f 932/724/1154 933/725/1154 923/715/1154
f 923/715/1155 933/725/1155 924/716/1155
f 933/725/1156 934/726/1156 924/716/1156
f 924/716/1157 934/726/1157 925/717/1157
f 934/726/1158 935/727/1158 925/717/1158
f 925/717/1159 935/727/1159 926/718/1159
f 935/727/1160 936/728/1160 926/718/1160
f 926/718/1161 936/728/1161 927/719/1161
f 936/728/1162 937/729/1162 927/719/1162
f 927/719/1163 937/729/1163 408/720/1163
f 937/729/1164 407/730/1164 408/720/1164
f 398/667/1165 938/670/1165 928/668/1165
f 938/670/1166 939/731/1166 928/668/1166
f 928/668/1167 939/731/1167 929/721/1167
f 939/731/1168 940/732/1168 929/721/1168
f 929/721/1169 940/732/1169 930/722/1169
f 940/732/1170 941/733/1170 930/722/1170
f 930/722/1171 941/733/1171 931/723/1171
f 941/733/1172 942/734/1172 931/723/1172
f 931/723/1173 942/734/1173 932/724/1173
f 942/734/1174 943/735/1174 932/724/1174
f 932/724/1175 943/735/1175 933/725/1175
f 943/735/1176 944/736/1176 933/725/1176
f 933/725/1177 944/736/1177 934/726/1177
f 944/736/1178 945/737/1178 934/726/1178
f 934/726/1179 945/737/1179 935/727/1179
f 945/737/1180 946/738/1180 935/727/1180
f 935/727/1181 946/738/1181 936/728/1181
f 946/738/1182 947/739/1182 936/728/1182
f 936/728/1183 947/739/1183 937/729/1183
f 947/739/1184 948/740/1184 937/729/1184
f 937/729/1185 948/740/1185 407/730/1185
f 948/740/1186 406/741/1186 407/730/1186
f 399/669/1187 949/672/1187 938/670/1187
f 949/672/1188 950/742/1188 938/670/1188
f 938/670/1189 950/742/1189 939/731/1189
f 950/742/1190 951/743/1190 939/731/1190
f 939/731/1191 951/743/1191 940/732/1191
f 951/743/1192 952/744/1192 940/732/1192
f 940/732/1193 952/744/1193 941/733/1193
f 952/744/1194 953/745/1194 941/733/1194
f 941/733/1195 953/745/1195 942/734/1195
f 953/745/1196 954/746/1196 942/734/1196
f 942/734/1197 954/746/1197 943/735/1197
f 954/746/1198 955/747/1198 943/735/1198
f 943/735/1199 955/747/1199 944/736/1199
f 955/747/1200 956/748/1200 944/736/1200
f 944/736/1201 956/748/1201 945/737/1201
f 956/748/1202 957/749/1202 945/737/1202
f 945/737/1203 957/749/1203 946/738/1203
f 957/749/1204 958/750/1204 946/738/1204
f 946/738/1205 958/750/1205 947/739/1205
f 958/750/1206 959/751/1206 947/739/1206
f 947/739/1207 959/751/1207 948/740/1207
f 959/751/1208 960/752/1208 948/740/1208
f 948/740/1209 960/752/1209 406/741/1209
f 960/752/1210 405/753/1210 406/741/1210
f 400/671/1211 961/674/1211 949/672/1211
f 961/674/1212 962/754/1212 949/672/1212
f 949/672/1213 962/754/1213 950/742/1213
f 962/754/1214 963/755/1214 950/742/1214
f 950/742/1215 963/755/1215 951/743/1215
f 963/755/1216 964/756/1216 951/743/1216
f 951/743/1217 964/756/1217 952/744/1217
f 964/756/1218 965/757/1218 952/744/1218
f 952/744/1219 965/757/1219 953/745/1219
f 965/757/1220 966/758/1220 953/745/1220
f 953/745/1221 966/758/1221 954/746/1221
f 966/758/1222 967/759/1222 954/746/1222
f 954/746/1223 967/759/1223 955/747/1223
f 967/759/1224 968/760/1224 955/747/1224
f 955/747/1225 968/760/1225 956/748/1225
f 968/760/1226 969/761/1226 956/748/1226
f 956/748/1227 969/761/1227 957/749/1227
f 969/761/1228 970/762/1228 957/749/1228
f 957/749/1229 970/762/1229 958/750/1229
f 970/762/1230 971/763/1230 958/750/1230
f 958/750/1231 971/763/1231 959/751/1231
f 971/763/1232 972/764/1232 959/751/1232
f 959/751/1233 972/764/1233 960/752/1233
f 972/764/1234 973/765/1234 960/752/1234
f 960/752/1235 973/765/1235 405/753/1235
f 973/765/1236 404/766/1236 405/753/1236
f 401/673/1237 974/675/1237 961/674/1237
f 974/675/1238 975/767/1238 961/674/1238
f 961/674/1239 975/767/1239 962/754/1239
f 975/767/1240 976/768/1240 962/754/1240
f 962/754/1241 976/768/1241 963/755/1241
f 976/768/1242 977/769/1242 963/755/1242
f 963/755/1243 977/769/1243 964/756/1243
f 977/769/1244 978/770/1244 964/756/1244
f 964/756/1245 978/770/1245 965/757/1245
f 978/770/1246 979/771/1246 965/757/1246
f 965/757/1247 979/771/1247 966/758/1247
f 979/771/1248 980/772/1248 966/758/1248
f 966/758/1249 980/772/1249 967/759/1249
f 980/772/1250 981/773/1250 967/759/1250
f 967/759/1251 981/773/1251 968/760/1251
f 981/773/1252 982/774/1252 968/760/1252
f 968/760/1253 982/774/1253 969/761/1253
f 982/774/1254 983/775/1254 969/761/1254
f 969/761/1255 983/775/1255 970/762/1255
f 983/775/1256 984/776/1256 970/762/1256
f 970/762/1257 984/776/1257 971/763/1257
f 984/776/1258 985/777/1258 971/763/1258
f 971/763/1259 985/777/1259 972/764/1259
f 985/777/1260 986/778/1260 972/764/1260
f 972/764/1261 986/778/1261 973/765/1261
f 986/778/1262 987/779/1262 973/765/1262
f 973/765/1263 987/779/1263 404/766/1263
f 987/779/1264 403/780/1264 404/766/1264
f 402/36/1265 327/35/1265 974/675/1265
f 327/35/1266 326/781/1266 974/675/1266
f 974/675/1267 326/781/1267 975/767/1267
f 326/781/1268 325/782/1268 975/767/1268
f 975/767/1269 325/782/1269 976/768/1269
f 325/782/1270 324/783/1270 976/768/1270
f 976/768/1271 324/783/1271 977/769/1271
f 324/783/1272 323/784/1272 977/769/1272
f 977/769/1273 323/784/1273 978/770/1273
f 323/784/1274 322/785/1274 978/770/1274
f 978/770/1275 322/785/1275 979/771/1275
f 322/785/1276 321/786/1276 979/771/1276
f 979/771/1277 321/786/1277 980/772/1277
f 321/786/1278 320/787/1278 980/772/1278
f 980/772/1279 320/787/1279 981/773/1279
f 320/787/1280 319/788/1280 981/773/1280
f 981/773/1281 319/788/1281 982/774/1281
f 319/788/1282 318/789/1282 982/774/1282
f 982/774/1283 318/789/1283 983/775/1283
f 318/789/1284 317/790/1284 983/775/1284
f 983/775/1285 317/790/1285 984/776/1285
f 317/790/1286 316/791/1286 984/776/1286
f 984/776/1287 316/791/1287 985/777/1287
f 316/791/1288 315/792/1288 985/777/1288
f 985/777/1289 315/792/1289 986/778/1289
f 315/792/1290 314/793/1290 986/778/1290
f 986/778/1291 314/793/1291 987/779/1291
f 314/793/1292 313/794/1292 987/779/1292
f 987/779/1293 313/794/1293 403/780/1293
f 313/794/1294 11/46/1294 403/780/1294
f 192/795/1295 387/47/1295 11/46/1295
f 191/796/1296 988/797/1296 192/795/1296
f 190/798/1297 989/799/1297 191/796/1297
f 189/800/1298 991/801/1298 190/798/1298
f 188/802/1299 994/803/1299 189/800/1299
f 187/804/1300 998/805/1300 188/802/1300
f 186/806/1301 1003/807/1301 187/804/1301
f 185/808/1302 1009/809/1302 186/806/1302
f 184/810/1303 1016/811/1303 185/808/1303
f 183/812/1304 1024/813/1304 184/810/1304
f 182/814/1305 1033/815/1305 183/812/1305
f 181/816/1306 1043/817/1306 182/814/1306
f 180/818/1307 1054/819/1307 181/816/1307
f 179/820/1308 1066/821/1308 180/818/1308
f 178/33/1309 1079/822/1309 179/820/1309
f 192/795/1310 988/797/1310 387/47/1310
f 988/797/1311 386/184/1311 387/47/1311
f 191/796/1312 989/799/1312 988/797/1312
f 989/799/1313 990/823/1313 988/797/1313
f 988/797/1314 990/823/1314 386/184/1314
f 990/823/1315 385/185/1315 386/184/1315
f 190/798/1316 991/801/1316 989/799/1316
f 991/801/1317 992/824/1317 989/799/1317
f 989/799/1318 992/824/1318 990/823/1318
f 992/824/1319 993/825/1319 990/823/1319
f 990/823/1320 993/825/1320 385/185/1320
f 993/825/1321 384/186/1321 385/185/1321
f 189/800/1322 994/803/1322 991/801/1322
f 994/803/1323 995/826/1323 991/801/1323
f 991/801/1324 995/826/1324 992/824/1324
f 995/826/1325 996/827/1325 992/824/1325
f 992/824/1326 996/827/1326 993/825/1326
f 996/827/1327 997/828/1327 993/825/1327
f 993/825/1328 997/828/1328 384/186/1328
f 997/828/1329 383/187/1329 384/186/1329
f 188/802/1330 998/805/1330 994/803/1330
f 998/805/1331 999/829/1331 994/803/1331
f 994/803/1332 999/829/1332 995/826/1332
f 999/829/1333 1000/830/1333 995/826/1333
f 995/826/1334 1000/830/1334 996/827/1334
f 1000/830/1335 1001/831/1335 996/827/1335
f 996/827/1336 1001/831/1336 997/828/1336
f 1001/831/1337 1002/832/1337 997/828/1337
f 997/828/1338 1002/832/1338 383/187/1338
f 1002/832/1339 382/188/1339 383/187/1339
f 187/804/1340 1003/807/1340 998/805/1340
f 1003/807/1341 1004/833/1341 998/805/1341
f 998/805/1342 1004/833/1342 999/829/1342
f 1004/833/1343 1005/834/1343 999/829/1343
f 999/829/1344 1005/834/1344 1000/830/1344
f 1005/834/1345 1006/835/1345 1000/830/1345
f 1000/830/1346 1006/835/1346 1001/831/1346
f 1006/835/1347 1007/836/1347 1001/831/1347
f 1001/831/1348 1007/836/1348 1002/832/1348
f 1007/836/1349 1008/837/1349 1002/832/1349
f 1002/832/1350 1008/837/1350 382/188/1350
f 1008/837/1351 381/189/1351 382/188/1351
f 186/806/1352 1009/809/1352 1003/807/1352
f 1009/809/1353 1010/838/1353 1003/807/1353
f 1003/807/1354 1010/838/1354 1004/833/1354
f 1010/838/1355 1011/839/1355 1004/833/1355
f 1004/833/1356 1011/839/1356 1005/834/1356
f 1011/839/1357 1012/840/1357 1005/834/1357
f 1005/834/1358 1012/840/1358 1006/835/1358
f 1012/840/1359 1013/841/1359 1006/835/1359
f 1006/835/1360 1013/841/1360 1007/836/1360
f 1013/841/1361 1014/842/1361 1007/836/1361
f 1007/836/1362 1014/842/1362 1008/837/1362
f 1014/842/1363 1015/843/1363 1008/837/1363
f 1008/837/1364 1015/843/1364 381/189/1364
f 1015/843/1365 380/190/1365 381/189/1365
f 185/808/1366 1016/811/1366 1009/809/1366
f 1016/811/1367 1017/844/1367 1009/809/1367
f 1009/809/1368 1017/844/1368 1010/838/1368
f 1017/844/1369 1018/845/1369 1010/838/1369
f 1010/838/1370 1018/845/1370 1011/839/1370
f 1018/845/1371 1019/846/1371 1011/839/1371
f 1011/839/1372 1019/846/1372 1012/840/1372
f 1019/846/1373 1020/847/1373 1012/840/1373
f 1012/840/1374 1020/847/1374 1013/841/1374
f 1020/847/1375 1021/848/1375 1013/841/1375
f 1013/841/1376 1021/848/1376 1014/842/1376
f 1021/848/1377 1022/849/1377 1014/842/1377
f 1014/842/1378 1022/849/1378 1015/843/1378
f 1022/849/1379 1023/850/1379 1015/843/1379
f 1015/843/1380 1023/850/1380 380/190/1380
f 1023/850/1381 379/191/1381 380/190/1381
f 184/810/1382 1024/813/1382 1016/811/1382
f 1024/813/1383 1025/851/1383 1016/811/1383
f 1016/811/1384 1025/851/1384 1017/844/1384
f 1025/851/1385 1026/852/1385 1017/844/1385
f 1017/844/1386 1026/852/1386 1018/845/1386
f 1026/852/1387 1027/853/1387 1018/845/1387
f 1018/845/1388 1027/853/1388 1019/846/1388
f 1027/853/1389 1028/854/1389 1019/846/1389
f 1019/846/1390 1028/854/1390 1020/847/1390
f 1028/854/1391 1029/855/1391 1020/847/1391
f 1020/847/1392 1029/855/1392 1021/848/1392
f 1029/855/1393 1030/856/1393 1021/848/1393
f 1021/848/1394 1030/856/1394 1022/849/1394
f 1030/856/1395 1031/857/1395 1022/849/1395
f 1022/849/1396 1031/857/1396 1023/850/1396
f 1031/857/1397 1032/858/1397 1023/850/1397
f 1023/850/1398 1032/858/1398 379/191/1398
f 1032/858/1399 378/192/1399 379/191/1399
f 183/812/1400 1033/815/1400 1024/813/1400
f 1033/815/1401 1034/859/1401 1024/813/1401
f 1024/813/1402 1034/859/1402 1025/851/1402
f 1034/859/1403 1035/860/1403 1025/851/1403
f 1025/851/1404 1035/860/1404 1026/852/1404
f 1035/860/1405 1036/861/1405 1026/852/1405
f 1026/852/1406 1036/861/1406 1027/853/1406
f 1036/861/1407 1037/862/1407 1027/853/1407
f 1027/853/1408 1037/862/1408 1028/854/1408
f 1037/862/1409 1038/863/1409 1028/854/1409
f 1028/854/1410 1038/863/1410 1029/855/1410
f 1038/863/1411 1039/864/1411 1029/855/1411
f 1029/855/1412 1039/864/1412 1030/856/1412
f 1039/864/1413 1040/865/1413 1030/856/1413
f 1030/856/1414 1040/865/1414 1031/857/1414
f 1040/865/1415 1041/866/1415 1031/857/1415
f 1031/857/1416 1041/866/1416 1032/858/1416
f 1041/866/1417 1042/867/1417 1032/858/1417
f 1032/858/1418 1042/867/1418 378/192/1418
f 1042/867/1419 377/193/1419 378/192/1419
f 182/814/1420 1043/817/1420 1033/815/1420
f 1043/817/1421 1044/868/1421 1033/815/1421
f 1033/815/1422 1044/868/1422 1034/859/1422
f 1044/868/1423 1045/869/1423 1034/859/1423
f 1034/859/1424 1045/869/1424 1035/860/1424
f 1045/869/1425 1046/870/1425 1035/860/1425
f 1035/860/1426 1046/870/1426 1036/861/1426
f 1046/870/1427 1047/871/1427 1036/861/1427
f 1036/861/1428 1047/871/1428 1037/862/1428
f 1047/871/1429 1048/872/1429 1037/862/1429
f 1037/862/1430 1048/872/1430 1038/863/1430
f 1048/872/1431 1049/873/1431 1038/863/1431
f 1038/863/1432 1049/873/1432 1039/864/1432
f 1049/873/1433 1050/874/1433 1039/864/1433
f 1039/864/1434 1050/874/1434 1040/865/1434
f 1050/874/1435 1051/875/1435 1040/865/1435
f 1040/865/1436 1051/875/1436 1041/866/1436
f 1051/875/1437 1052/876/1437 1041/866/1437
f 1041/866/1438 1052/876/1438 1042/867/1438
f 1052/876/1439 1053/877/1439 1042/867/1439
f 1042/867/1440 1053/877/1440 377/193/1440
f 1053/877/1441 376/194/1441 377/193/1441
f 181/816/1442 1054/819/1442 1043/817/1442
f 1054/819/1443 1055/878/1443 1043/817/1443
f 1043/817/1444 1055/878/1444 1044/868/1444
f 1055/878/1445 1056/879/1445 1044/868/1445
f 1044/868/1446 1056/879/1446 1045/869/1446
f 1056/879/1447 1057/880/1447 1045/869/1447
f 1045/869/1448 1057/880/1448 1046/870/1448
f 1057/880/1449 1058/881/1449 1046/870/1449
f 1046/870/1450 1058/881/1450 1047/871/1450
f 1058/881/1451 1059/882/1451 1047/871/1451
f 1047/871/1452 1059/882/1452 1048/872/1452
f 1059/882/1453 1060/883/1453 1048/872/1453
f 1048/872/1454 1060/883/1454 1049/873/1454
f 1060/883/1455 1061/884/1455 1049/873/1455
f 1049/873/1456 1061/884/1456 1050/874/1456
f 1061/884/1457 1062/885/1457 1050/874/1457
f 1050/874/1458 1062/885/1458 1051/875/1458
f 1062/885/1459 1063/886/1459 1051/875/1459
f 1051/875/1460 1063/886/1460 1052/876/1460
f 1063/886/1461 1064/887/1461 1052/876/1461
f 1052/876/1462 1064/887/1462 1053/877/1462
f 1064/887/1463 1065/888/1463 1053/877/1463
f 1053/877/1464 1065/888/1464 376/194/1464
f 1065/888/1465 375/195/1465 376/194/1465
f 180/818/1466 1066/821/1466 1054/819/1466
f 1066/821/1467 1067/889/1467 1054/819/1467
f 1054/819/1468 1067/889/1468 1055/878/1468
f 1067/889/1469 1068/890/1469 1055/878/1469
f 1055/878/1470 1068/890/1470 1056/879/1470
f 1068/890/1471 1069/891/1471 1056/879/1471
f 1056/879/1472 1069/891/1472 1057/880/1472
f 1069/891/1473 1070/892/1473 1057/880/1473
f 1057/880/1474 1070/892/1474 1058/881/1474
f 1070/892/1475 1071/893/1475 1058/881/1475
f 1058/881/1476 1071/893/1476 1059/882/1476
f 1071/893/1477 1072/894/1477 1059/882/1477
f 1059/882/1478 1072/894/1478 1060/883/1478
f 1072/894/1479 1073/895/1479 1060/883/1479
f 1060/883/1480 1073/895/1480 1061/884/1480
f 1073/895/1481 1074/896/1481 1061/884/1481
f 1061/884/1482 1074/896/1482 1062/885/1482
f 1074/896/1483 1075/897/1483 1062/885/1483
f 1062/885/1484 1075/897/1484 1063/886/1484
f 1075/897/1485 1076/898/1485 1063/886/1485
f 1063/886/1486 1076/898/1486 1064/887/1486
f 1076/898/1487 1077/899/1487 1064/887/1487
f 1064/887/1488 1077/899/1488 1065/888/1488
f 1077/899/1489 1078/900/1489 1065/888/1489
f 1065/888/1490 1078/900/1490 375/195/1490
f 1078/900/1491 374/196/1491 375/195/1491
f 179/820/1492 1079/822/1492 1066/821/1492
f 1079/822/1493 1080/901/1493 1066/821/1493
f 1066/821/1494 1080/901/1494 1067/889/1494
f 1080/901/1495 1081/902/1495 1067/889/1495
f 1067/889/1496 1081/902/1496 1068/890/1496
f 1081/902/1497 1082/903/1497 1068/890/1497
f 1068/890/1498 1082/903/1498 1069/891/1498
f 1082/903/1499 1083/904/1499 1069/891/1499
f 1069/891/1500 1083/904/1500 1070/892/1500
f 1083/904/1501 1084/905/1501 1070/892/1501
f 1070/892/1502 1084/905/1502 1071/893/1502
f 1084/905/1503 1085/906/1503 1071/893/1503
f 1071/893/1504 1085/906/1504 1072/894/1504
f 1085/906/1505 1086/907/1505 1072/894/1505
f 1072/894/1506 1086/907/1506 1073/895/1506
f 1086/907/1507 1087/908/1507 1073/895/1507
f 1073/895/1508 1087/908/1508 1074/896/1508
f 1087/908/1509 1088/909/1509 1074/896/1509
f 1074/896/1510 1088/909/1510 1075/897/1510
f 1088/909/1511 1089/910/1511 1075/897/1511
f 1075/897/1512 1089/910/1512 1076/898/1512
f 1089/910/1513 1090/911/1513 1076/898/1513
f 1076/898/1514 1090/911/1514 1077/899/1514
f 1090/911/1515 1091/912/1515 1077/899/1515
f 1077/899/1516 1091/912/1516 1078/900/1516
f 1091/912/1517 1092/913/1517 1078/900/1517
f 1078/900/1518 1092/913/1518 374/196/1518
f 1092/913/1519 373/197/1519 374/196/1519
f 178/33/1520 297/28/1520 1079/822/1520
f 297/28/1521 296/914/1521 1079/822/1521
f 1079/822/1522 296/914/1522 1080/901/1522
f 296/914/1523 295/915/1523 1080/901/1523
f 1080/901/1524 295/915/1524 1081/902/1524
f 295/915/1525 294/916/1525 1081/902/1525
f 1081/902/1526 294/916/1526 1082/903/1526
f 294/916/1527 293/917/1527 1082/903/1527
f 1082/903/1528 293/917/1528 1083/904/1528
f 293/917/1529 292/918/1529 1083/904/1529
f 1083/904/1530 292/918/1530 1084/905/1530
f 292/918/1531 291/919/1531 1084/905/1531
f 1084/905/1532 291/919/1532 1085/906/1532
f 291/919/1533 290/920/1533 1085/906/1533
f 1085/906/1534 290/920/1534 1086/907/1534
f 290/920/1535 289/921/1535 1086/907/1535
f 1086/907/1536 289/921/1536 1087/908/1536
f 289/921/1537 288/922/1537 1087/908/1537
f 1087/908/1538 288/922/1538 1088/909/1538
f 288/922/1539 287/923/1539 1088/909/1539
f 1088/909/1540 287/923/1540 1089/910/1540
f 287/923/1541 286/924/1541 1089/910/1541
f 1089/910/1542 286/924/1542 1090/911/1542
f 286/924/1543 285/925/1543 1090/911/1543
f 1090/911/1544 285/925/1544 1091/912/1544
f 285/925/1545 284/926/1545 1091/912/1545
f 1091/912/1546 284/926/1546 1092/913/1546
f 284/926/1547 283/927/1547 1092/913/1547
f 1092/913/1548 283/927/1548 373/197/1548
f 283/927/1549 10/43/1549 373/197/1549
f 312/928/1550 372/44/1550 10/43/1550
f 311/929/1551 1093/930/1551 312/928/1551
f 310/931/1552 1094/932/1552 311/929/1552
f 309/933/1553 1096/934/1553 310/931/1553
f 308/935/1554 1099/936/1554 309/933/1554
f 307/937/1555 1103/938/1555 308/935/1555
f 306/939/1556 1108/940/1556 307/937/1556
f 305/941/1557 1114/942/1557 306/939/1557
f 304/943/1558 1121/944/1558 305/941/1558
f 303/945/1559 1129/946/1559 304/943/1559
f 302/947/1560 1138/948/1560 303/945/1560
f 301/949/1561 1148/950/1561 302/947/1561
f 300/951/1562 1159/952/1562 301/949/1562
f 299/953/1563 1171/954/1563 300/951/1563
f 298/32/1564 1184/955/1564 299/953/1564
f 312/928/1565 1093/930/1565 372/44/1565
f 1093/930/1566 371/333/1566 372/44/1566
f 311/929/1567 1094/932/1567 1093/930/1567
f 1094/932/1568 1095/956/1568 1093/930/1568
f 1093/930/1569 1095/956/1569 371/333/1569
f 1095/956/1570 370/334/1570 371/333/1570
f 310/931/1571 1096/934/1571 1094/932/1571
f 1096/934/1572 1097/957/1572 1094/932/1572
f 1094/932/1573 1097/957/1573 1095/956/1573
f 1097/957/1574 1098/958/1574 1095/956/1574
f 1095/956/1575 1098/958/1575 370/334/1575
f 1098/958/1576 369/335/1576 370/334/1576
f 309/933/1577 1099/936/1577 1096/934/1577
f 1099/936/1578 1100/959/1578 1096/934/1578
f 1096/934/1579 1100/959/1579 1097/957/1579
f 1100/959/1580 1101/960/1580 1097/957/1580
f 1097/957/1581 1101/960/1581 1098/958/1581
f 1101/960/1582 1102/961/1582 1098/958/1582
f 1098/958/1583 1102/961/1583 369/335/1583
f 1102/961/1584 368/336/1584 369/335/1584
f 308/935/1585 1103/938/1585 1099/936/1585
f 1103/938/1586 1104/962/1586 1099/936/1586
f 1099/936/1587 1104/962/1587 1100/959/1587
f 1104/962/1588 1105/963/1588 1100/959/1588
f 1100/959/1589 1105/963/1589 1101/960/1589
f 1105/963/1590 1106/964/1590 1101/960/1590
f 1101/960/1591 1106/964/1591 1102/961/1591
f 1106/964/1592 1107/965/1592 1102/961/1592
f 1102/961/1593 1107/965/1593 368/336/1593
f 1107/965/1594 367/337/1594 368/336/1594
f 307/937/1595 1108/940/1595 1103/938/1595
f 1108/940/1596 1109/966/1596 1103/938/1596
f 1103/938/1597 1109/966/1597 1104/962/1597
f 1109/966/1598 1110/967/1598 1104/962/1598
f 1104/962/1599 1110/967/1599 1105/963/1599
f 1110/967/1600 1111/968/1600 1105/963/1600
f 1105/963/1601 1111/968/1601 1106/964/1601
f 1111/968/1602 1112/969/1602 1106/964/1602
f 1106/964/1603 1112/969/1603 1107/965/1603
f 1112/969/1604 1113/970/1604 1107/965/1604
f 1107/965/1605 1113/970/1605 367/337/1605
f 1113/970/1606 366/338/1606 367/337/1606
f 306/939/1607 1114/942/1607 1108/940/1607
f 1114/942/1608 1115/971/1608 1108/940/1608
f 1108/940/1609 1115/971/1609 1109/966/1609
f 1115/971/1610 1116/972/1610 1109/966/1610
f 1109/966/1611 1116/972/1611 1110/967/1611
f 1116/972/1612 1117/973/1612 1110/967/1612
f 1110/967/1613 1117/973/1613 1111/968/1613
f 1117/973/1614 1118/974/1614 1111/968/1614
f 1111/968/1615 1118/974/1615 1112/969/1615
f 1118/974/1616 1119/975/1616 1112/969/1616
f 1112/969/1617 1119/975/1617 1113/970/1617
f 1119/975/1618 1120/976/1618 1113/970/1618
f 1113/970/1619 1120/976/1619 366/338/1619
f 1120/976/1620 365/339/1620 366/338/1620
f 305/941/1621 1121/944/1621 1114/942/1621
f 1121/944/1622 1122/977/1622 1114/942/1622
f 1114/942/1623 1122/977/1623 1115/971/1623
f 1122/977/1624 1123/978/1624 1115/971/1624
f 1115/971/1625 1123/978/1625 1116/972/1625
f 1123/978/1626 1124/979/1626 1116/972/1626
f 1116/972/1627 1124/979/1627 1117/973/1627
f 1124/979/1628 1125/980/1628 1117/973/1628
f 1117/973/1629 1125/980/1629 1118/974/1629
f 1125/980/1630 1126/981/1630 1118/974/1630
f 1118/974/1631 1126/981/1631 1119/975/1631
f 1126/981/1632 1127/982/1632 1119/975/1632
f 1119/975/1633 1127/982/1633 1120/976/1633
f 1127/982/1634 1128/983/1634 1120/976/1634
f 1120/976/1635 1128/983/1635 365/339/1635
f 1128/983/1636 364/340/1636 365/339/1636
f 304/943/1637 1129/946/1637 1121/944/1637
f 1129/946/1638 1130/984/1638 1121/944/1638
f 1121/944/1639 1130/984/1639 1122/977/1639
f 1130/984/1640 1131/985/1640 1122/977/1640
f 1122/977/1641 1131/985/1641 1123/978/1641
f 1131/985/1642 1132/986/1642 1123/978/1642
f 1123/978/1643 1132/986/1643 1124/979/1643
f 1132/986/1644 1133/987/1644 1124/979/1644
f 1124/979/1645 1133/987/1645 1125/980/1645
f 1133/987/1646 1134/988/1646 1125/980/1646
f 1125/980/1647 1134/988/1647 1126/981/1647
f 1134/988/1648 1135/989/1648 1126/981/1648
f 1126/981/1649 1135/989/1649 1127/982/1649
f 1135/989/1650 1136/990/1650 1127/982/1650
f 1127/982/1651 1136/990/1651 1128/983/1651
f 1136/990/1652 1137/991/1652 1128/983/1652
f 1128/983/1653 1137/991/1653 364/340/1653
f 1137/991/1654 363/341/1654 364/340/1654
f 303/945/1655 1138/948/1655 1129/946/1655
f 1138/948/1656 1139/992/1656 1129/946/1656
f 1129/946/1657 1139/992/1657 1130/984/1657
f 1139/992/1658 1140/993/1658 1130/984/1658
f 1130/984/1659 1140/993/1659 1131/985/1659
f 1140/993/1660 1141/994/1660 1131/985/1660
f 1131/985/1661 1141/994/1661 1132/986/1661
f 1141/994/1662 1142/995/1662 1132/986/1662
f 1132/986/1663 1142/995/1663 1133/987/1663
f 1142/995/1664 1143/996/1664 1133/987/1664
f 1133/987/1665 1143/996/1665 1134/988/1665
f 1143/996/1666 1144/997/1666 1134/988/1666
f 1134/988/1667 1144/997/1667 1135/989/1667
f 1144/997/1668 1145/998/1668 1135/989/1668
f 1135/989/1669 1145/998/1669 1136/990/1669
f 1145/998/1670 1146/999/1670 1136/990/1670
f 1136/990/1671 1146/999/1671 1137/991/1671
f 1146/999/1672 1147/1000/1672 1137/991/1672
f 1137/991/1673 1147/1000/1673 363/341/1673
f 1147/1000/1674 362/342/1674 363/341/1674
f 302/947/1675 1148/950/1675 1138/948/1675
f 1148/950/1676 1149/1001/1676 1138/948/1676
f 1138/948/1677 1149/1001/1677 1139/992/1677
f 1149/1001/1678 1150/1002/1678 1139/992/1678
f 1139/992/1679 1150/1002/1679 1140/993/1679
f 1150/1002/1680 1151/1003/1680 1140/993/1680
f 1140/993/1681 1151/1003/1681 1141/994/1681
f 1151/1003/1682 1152/1004/1682 1141/994/1682
f 1141/994/1683 1152/1004/1683 1142/995/1683
f 1152/1004/1684 1153/1005/1684 1142/995/1684
f 1142/995/1685 1153/1005/1685 1143/996/1685
f 1153/1005/1686 1154/1006/1686 1143/996/1686
f 1143/996/1687 1154/1006/1687 1144/997/1687
f 1154/1006/1688 1155/1007/1688 1144/997/1688
f 1144/997/1689 1155/1007/1689 1145/998/1689
f 1155/1007/1690 1156/1008/1690 1145/998/1690
f 1145/998/1691 1156/1008/1691 1146/999/1691
f 1156/1008/1692 1157/1009/1692 1146/999/1692
f 1146/999/1693 1157/1009/1693 1147/1000/1693
f 1157/1009/1694 1158/1010/1694 1147/1000/1694
f 1147/1000/1695 1158/1010/1695 362/342/1695
f 1158/1010/1696 361/343/1696 362/342/1696
f 301/949/1697 1159/952/1697 1148/950/1697
f 1159/952/1698 1160/1011/1698 1148/950/1698
f 1148/950/1699 1160/1011/1699 1149/1001/1699
f 1160/1011/1700 1161/1012/1700 1149/1001/1700
f 1149/1001/1701 1161/1012/1701 1150/1002/1701
f 1161/1012/1702 1162/1013/1702 1150/1002/1702
f 1150/1002/1703 1162/1013/1703 1151/1003/1703
f 1162/1013/1704 1163/1014/1704 1151/1003/1704
f 1151/1003/1705 1163/1014/1705 1152/1004/1705
f 1163/1014/1706 1164/1015/1706 1152/1004/1706
f 1152/1004/1707 1164/1015/1707 1153/1005/1707
f 1164/1015/1708 1165/1016/1708 1153/1005/1708
f 1153/1005/1709 1165/1016/1709 1154/1006/1709
f 1165/1016/1710 1166/1017/1710 1154/1006/1710
f 1154/1006/1711 1166/1017/1711 1155/1007/1711
f 1166/1017/1712 1167/1018/1712 1155/1007/1712
f 1155/1007/1713 1167/1018/1713 1156/1008/1713
f 1167/1018/1714 1168/1019/1714 1156/1008/1714
f 1156/1008/1715 1168/1019/1715 1157/1009/1715
f 1168/1019/1716 1169/1020/1716 1157/1009/1716
f 1157/1009/1717 1169/1020/1717 1158/1010/1717
f 1169/1020/1718 1170/1021/1718 1158/1010/1718
f 1158/1010/1719 1170/1021/1719 361/343/1719
f 1170/1021/1720 360/344/1720 361/343/1720
f 300/951/1721 1171/954/1721 1159/952/1721
f 1171/954/1722 1172/1022/1722 1159/952/1722
f 1159/952/1723 1172/1022/1723 1160/1011/1723
f 1172/1022/1724 1173/1023/1724 1160/1011/1724
f 1160/1011/1725 1173/1023/1725 1161/1012/1725
f 1173/1023/1726 1174/1024/1726 1161/1012/1726
f 1161/1012/1727 1174/1024/1727 1162/1013/1727
f 1174/1024/1728 1175/1025/1728 1162/1013/1728
f 1162/1013/1729 1175/1025/1729 1163/1014/1729
f 1175/1025/1730 1176/1026/1730 1163/1014/1730
f 1163/1014/1731 1176/1026/1731 1164/1015/1731
f 1176/1026/1732 1177/1027/1732 1164/1015/1732
f 1164/1015/1733 1177/1027/1733 1165/1016/1733
f 1177/1027/1734 1178/1028/1734 1165/1016/1734
f 1165/1016/1735 1178/1028/1735 1166/1017/1735
f 1178/1028/1736 1179/1029/1736 1166/1017/1736
f 1166/1017/1737 1179/1029/1737 1167/1018/1737
f 1179/1029/1738 1180/1030/1738 1167/1018/1738
f 1167/1018/1739 1180/1030/1739 1168/1019/1739
f 1180/1030/1740 1181/1031/1740 1168/1019/1740
f 1168/1019/1741 1181/1031/1741 1169/1020/1741
f 1181/1031/1742 1182/1032/1742 1169/1020/1742
f 1169/1020/1743 1182/1032/1743 1170/1021/1743
f 1182/1032/1744 1183/1033/1744 1170/1021/1744
f 1170/1021/1745 1183/1033/1745 360/344/1745
f 1183/1033/1746 359/345/1746 360/344/1746
f 299/953/1747 1184/955/1747 1171/954/1747
f 1184/955/1748 1185/1034/1748 1171/954/1748
f 1171/954/1749 1185/1034/1749 1172/1022/1749
f 1185/1034/1750 1186/1035/1750 1172/1022/1750
f 1172/1022/1751 1186/1035/1751 1173/1023/1751
f 1186/1035/1752 1187/1036/1752 1173/1023/1752
f 1173/1023/1753 1187/1036/1753 1174/1024/1753
f 1187/1036/1754 1188/1037/1754 1174/1024/1754
f 1174/1024/1755 1188/1037/1755 1175/1025/1755
f 1188/1037/1756 1189/1038/1756 1175/1025/1756
f 1175/1025/1757 1189/1038/1757 1176/1026/1757
f 1189/1038/1758 1190/1039/1758 1176/1026/1758
f 1176/1026/1759 1190/1039/1759 1177/1027/1759
f 1190/1039/1760 1191/1040/1760 1177/1027/1760
f 1177/1027/1761 1191/1040/1761 1178/1028/1761
f 1191/1040/1762 1192/1041/1762 1178/1028/1762
f 1178/1028/1763 1192/1041/1763 1179/1029/1763
f 1192/1041/1764 1193/1042/1764 1179/1029/1764
f 1179/1029/1765 1193/1042/1765 1180/1030/1765
f 1193/1042/1766 1194/1043/1766 1180/1030/1766
f 1180/1030/1767 1194/1043/1767 1181/1031/1767
f 1194/1043/1768 1195/1044/1768 1181/1031/1768
f 1181/1031/1769 1195/1044/1769 1182/1032/1769
f 1195/1044/1770 1196/1045/1770 1182/1032/1770
f 1182/1032/1771 1196/1045/1771 1183/1033/1771
f 1196/1045/1772 1197/1046/1772 1183/1033/1772
f 1183/1033/1773 1197/1046/1773 359/345/1773
f 1197/1046/1774 358/346/1774 359/345/1774
f 298/32/1775 267/25/1775 1184/955/1775
f 267/25/1776 266/1047/1776 1184/955/1776
f 1184/955/1777 266/1047/1777 1185/1034/1777
f 266/1047/1778 265/1048/1778 1185/1034/1778
f 1185/1034/1779 265/1048/1779 1186/1035/1779
f 265/1048/1780 264/1049/1780 1186/1035/1780
f 1186/1035/1781 264/1049/1781 1187/1036/1781
f 264/1049/1782 263/1050/1782 1187/1036/1782
f 1187/1036/1783 263/1050/1783 1188/1037/1783
f 263/1050/1784 262/1051/1784 1188/1037/1784
f 1188/1037/1785 262/1051/1785 1189/1038/1785
f 262/1051/1786 261/1052/1786 1189/1038/1786
f 1189/1038/1787 261/1052/1787 1190/1039/1787
f 261/1052/1788 260/1053/1788 1190/1039/1788
f 1190/1039/1789 260/1053/1789 1191/1040/1789
f 260/1053/1790 259/1054/1790 1191/1040/1790
f 1191/1040/1791 259/1054/1791 1192/1041/1791
f 259/1054/1792 258/1055/1792 1192/1041/1792
f 1192/1041/1793 258/1055/1793 1193/1042/1793
f 258/1055/1794 257/1056/1794 1193/1042/1794
f 1193/1042/1795 257/1056/1795 1194/1043/1795
f 257/1056/1796 256/1057/1796 1194/1043/1796
f 1194/1043/1797 256/1057/1797 1195/1044/1797
f 256/1057/1798 255/1058/1798 1195/1044/1798
f 1195/1044/1799 255/1058/1799 1196/1045/1799
f 255/1058/1800 254/1059/1800 1196/1045/1800
f 1196/1045/1801 254/1059/1801 1197/1046/1801
f 254/1059/1802 253/1060/1802 1197/1046/1802
f 1197/1046/1803 253/1060/1803 358/346/1803
f 253/1060/1804 9/40/1804 358/346/1804
f 282/1061/1805 357/41/1805 9/40/1805
f 281/1062/1806 1198/1063/1806 282/1061/1806
f 280/1064/1807 1199/1065/1807 281/1062/1807
f 279/1066/1808 1201/1067/1808 280/1064/1808
f 278/1068/1809 1204/1069/1809 279/1066/1809
f 277/1070/1810 1208/1071/1810 278/1068/1810
f 276/1072/1811 1213/1073/1811 277/1070/1811
f 275/1074/1812 1219/1075/1812 276/1072/1812
f 274/1076/1813 1226/1077/1813 275/1074/1813
f 273/1078/1814 1234/1079/1814 274/1076/1814
f 272/1080/1815 1243/1081/1815 273/1078/1815
f 271/1082/1816 1253/1083/1816 272/1080/1816
f 270/1084/1817 1264/1085/1817 271/1082/1817
f 269/1086/1818 1276/1087/1818 270/1084/1818
f 268/31/1819 1289/1088/1819 269/1086/1819
f 282/1061/1820 1198/1063/1820 357/41/1820
f 1198/1063/1821 356/482/1821 357/41/1821
f 281/1062/1822 1199/1065/1822 1198/1063/1822
f 1199/1065/1823 1200/1089/1823 1198/1063/1823
f 1198/1063/1824 1200/1089/1824 356/482/1824
f 1200/1089/1825 355/483/1825 356/482/1825
f 280/1064/1826 1201/1067/1826 1199/1065/1826
f 1201/1067/1827 1202/1090/1827 1199/1065/1827
f 1199/1065/1828 1202/1090/1828 1200/1089/1828
f 1202/1090/1829 1203/1091/1829 1200/1089/1829
f 1200/1089/1830 1203/1091/1830 355/483/1830
f 1203/1091/1831 354/484/1831 355/483/1831
f 279/1066/1832 1204/1069/1832 1201/1067/1832
f 1204/1069/1833 1205/1092/1833 1201/1067/1833
f 1201/1067/1834 1205/1092/1834 1202/1090/1834
f 1205/1092/1835 1206/1093/1835 1202/1090/1835
f 1202/1090/1836 1206/1093/1836 1203/1091/1836
f 1206/1093/1837 1207/1094/1837 1203/1091/1837
f 1203/1091/1838 1207/1094/1838 354/484/1838
f 1207/1094/1839 353/485/1839 354/484/1839
f 278/1068/1840 1208/1071/1840 1204/1069/1840
f 1208/1071/1841 1209/1095/1841 1204/1069/1841
f 1204/1069/1842 1209/1095/1842 1205/1092/1842
f 1209/1095/1843 1210/1096/1843 1205/1092/1843
f 1205/1092/1844 1210/1096/1844 1206/1093/1844
f 1210/1096/1845 1211/1097/1845 1206/1093/1845
f 1206/1093/1846 1211/1097/1846 1207/1094/1846
f 1211/1097/1847 1212/1098/1847 1207/1094/1847
f 1207/1094/1848 1212/1098/1848 353/485/1848
f 1212/1098/1849 352/486/1849 353/485/1849
f 277/1070/1850 1213/1073/1850 1208/1071/1850
f 1213/1073/1851 1214/1099/1851 1208/1071/1851
f 1208/1071/1852 1214/1099/1852 1209/1095/1852
f 1214/1099/1853 1215/1100/1853 1209/1095/1853
f 1209/1095/1854 1215/1100/1854 1210/1096/1854
f 1215/1100/1855 1216/1101/1855 1210/1096/1855
f 1210/1096/1856 1216/1101/1856 1211/1097/1856
f 1216/1101/1857 1217/1102/1857 1211/1097/1857
f 1211/1097/1858 1217/1102/1858 1212/1098/1858
f 1217/1102/1859 1218/1103/1859 1212/1098/1859
f 1212/1098/1860 1218/1103/1860 352/486/1860
f 1218/1103/1861 351/487/1861 352/486/1861
f 276/1072/1862 1219/1075/1862 1213/1073/1862
f 1219/1075/1863 1220/1104/1863 1213/1073/1863
f 1213/1073/1864 1220/1104/1864 1214/1099/1864
f 1220/1104/1865 1221/1105/1865 1214/1099/1865
f 1214/1099/1866 1221/1105/1866 1215/1100/1866
f 1221/1105/1867 1222/1106/1867 1215/1100/1867
f 1215/1100/1868 1222/1106/1868 1216/1101/1868
f 1222/1106/1869 1223/1107/1869 1216/1101/1869
f 1216/1101/1870 1223/1107/1870 1217/1102/1870
f 1223/1107/1871 1224/1108/1871 1217/1102/1871
f 1217/1102/1872 1224/1108/1872 1218/1103/1872
f 1224/1108/1873 1225/1109/1873 1218/1103/1873
f 1218/1103/1874 1225/1109/1874 351/487/1874
f 1225/1109/1875 350/488/1875 351/487/1875
f 275/1074/1876 1226/1077/1876 1219/1075/1876
f 1226/1077/1877 1227/1110/1877 1219/1075/1877
f 1219/1075/1878 1227/1110/1878 1220/1104/1878
f 1227/1110/1879 1228/1111/1879 1220/1104/1879
f 1220/1104/1880 1228/1111/1880 1221/1105/1880
f 1228/1111/1881 1229/1112/1881 1221/1105/1881
f 1221/1105/1882 1229/1112/1882 1222/1106/1882
f 1229/1112/1883 1230/1113/1883 1222/1106/1883
f 1222/1106/1884 1230/1113/1884 1223/1107/1884
f 1230/1113/1885 1231/1114/1885 1223/1107/1885
f 1223/1107/1886 1231/1114/1886 1224/1108/1886
f 1231/1114/1887 1232/1115/1887 1224/1108/1887
f 1224/1108/1888 1232/1115/1888 1225/1109/1888
f 1232/1115/1889 1233/1116/1889 1225/1109/1889
f 1225/1109/1890 1233/1116/1890 350/488/1890
f 1233/1116/1891 349/489/1891 350/488/1891
f 274/1076/1892 1234/1079/1892 1226/1077/1892
f 1234/1079/1893 1235/1117/1893 1226/1077/1893
f 1226/1077/1894 1235/1117/1894 1227/1110/1894
f 1235/1117/1895 1236/1118/1895 1227/1110/1895
f 1227/1110/1896 1236/1118/1896 1228/1111/1896
f 1236/1118/1897 1237/1119/1897 1228/1111/1897
f 1228/1111/1898 1237/1119/1898 1229/1112/1898
f 1237/1119/1899 1238/1120/1899 1229/1112/1899
f 1229/1112/1900 1238/1120/1900 1230/1113/1900
f 1238/1120/1901 1239/1121/1901 1230/1113/1901
f 1230/1113/1902 1239/1121/1902 1231/1114/1902
f 1239/1121/1903 1240/1122/1903 1231/1114/1903
f 1231/1114/1904 1240/1122/1904 1232/1115/1904
f 1240/1122/1905 1241/1123/1905 1232/1115/1905
f 1232/1115/1906 1241/1123/1906 1233/1116/1906
f 1241/1123/1907 1242/1124/1907 1233/1116/1907
f 1233/1116/1908 1242/1124/1908 349/489/1908
f 1242/1124/1909 348/490/1909 349/489/1909
f 273/1078/1910 1243/1081/1910 1234/1079/1910
f 1243/1081/1911 1244/1125/1911 1234/1079/1911
f 1234/1079/1912 1244/1125/1912 1235/1117/1912
f 1244/1125/1913 1245/1126/1913 1235/1117/1913
f 1235/1117/1914 1245/1126/1914 1236/1118/1914
f 1245/1126/1915 1246/1127/1915 1236/1118/1915
f 1236/1118/1916 1246/1127/1916 1237/1119/1916
f 1246/1127/1917 1247/1128/1917 1237/1119/1917
f 1237/1119/1918 1247/1128/1918 1238/1120/1918
f 1247/1128/1919 1248/1129/1919 1238/1120/1919
f 1238/1120/1920 1248/1129/1920 1239/1121/1920
f 1248/1129/1921 1249/1130/1921 1239/1121/1921
f 1239/1121/1922 1249/1130/1922 1240/1122/1922
f 1249/1130/1923 1250/1131/1923 1240/1122/1923
f 1240/1122/1924 1250/1131/1924 1241/1123/1924
f 1250/1131/1925 1251/1132/1925 1241/1123/1925
f 1241/1123/1926 1251/1132/1926 1242/1124/1926
f 1251/1132/1927 1252/1133/1927 1242/1124/1927
f 1242/1124/1928 1252/1133/1928 348/490/1928
f 1252/1133/1929 347/491/1929 348/490/1929
f 272/1080/1930 1253/1083/1930 1243/1081/1930
f 1253/1083/1931 1254/1134/1931 1243/1081/1931
f 1243/1081/1932 1254/1134/1932 1244/1125/1932
f 1254/1134/1933 1255/1135/1933 1244/1125/1933
f 1244/1125/1934 1255/1135/1934 1245/1126/1934
f 1255/1135/1935 1256/1136/1935 1245/1126/1935
f 1245/1126/1936 1256/1136/1936 1246/1127/1936
f 1256/1136/1937 1257/1137/1937 1246/1127/1937
f 1246/1127/1938 1257/1137/1938 1247/1128/1938
f 1257/1137/1939 1258/1138/1939 1247/1128/1939
f 1247/1128/1940 1258/1138/1940 1248/1129/1940
f 1258/1138/1941 1259/1139/1941 1248/1129/1941
f 1248/1129/1942 1259/1139/1942 1249/1130/1942
f 1259/1139/1943 1260/1140/1943 1249/1130/1943
f 1249/1130/1944 1260/1140/1944 1250/1131/1944
f 1260/1140/1945 1261/1141/1945 1250/1131/1945
f 1250/1131/1946 1261/1141/1946 1251/1132/1946
f 1261/1141/1947 1262/1142/1947 1251/1132/1947
f 1251/1132/1948 1262/1142/1948 1252/1133/1948
f 1262/1142/1949 1263/1143/1949 1252/1133/1949
f 1252/1133/1950 1263/1143/1950 347/491/1950
f 1263/1143/1951 346/492/1951 347/491/1951
f 271/1082/1952 1264/1085/1952 1253/1083/1952
f 1264/1085/1953 1265/1144/1953 1253/1083/1953
f 1253/1083/1954 1265/1144/1954 1254/1134/1954
f 1265/1144/1955 1266/1145/1955 1254/1134/1955
f 1254/1134/1956 1266/1145/1956 1255/1135/1956
f 1266/1145/1957 1267/1146/1957 1255/1135/1957
f 1255/1135/1958 1267/1146/1958 1256/1136/1958
f 1267/1146/1959 1268/1147/1959 1256/1136/1959
f 1256/1136/1960 1268/1147/1960 1257/1137/1960
f 1268/1147/1961 1269/1148/1961 1257/1137/1961
f 1257/1137/1962 1269/1148/1962 1258/1138/1962
f 1269/1148/1963 1270/1149/1963 1258/1138/1963
f 1258/1138/1964 1270/1149/1964 1259/1139/1964
f 1270/1149/1965 1271/1150/1965 1259/1139/1965
f 1259/1139/1966 1271/1150/1966 1260/1140/1966
f 1271/1150/1967 1272/1151/1967 1260/1140/1967
f 1260/1140/1968 1272/1151/1968 1261/1141/1968
f 1272/1151/1969 1273/1152/1969 1261/1141/1969
f 1261/1141/1970 1273/1152/1970 1262/1142/1970
f 1273/1152/1971 1274/1153/1971 1262/1142/1971
f 1262/1142/1972 1274/1153/1972 1263/1143/1972
f 1274/1153/1973 1275/1154/1973 1263/1143/1973
f 1263/1143/1974 1275/1154/1974 346/492/1974
f 1275/1154/1975 345/493/1975 346/492/1975
f 270/1084/1976 1276/1087/1976 1264/1085/1976
f 1276/1087/1977 1277/1155/1977 1264/1085/1977
f 1264/1085/1978 1277/1155/1978 1265/1144/1978
f 1277/1155/1979 1278/1156/1979 1265/1144/1979
f 1265/1144/1980 1278/1156/1980 1266/1145/1980
f 1278/1156/1981 1279/1157/1981 1266/1145/1981
f 1266/1145/1982 1279/1157/1982 1267/1146/1982
f 1279/1157/1983 1280/1158/1983 1267/1146/1983
f 1267/1146/1984 1280/1158/1984 1268/1147/1984
f 1280/1158/1985 1281/1159/1985 1268/1147/1985
f 1268/1147/1986 1281/1159/1986 1269/1148/1986
f 1281/1159/1987 1282/1160/1987 1269/1148/1987
f 1269/1148/1988 1282/1160/1988 1270/1149/1988
f 1282/1160/1989 1283/1161/1989 1270/1149/1989
f 1270/1149/1990 1283/1161/1990 1271/1150/1990
f 1283/1161/1991 1284/1162/1991 1271/1150/1991
f 1271/1150/1992 1284/1162/1992 1272/1151/1992
f 1284/1162/1993 1285/1163/1993 1272/1151/1993
f 1272/1151/1994 1285/1163/1994 1273/1152/1994
f 1285/1163/1995 1286/1164/1995 1273/1152/1995
f 1273/1152/1996 1286/1164/1996 1274/1153/1996
f 1286/1164/1997 1287/1165/1997 1274/1153/1997
f 1274/1153/1998 1287/1165/1998 1275/1154/1998
f 1287/1165/1999 1288/1166/1999 1275/1154/1999
f 1275/1154/2000 1288/1166/2000 345/493/2000
f 1288/1166/2001 344/494/2001 345/493/2001
f 269/1086/2002 1289/1088/2002 1276/1087/2002
f 1289/1088/2003 1290/1167/2003 1276/1087/2003
f 1276/1087/2004 1290/1167/2004 1277/1155/2004
f 1290/1167/2005 1291/1168/2005 1277/1155/2005
f 1277/1155/2006 1291/1168/2006 1278/1156/2006
f 1291/1168/2007 1292/1169/2007 1278/1156/2007
f 1278/1156/2008 1292/1169/2008 1279/1157/2008
f 1292/1169/2009 1293/1170/2009 1279/1157/2009
f 1279/1157/2010 1293/1170/2010 1280/1158/2010
f 1293/1170/2011 1294/1171/2011 1280/1158/2011
f 1280/1158/2012 1294/1171/2012 1281/1159/2012
f 1294/1171/2013 1295/1172/2013 1281/1159/2013
f 1281/1159/2014 1295/1172/2014 1282/1160/2014
f 1295/1172/2015 1296/1173/2015 1282/1160/2015
f 1282/1160/2016 1296/1173/2016 1283/1161/2016
f 1296/1173/2017 1297/1174/2017 1283/1161/2017
f 1283/1161/2018 1297/1174/2018 1284/1162/2018
f 1297/1174/2019 1298/1175/2019 1284/1162/2019
f 1284/1162/2020 1298/1175/2020 1285/1163/2020
f 1298/1175/2021 1299/1176/2021 1285/1163/2021
f 1285/1163/2022 1299/1176/2022 1286/1164/2022
f 1299/1176/2023 1300/1177/2023 1286/1164/2023
f 1286/1164/2024 1300/1177/2024 1287/1165/2024
f 1300/1177/2025 1301/1178/2025 1287/1165/2025
f 1287/1165/2026 1301/1178/2026 1288/1166/2026
f 1301/1178/2027 1302/1179/2027 1288/1166/2027
f 1288/1166/2028 1302/1179/2028 344/494/2028
f 1302/1179/2029 343/495/2029 344/494/2029
f 268/31/2030 237/22/2030 1289/1088/2030
f 237/22/2031 236/1180/2031 1289/1088/2031
f 1289/1088/2032 236/1180/2032 1290/1167/2032
f 236/1180/2033 235/1181/2033 1290/1167/2033
f 1290/1167/2034 235/1181/2034 1291/1168/2034
f 235/1181/2035 234/1182/2035 1291/1168/2035
f 1291/1168/2036 234/1182/2036 1292/1169/2036
f 234/1182/2037 233/1183/2037 1292/1169/2037
f 1292/1169/2038 233/1183/2038 1293/1170/2038
f 233/1183/2039 232/1184/2039 1293/1170/2039
f 1293/1170/2040 232/1184/2040 1294/1171/2040
f 232/1184/2041 231/1185/2041 1294/1171/2041
f 1294/1171/2042 231/1185/2042 1295/1172/2042
f 231/1185/2043 230/1186/2043 1295/1172/2043
f 1295/1172/2044 230/1186/2044 1296/1173/2044
f 230/1186/2045 229/1187/2045 1296/1173/2045
f 1296/1173/2046 229/1187/2046 1297/1174/2046
f 229/1187/2047 228/1188/2047 1297/1174/2047
f 1297/1174/2048 228/1188/2048 1298/1175/2048
f 228/1188/2049 227/1189/2049 1298/1175/2049
f 1298/1175/2050 227/1189/2050 1299/1176/2050
f 227/1189/2051 226/1190/2051 1299/1176/2051
f 1299/1176/2052 226/1190/2052 1300/1177/2052
f 226/1190/2053 225/1191/2053 1300/1177/2053
f 1300/1177/2054 225/1191/2054 1301/1178/2054
f 225/1191/2055 224/1192/2055 1301/1178/2055
f 1301/1178/2056 224/1192/2056 1302/1179/2056
f 224/1192/2057 223/1193/2057 1302/1179/2057
f 1302/1179/2058 223/1193/2058 343/495/2058
f 223/1193/2059 8/496/2059 343/495/2059
f 252/1194/2060 342/38/2060 8/37/2060
f 251/1195/2061 1303/1196/2061 252/1194/2061
f 250/1197/2062 1304/1198/2062 251/1195/2062
f 249/1199/2063 1306/1200/2063 250/1197/2063
f 248/1201/2064 1309/1202/2064 249/1199/2064
f 247/1203/2065 1313/1204/2065 248/1201/2065
f 246/1205/2066 1318/1206/2066 247/1203/2066
f 245/1207/2067 1324/1208/2067 246/1205/2067
f 244/1209/2068 1331/1210/2068 245/1207/2068
f 243/1211/2069 1339/1212/2069 244/1209/2069
f 242/1213/2070 1348/1214/2070 243/1211/2070
f 241/1215/2071 1358/1216/2071 242/1213/2071
f 240/1217/2072 1369/1218/2072 241/1215/2072
f 239/1219/2073 1381/1220/2073 240/1217/2073
f 238/30/2074 1394/1221/2074 239/1219/2074
f 252/1194/2075 1303/1196/2075 342/38/2075
f 1303/1196/2076 341/632/2076 342/38/2076
f 251/1195/2077 1304/1198/2077 1303/1196/2077
f 1304/1198/2078 1305/1222/2078 1303/1196/2078
f 1303/1196/2079 1305/1222/2079 341/632/2079
f 1305/1222/2080 340/633/2080 341/632/2080
f 250/1197/2081 1306/1200/2081 1304/1198/2081
f 1306/1200/2082 1307/1223/2082 1304/1198/2082
f 1304/1198/2083 1307/1223/2083 1305/1222/2083
f 1307/1223/2084 1308/1224/2084 1305/1222/2084
f 1305/1222/2085 1308/1224/2085 340/633/2085
f 1308/1224/2086 339/634/2086 340/633/2086
f 249/1199/2087 1309/1202/2087 1306/1200/2087
f 1309/1202/2088 1310/1225/2088 1306/1200/2088
f 1306/1200/2089 1310/1225/2089 1307/1223/2089
f 1310/1225/2090 1311/1226/2090 1307/1223/2090
f 1307/1223/2091 1311/1226/2091 1308/1224/2091
f 1311/1226/2092 1312/1227/2092 1308/1224/2092
f 1308/1224/2093 1312/1227/2093 339/634/2093
f 1312/1227/2094 338/635/2094 339/634/2094
f 248/1201/2095 1313/1204/2095 1309/1202/2095
f 1313/1204/2096 1314/1228/2096 1309/1202/2096
f 1309/1202/2097 1314/1228/2097 1310/1225/2097
f 1314/1228/2098 1315/1229/2098 1310/1225/2098
f 1310/1225/2099 1315/1229/2099 1311/1226/2099
f 1315/1229/2100 1316/1230/2100 1311/1226/2100
f 1311/1226/2101 1316/1230/2101 1312/1227/2101
f 1316/1230/2102 1317/1231/2102 1312/1227/2102
f 1312/1227/2103 1317/1231/2103 338/635/2103
f 1317/1231/2104 337/636/2104 338/635/2104
f 247/1203/2105 1318/1206/2105 1313/1204/2105
f 1318/1206/2106 1319/1232/2106 1313/1204/2106
f 1313/1204/2107 1319/1232/2107 1314/1228/2107
f 1319/1232/2108 1320/1233/2108 1314/1228/2108
f 1314/1228/2109 1320/1233/2109 1315/1229/2109
f 1320/1233/2110 1321/1234/2110 1315/1229/2110
f 1315/1229/2111 1321/1234/2111 1316/1230/2111
f 1321/1234/2112 1322/1235/2112 1316/1230/2112
f 1316/1230/2113 1322/1235/2113 1317/1231/2113
f 1322/1235/2114 1323/1236/2114 1317/1231/2114
f 1317/1231/2115 1323/1236/2115 337/636/2115
f 1323/1236/2116 336/637/2116 337/636/2116
f 246/1205/2117 1324/1208/2117 1318/1206/2117
f 1324/1208/2118 1325/1237/2118 1318/1206/2118
f 1318/1206/2119 1325/1237/2119 1319/1232/2119
f 1325/1237/2120 1326/1238/2120 1319/1232/2120
f 1319/1232/2121 1326/1238/2121 1320/1233/2121
f 1326/1238/2122 1327/1239/2122 1320/1233/2122
f 1320/1233/2123 1327/1239/2123 1321/1234/2123
f 1327/1239/2124 1328/1240/2124 1321/1234/2124
f 1321/1234/2125 1328/1240/2125 1322/1235/2125
f 1328/1240/2126 1329/1241/2126 1322/1235/2126
f 1322/1235/2127 1329/1241/2127 1323/1236/2127
f 1329/1241/2128 1330/1242/2128 1323/1236/2128
f 1323/1236/2129 1330/1242/2129 336/637/2129
f 1330/1242/2130 335/638/2130 336/637/2130
f 245/1207/2131 1331/1210/2131 1324/1208/2131
f 1331/1210/2132 1332/1243/2132 1324/1208/2132
f 1324/1208/2133 1332/1243/2133 1325/1237/2133
f 1332/1243/2134 1333/1244/2134 1325/1237/2134
f 1325/1237/2135 1333/1244/2135 1326/1238/2135
f 1333/1244/2136 1334/1245/2136 1326/1238/2136
f 1326/1238/2137 1334/1245/2137 1327/1239/2137
f 1334/1245/2138 1335/1246/2138 1327/1239/2138
f 1327/1239/2139 1335/1246/2139 1328/1240/2139
f 1335/1246/2140 1336/1247/2140 1328/1240/2140
f 1328/1240/2141 1336/1247/2141 1329/1241/2141
f 1336/1247/2142 1337/1248/2142 1329/1241/2142
f 1329/1241/2143 1337/1248/2143 1330/1242/2143
f 1337/1248/2144 1338/1249/2144 1330/1242/2144
f 1330/1242/2145 1338/1249/2145 335/638/2145
f 1338/1249/2146 334/639/2146 335/638/2146
f 244/1209/2147 1339/1212/2147 1331/1210/2147
f 1339/1212/2148 1340/1250/2148 1331/1210/2148
f 1331/1210/2149 1340/1250/2149 1332/1243/2149
f 1340/1250/2150 1341/1251/2150 1332/1243/2150
f 1332/1243/2151 1341/1251/2151 1333/1244/2151
f 1341/1251/2152 1342/1252/2152 1333/1244/2152
f 1333/1244/2153 1342/1252/2153 1334/1245/2153
f 1342/1252/2154 1343/1253/2154 1334/1245/2154
f 1334/1245/2155 1343/1253/2155 1335/1246/2155
f 1343/1253/2156 1344/1254/2156 1335/1246/2156
f 1335/1246/2157 1344/1254/2157 1336/1247/2157
f 1344/1254/2158 1345/1255/2158 1336/1247/2158
f 1336/1247/2159 1345/1255/2159 1337/1248/2159
f 1345/1255/2160 1346/1256/2160 1337/1248/2160
f 1337/1248/2161 1346/1256/2161 1338/1249/2161
f 1346/1256/2162 1347/1257/2162 1338/1249/2162
f 1338/1249/2163 1347/1257/2163 334/639/2163
f 1347/1257/2164 333/640/2164 334/639/2164
f 243/1211/2165 1348/1214/2165 1339/1212/2165
f 1348/1214/2166 1349/1258/2166 1339/1212/2166
f 1339/1212/2167 1349/1258/2167 1340/1250/2167
f 1349/1258/2168 1350/1259/2168 1340/1250/2168
f 1340/1250/2169 1350/1259/2169 1341/1251/2169
f 1350/1259/2170 1351/1260/2170 1341/1251/2170
f 1341/1251/2171 1351/1260/2171 1342/1252/2171
f 1351/1260/2172 1352/1261/2172 1342/1252/2172
f 1342/1252/2173 1352/1261/2173 1343/1253/2173
f 1352/1261/2174 1353/1262/2174 1343/1253/2174
f 1343/1253/2175 1353/1262/2175 1344/1254/2175
f 1353/1262/2176 1354/1263/2176 1344/1254/2176
f 1344/1254/2177 1354/1263/2177 1345/1255/2177
f 1354/1263/2178 1355/1264/2178 1345/1255/2178
f 1345/1255/2179 1355/1264/2179 1346/1256/2179
f 1355/1264/2180 1356/1265/2180 1346/1256/2180
f 1346/1256/2181 1356/1265/2181 1347/1257/2181
f 1356/1265/2182 1357/1266/2182 1347/1257/2182
f 1347/1257/2183 1357/1266/2183 333/640/2183
f 1357/1266/2184 332/641/2184 333/640/2184
f 242/1213/2185 1358/1216/2185 1348/1214/2185
f 1358/1216/2186 1359/1267/2186 1348/1214/2186
f 1348/1214/2187 1359/1267/2187 1349/1258/2187
f 1359/1267/2188 1360/1268/2188 1349/1258/2188
f 1349/1258/2189 1360/1268/2189 1350/1259/2189
f 1360/1268/2190 1361/1269/2190 1350/1259/2190
f 1350/1259/2191 1361/1269/2191 1351/1260/2191
f 1361/1269/2192 1362/1270/2192 1351/1260/2192
f 1351/1260/2193 1362/1270/2193 1352/1261/2193
f 1362/1270/2194 1363/1271/2194 1352/1261/2194
f 1352/1261/2195 1363/1271/2195 1353/1262/2195
f 1363/1271/2196 1364/1272/2196 1353/1262/2196
f 1353/1262/2197 1364/1272/2197 1354/1263/2197
f 1364/1272/2198 1365/1273/2198 1354/1263/2198
f 1354/1263/2199 1365/1273/2199 1355/1264/2199
f 1365/1273/2200 1366/1274/2200 1355/1264/2200
f 1355/1264/2201 1366/1274/2201 1356/1265/2201
f 1366/1274/2202 1367/1275/2202 1356/1265/2202
f 1356/1265/2203 1367/1275/2203 1357/1266/2203
f 1367/1275/2204 1368/1276/2204 1357/1266/2204
f 1357/1266/2205 1368/1276/2205 332/641/2205
f 1368/1276/2206 331/642/2206 332/641/2206
f 241/1215/2207 1369/1218/2207 1358/1216/2207
f 1369/1218/2208 1370/1277/2208 1358/1216/2208
f 1358/1216/2209 1370/1277/2209 1359/1267/2209
f 1370/1277/2210 1371/1278/2210 1359/1267/2210
f 1359/1267/2211 1371/1278/2211 1360/1268/2211
f 1371/1278/2212 1372/1279/2212 1360/1268/2212
f 1360/1268/2213 1372/1279/2213 1361/1269/2213
f 1372/1279/2214 1373/1280/2214 1361/1269/2214
f 1361/1269/2215 1373/1280/2215 1362/1270/2215
f 1373/1280/2216 1374/1281/2216 1362/1270/2216
f 1362/1270/2217 1374/1281/2217 1363/1271/2217
f 1374/1281/2218 1375/1282/2218 1363/1271/2218
f 1363/1271/2219 1375/1282/2219 1364/1272/2219
f 1375/1282/2220 1376/1283/2220 1364/1272/2220
f 1364/1272/2221 1376/1283/2221 1365/1273/2221
f 1376/1283/2222 1377/1284/2222 1365/1273/2222
f 1365/1273/2223 1377/1284/2223 1366/1274/2223
f 1377/1284/2224 1378/1285/2224 1366/1274/2224
f 1366/1274/2225 1378/1285/2225 1367/1275/2225
f 1378/1285/2226 1379/1286/2226 1367/1275/2226
f 1367/1275/2227 1379/1286/2227 1368/1276/2227
f 1379/1286/2228 1380/1287/2228 1368/1276/2228
f 1368/1276/2229 1380/1287/2229 331/642/2229
f 1380/1287/2230 330/643/2230 331/642/2230
f 240/1217/2231 1381/1220/2231 1369/1218/2231
f 1381/1220/2232 1382/1288/2232 1369/1218/2232
f 1369/1218/2233 1382/1288/2233 1370/1277/2233
f 1382/1288/2234 1383/1289/2234 1370/1277/2234
f 1370/1277/2235 1383/1289/2235 1371/1278/2235
f 1383/1289/2236 1384/1290/2236 1371/1278/2236
f 1371/1278/2237 1384/1290/2237 1372/1279/2237
f 1384/1290/2238 1385/1291/2238 1372/1279/2238
f 1372/1279/2239 1385/1291/2239 1373/1280/2239
f 1385/1291/2240 1386/1292/2240 1373/1280/2240
f 1373/1280/2241 1386/1292/2241 1374/1281/2241
f 1386/1292/2242 1387/1293/2242 1374/1281/2242
f 1374/1281/2243 1387/1293/2243 1375/1282/2243
f 1387/1293/2244 1388/1294/2244 1375/1282/2244
f 1375/1282/2245 1388/1294/2245 1376/1283/2245
f 1388/1294/2246 1389/1295/2246 1376/1283/2246
f 1376/1283/2247 1389/1295/2247 1377/1284/2247
f 1389/1295/2248 1390/1296/2248 1377/1284/2248
f 1377/1284/2249 1390/1296/2249 1378/1285/2249
f 1390/1296/2250 1391/1297/2250 1378/1285/2250
f 1378/1285/2251 1391/1297/2251 1379/1286/2251
f 1391/1297/2252 1392/1298/2252 1379/1286/2252
f 1379/1286/2253 1392/1298/2253 1380/1287/2253
f 1392/1298/2254 1393/1299/2254 1380/1287/2254
f 1380/1287/2255 1393/1299/2255 330/643/2255
f 1393/1299/2256 329/644/2256 330/643/2256
f 239/1219/2257 1394/1221/2257 1381/1220/2257
f 1394/1221/2258 1395/1300/2258 1381/1220/2258
f 1381/1220/2259 1395/1300/2259 1382/1288/2259
f 1395/1300/2260 1396/1301/2260 1382/1288/2260
f 1382/1288/2261 1396/1301/2261 1383/1289/2261
f 1396/1301/2262 1397/1302/2262 1383/1289/2262
f 1383/1289/2263 1397/1302/2263 1384/1290/2263
f 1397/1302/2264 1398/1303/2264 1384/1290/2264
f 1384/1290/2265 1398/1303/2265 1385/1291/2265
f 1398/1303/2266 1399/1304/2266 1385/1291/2266
f 1385/1291/2267 1399/1304/2267 1386/1292/2267
f 1399/1304/2268 1400/1305/2268 1386/1292/2268
f 1386/1292/2269 1400/1305/2269 1387/1293/2269
f 1400/1305/2270 1401/1306/2270 1387/1293/2270
f 1387/1293/2271 1401/1306/2271 1388/1294/2271
f 1401/1306/2272 1402/1307/2272 1388/1294/2272
f 1388/1294/2273 1402/1307/2273 1389/1295/2273
f 1402/1307/2274 1403/1308/2274 1389/1295/2274
f 1389/1295/2275 1403/1308/2275 1390/1296/2275
f 1403/1308/2276 1404/1309/2276 1390/1296/2276
f 1390/1296/2277 1404/1309/2277 1391/1297/2277
f 1404/1309/2278 1405/1310/2278 1391/1297/2278
f 1391/1297/2279 1405/1310/2279 1392/1298/2279
f 1405/1310/2280 1406/1311/2280 1392/1298/2280
f 1392/1298/2281 1406/1311/2281 1393/1299/2281
f 1406/1311/2282 1407/1312/2282 1393/1299/2282
f 1393/1299/2283 1407/1312/2283 329/644/2283
f 1407/1312/2284 328/645/2284 329/644/2284
f 238/30/2285 207/19/2285 1394/1221/2285
f 207/19/2286 206/1313/2286 1394/1221/2286
f 1394/1221/2287 206/1313/2287 1395/1300/2287
f 206/1313/2288 205/1314/2288 1395/1300/2288
f 1395/1300/2289 205/1314/2289 1396/1301/2289
f 205/1314/2290 204/1315/2290 1396/1301/2290
f 1396/1301/2291 204/1315/2291 1397/1302/2291
f 204/1315/2292 203/1316/2292 1397/1302/2292
f 1397/1302/2293 203/1316/2293 1398/1303/2293
f 203/1316/2294 202/1317/2294 1398/1303/2294
f 1398/1303/2295 202/1317/2295 1399/1304/2295
f 202/1317/2296 201/1318/2296 1399/1304/2296
f 1399/1304/2297 201/1318/2297 1400/1305/2297
f 201/1318/2298 200/1319/2298 1400/1305/2298
f 1400/1305/2299 200/1319/2299 1401/1306/2299
f 200/1319/2300 199/1320/2300 1401/1306/2300
f 1401/1306/2301 199/1320/2301 1402/1307/2301
f 199/1320/2302 198/1321/2302 1402/1307/2302
f 1402/1307/2303 198/1321/2303 1403/1308/2303
f 198/1321/2304 197/1322/2304 1403/1308/2304
f 1403/1308/2305 197/1322/2305 1404/1309/2305
f 197/1322/2306 196/1323/2306 1404/1309/2306
f 1404/1309/2307 196/1323/2307 1405/1310/2307
f 196/1323/2308 195/1324/2308 1405/1310/2308
f 1405/1310/2309 195/1324/2309 1406/1311/2309
f 195/1324/2310 194/1325/2310 1406/1311/2310
f 1406/1311/2311 194/1325/2311 1407/1312/2311
f 194/1325/2312 193/1326/2312 1407/1312/2312
f 1407/1312/2313 193/1326/2313 328/645/2313
f 193/1326/2314 7/34/2314 328/645/2314
f 222/1327/2315 327/35/2315 7/34/2315
f 221/1328/2316 1408/1329/2316 222/1327/2316
f 220/1330/2317 1409/1331/2317 221/1328/2317
f 219/1332/2318 1411/1333/2318 220/1330/2318
f 218/1334/2319 1414/1335/2319 219/1332/2319
f 217/1336/2320 1418/1337/2320 218/1334/2320
f 216/1338/2321 1423/1339/2321 217/1336/2321
f 215/1340/2322 1429/1341/2322 216/1338/2322
f 214/1342/2323 1436/1343/2323 215/1340/2323
f 213/1344/2324 1444/1345/2324 214/1342/2324
f 212/1346/2325 1453/1347/2325 213/1344/2325
f 211/1348/2326 1463/1349/2326 212/1346/2326
f 210/1350/2327 1474/1351/2327 211/1348/2327
f 209/1352/2328 1486/1353/2328 210/1350/2328
f 208/29/2329 1499/1354/2329 209/1352/2329
f 222/1327/2330 1408/1329/2330 327/35/2330
f 1408/1329/2331 326/781/2331 327/35/2331
f 221/1328/2332 1409/1331/2332 1408/1329/2332
f 1409/1331/2333 1410/1355/2333 1408/1329/2333
f 1408/1329/2334 1410/1355/2334 326/781/2334
f 1410/1355/2335 325/782/2335 326/781/2335
f 220/1330/2336 1411/1333/2336 1409/1331/2336
f 1411/1333/2337 1412/1356/2337 1409/1331/2337
f 1409/1331/2338 1412/1356/2338 1410/1355/2338
f 1412/1356/2339 1413/1357/2339 1410/1355/2339
f 1410/1355/2340 1413/1357/2340 325/782/2340
f 1413/1357/2341 324/783/2341 325/782/2341
f 219/1332/2342 1414/1335/2342 1411/1333/2342
f 1414/1335/2343 1415/1358/2343 1411/1333/2343
f 1411/1333/2344 1415/1358/2344 1412/1356/2344
f 1415/1358/2345 1416/1359/2345 1412/1356/2345
f 1412/1356/2346 1416/1359/2346 1413/1357/2346
f 1416/1359/2347 1417/1360/2347 1413/1357/2347
f 1413/1357/2348 1417/1360/2348 324/783/2348
f 1417/1360/2349 323/784/2349 324/783/2349
f 218/1334/2350 1418/1337/2350 1414/1335/2350
f 1418/1337/2351 1419/1361/2351 1414/1335/2351
f 1414/1335/2352 1419/1361/2352 1415/1358/2352
f 1419/1361/2353 1420/1362/2353 1415/1358/2353
f 1415/1358/2354 1420/1362/2354 1416/1359/2354
f 1420/1362/2355 1421/1363/2355 1416/1359/2355
f 1416/1359/2356 1421/1363/2356 1417/1360/2356
f 1421/1363/2357 1422/1364/2357 1417/1360/2357
f 1417/1360/2358 1422/1364/2358 323/784/2358
f 1422/1364/2359 322/785/2359 323/784/2359
f 217/1336/2360 1423/1339/2360 1418/1337/2360
f 1423/1339/2361 1424/1365/2361 1418/1337/2361
f 1418/1337/2362 1424/1365/2362 1419/1361/2362
f 1424/1365/2363 1425/1366/2363 1419/1361/2363
f 1419/1361/2364 1425/1366/2364 1420/1362/2364
f 1425/1366/2365 1426/1367/2365 1420/1362/2365
f 1420/1362/2366 1426/1367/2366 1421/1363/2366
f 1426/1367/2367 1427/1368/2367 1421/1363/2367
f 1421/1363/2368 1427/1368/2368 1422/1364/2368
f 1427/1368/2369 1428/1369/2369 1422/1364/2369
f 1422/1364/2370 1428/1369/2370 322/785/2370
f 1428/1369/2371 321/786/2371 322/785/2371
f 216/1338/2372 1429/1341/2372 1423/1339/2372
f 1429/1341/2373 1430/1370/2373 1423/1339/2373
f 1423/1339/2374 1430/1370/2374 1424/1365/2374
f 1430/1370/2375 1431/1371/2375 1424/1365/2375
f 1424/1365/2376 1431/1371/2376 1425/1366/2376
f 1431/1371/2377 1432/1372/2377 1425/1366/2377
f 1425/1366/2378 1432/1372/2378 1426/1367/2378
f 1432/1372/2379 1433/1373/2379 1426/1367/2379
f 1426/1367/2380 1433/1373/2380 1427/1368/2380
f 1433/1373/2381 1434/1374/2381 1427/1368/2381
f 1427/1368/2382 1434/1374/2382 1428/1369/2382
f 1434/1374/2383 1435/1375/2383 1428/1369/2383
f 1428/1369/2384 1435/1375/2384 321/786/2384
f 1435/1375/2385 320/787/2385 321/786/2385
f 215/1340/2386 1436/1343/2386 1429/1341/2386
f 1436/1343/2387 1437/1376/2387 1429/1341/2387
f 1429/1341/2388 1437/1376/2388 1430/1370/2388
f 1437/1376/2389 1438/1377/2389 1430/1370/2389
f 1430/1370/2390 1438/1377/2390 1431/1371/2390
f 1438/1377/2391 1439/1378/2391 1431/1371/2391
f 1431/1371/2392 1439/1378/2392 1432/1372/2392
f 1439/1378/2393 1440/1379/2393 1432/1372/2393
f 1432/1372/2394 1440/1379/2394 1433/1373/2394
f 1440/1379/2395 1441/1380/2395 1433/1373/2395
f 1433/1373/2396 1441/1380/2396 1434/1374/2396
f 1441/1380/2397 1442/1381/2397 1434/1374/2397
f 1434/1374/2398 1442/1381/2398 1435/1375/2398
f 1442/1381/2399 1443/1382/2399 1435/1375/2399
f 1435/1375/2400 1443/1382/2400 320/787/2400
f 1443/1382/2401 319/788/2401 320/787/2401
f 214/1342/2402 1444/1345/2402 1436/1343/2402
f 1444/1345/2403 1445/1383/2403 1436/1343/2403
f 1436/1343/2404 1445/1383/2404 1437/1376/2404
f 1445/1383/2405 1446/1384/2405 1437/1376/2405
f 1437/1376/2406 1446/1384/2406 1438/1377/2406
f 1446/1384/2407 1447/1385/2407 1438/1377/2407
f 1438/1377/2408 1447/1385/2408 1439/1378/2408
f 1447/1385/2409 1448/1386/2409 1439/1378/2409
f 1439/1378/2410 1448/1386/2410 1440/1379/2410
f 1448/1386/2411 1449/1387/2411 1440/1379/2411
f 1440/1379/2412 1449/1387/2412 1441/1380/2412
f 1449/1387/2413 1450/1388/2413 1441/1380/2413
f 1441/1380/2414 1450/1388/2414 1442/1381/2414
f 1450/1388/2415 1451/1389/2415 1442/1381/2415
f 1442/1381/2416 1451/1389/2416 1443/1382/2416
f 1451/1389/2417 1452/1390/2417 1443/1382/2417
f 1443/1382/2418 1452/1390/2418 319/788/2418
f 1452/1390/2419 318/789/2419 319/788/2419
f 213/1344/2420 1453/1347/2420 1444/1345/2420
f 1453/1347/2421 1454/1391/2421 1444/1345/2421
f 1444/1345/2422 1454/1391/2422 1445/1383/2422
f 1454/1391/2423 1455/1392/2423 1445/1383/2423
f 1445/1383/2424 1455/1392/2424 1446/1384/2424
f 1455/1392/2425 1456/1393/2425 1446/1384/2425
f 1446/1384/2426 1456/1393/2426 1447/1385/2426
f 1456/1393/2427 1457/1394/2427 1447/1385/2427
f 1447/1385/2428 1457/1394/2428 1448/1386/2428
f 1457/1394/2429 1458/1395/2429 1448/1386/2429
f 1448/1386/2430 1458/1395/2430 1449/1387/2430
f 1458/1395/2431 1459/1396/2431 1449/1387/2431
f 1449/1387/2432 1459/1396/2432 1450/1388/2432
f 1459/1396/2433 1460/1397/2433 1450/1388/2433
f 1450/1388/2434 1460/1397/2434 1451/1389/2434
f 1460/1397/2435 1461/1398/2435 1451/1389/2435
f 1451/1389/2436 1461/1398/2436 1452/1390/2436
f 1461/1398/2437 1462/1399/2437 1452/1390/2437
f 1452/1390/2438 1462/1399/2438 318/789/2438
f 1462/1399/2439 317/790/2439 318/789/2439
f 212/1346/2440 1463/1349/2440 1453/1347/2440
f 1463/1349/2441 1464/1400/2441 1453/1347/2441
f 1453/1347/2442 1464/1400/2442 1454/1391/2442
f 1464/1400/2443 1465/1401/2443 1454/1391/2443
f 1454/1391/2444 1465/1401/2444 1455/1392/2444
f 1465/1401/2445 1466/1402/2445 1455/1392/2445
f 1455/1392/2446 1466/1402/2446 1456/1393/2446
f 1466/1402/2447 1467/1403/2447 1456/1393/2447
f 1456/1393/2448 1467/1403/2448 1457/1394/2448
f 1467/1403/2449 1468/1404/2449 1457/1394/2449
f 1457/1394/2450 1468/1404/2450 1458/1395/2450
f 1468/1404/2451 1469/1405/2451 1458/1395/2451
f 1458/1395/2452 1469/1405/2452 1459/1396/2452
f 1469/1405/2453 1470/1406/2453 1459/1396/2453
f 1459/1396/2454 1470/1406/2454 1460/1397/2454
f 1470/1406/2455 1471/1407/2455 1460/1397/2455
f 1460/1397/2456 1471/1407/2456 1461/1398/2456
f 1471/1407/2457 1472/1408/2457 1461/1398/2457
f 1461/1398/2458 1472/1408/2458 1462/1399/2458
f 1472/1408/2459 1473/1409/2459 1462/1399/2459
f 1462/1399/2460 1473/1409/2460 317/790/2460
f 1473/1409/2461 316/791/2461 317/790/2461
f 211/1348/2462 1474/1351/2462 1463/1349/2462
f 1474/1351/2463 1475/1410/2463 1463/1349/2463
f 1463/1349/2464 1475/1410/2464 1464/1400/2464
f 1475/1410/2465 1476/1411/2465 1464/1400/2465
f 1464/1400/2466 1476/1411/2466 1465/1401/2466
f 1476/1411/2467 1477/1412/2467 1465/1401/2467
f 1465/1401/2468 1477/1412/2468 1466/1402/2468
f 1477/1412/2469 1478/1413/2469 1466/1402/2469
f 1466/1402/2470 1478/1413/2470 1467/1403/2470
f 1478/1413/2471 1479/1414/2471 1467/1403/2471
f 1467/1403/2472 1479/1414/2472 1468/1404/2472
f 1479/1414/2473 1480/1415/2473 1468/1404/2473
f 1468/1404/2474 1480/1415/2474 1469/1405/2474
f 1480/1415/2475 1481/1416/2475 1469/1405/2475
f 1469/1405/2476 1481/1416/2476 1470/1406/2476
f 1481/1416/2477 1482/1417/2477 1470/1406/2477
f 1470/1406/2478 1482/1417/2478 1471/1407/2478
f 1482/1417/2479 1483/1418/2479 1471/1407/2479
f 1471/1407/2480 1483/1418/2480 1472/1408/2480
f 1483/1418/2481 1484/1419/2481 1472/1408/2481
f 1472/1408/2482 1484/1419/2482 1473/1409/2482
f 1484/1419/2483 1485/1420/2483 1473/1409/2483
f 1473/1409/2484 1485/1420/2484 316/791/2484
f 1485/1420/2485 315/792/2485 316/791/2485
f 210/1350/2486 1486/1353/2486 1474/1351/2486
f 1486/1353/2487 1487/1421/2487 1474/1351/2487
f 1474/1351/2488 1487/1421/2488 1475/1410/2488
f 1487/1421/2489 1488/1422/2489 1475/1410/2489
f 1475/1410/2490 1488/1422/2490 1476/1411/2490
f 1488/1422/2491 1489/1423/2491 1476/1411/2491
f 1476/1411/2492 1489/1423/2492 1477/1412/2492
f 1489/1423/2493 1490/1424/2493 1477/1412/2493
f 1477/1412/2494 1490/1424/2494 1478/1413/2494
f 1490/1424/2495 1491/1425/2495 1478/1413/2495
f 1478/1413/2496 1491/1425/2496 1479/1414/2496
f 1491/1425/2497 1492/1426/2497 1479/1414/2497
f 1479/1414/2498 1492/1426/2498 1480/1415/2498
f 1492/1426/2499 1493/1427/2499 1480/1415/2499
f 1480/1415/2500 1493/1427/2500 1481/1416/2500
f 1493/1427/2501 1494/1428/2501 1481/1416/2501
f 1481/1416/2502 1494/1428/2502 1482/1417/2502
f 1494/1428/2503 1495/1429/2503 1482/1417/2503
f 1482/1417/2504 1495/1429/2504 1483/1418/2504
f 1495/1429/2505 1496/1430/2505 1483/1418/2505
f 1483/1418/2506 1496/1430/2506 1484/1419/2506
f 1496/1430/2507 1497/1431/2507 1484/1419/2507
f 1484/1419/2508 1497/1431/2508 1485/1420/2508
f 1497/1431/2509 1498/1432/2509 1485/1420/2509
f 1485/1420/2510 1498/1432/2510 315/792/2510
f 1498/1432/2511 314/793/2511 315/792/2511
f 209/1352/2512 1499/1354/2512 1486/1353/2512
f 1499/1354/2513 1500/1433/2513 1486/1353/2513
f 1486/1353/2514 1500/1433/2514 1487/1421/2514
f 1500/1433/2515 1501/1434/2515 1487/1421/2515
f 1487/1421/2516 1501/1434/2516 1488/1422/2516
f 1501/1434/2517 1502/1435/2517 1488/1422/2517
f 1488/1422/2518 1502/1435/2518 1489/1423/2518
f 1502/1435/2519 1503/1436/2519 1489/1423/2519
f 1489/1423/2520 1503/1436/2520 1490/1424/2520
f 1503/1436/2521 1504/1437/2521 1490/1424/2521
f 1490/1424/2522 1504/1437/2522 1491/1425/2522
f 1504/1437/2523 1505/1438/2523 1491/1425/2523
f 1491/1425/2524 1505/1438/2524 1492/1426/2524
f 1505/1438/2525 1506/1439/2525 1492/1426/2525
f 1492/1426/2526 1506/1439/2526 1493/1427/2526
f 1506/1439/2527 1507/1440/2527 1493/1427/2527
f 1493/1427/2528 1507/1440/2528 1494/1428/2528
f 1507/1440/2529 1508/1441/2529 1494/1428/2529
f 1494/1428/2530 1508/1441/2530 1495/1429/2530
f 1508/1441/2531 1509/1442/2531 1495/1429/2531
f 1495/1429/2532 1509/1442/2532 1496/1430/2532
f 1509/1442/2533 1510/1443/2533 1496/1430/2533
f 1496/1430/2534 1510/1443/2534 1497/1431/2534
f 1510/1443/2535 1511/1444/2535 1497/1431/2535
f 1497/1431/2536 1511/1444/2536 1498/1432/2536
f 1511/1444/2537 1512/1445/2537 1498/1432/2537
f 1498/1432/2538 1512/1445/2538 314/793/2538
f 1512/1445/2539 313/794/2539 314/793/2539
f 208/29/2540 177/16/2540 1499/1354/2540
f 177/16/2541 176/1446/2541 1499/1354/2541
f 1499/1354/2542 176/1446/2542 1500/1433/2542
f 176/1446/2543 175/1447/2543 1500/1433/2543
f 1500/1433/2544 175/1447/2544 1501/1434/2544
f 175/1447/2545 174/1448/2545 1501/1434/2545
f 1501/1434/2546 174/1448/2546 1502/1435/2546
f 174/1448/2547 173/1449/2547 1502/1435/2547
f 1502/1435/2548 173/1449/2548 1503/1436/2548
f 173/1449/2549 172/1450/2549 1503/1436/2549
f 1503/1436/2550 172/1450/2550 1504/1437/2550
f 172/1450/2551 171/1451/2551 1504/1437/2551
f 1504/1437/2552 171/1451/2552 1505/1438/2552
f 171/1451/2553 170/1452/2553 1505/1438/2553
f 1505/1438/2554 170/1452/2554 1506/1439/2554
f 170/1452/2555 169/1453/2555 1506/1439/2555
f 1506/1439/2556 169/1453/2556 1507/1440/2556
f 169/1453/2557 168/1454/2557 1507/1440/2557
f 1507/1440/2558 168/1454/2558 1508/1441/2558
f 168/1454/2559 167/1455/2559 1508/1441/2559
f 1508/1441/2560 167/1455/2560 1509/1442/2560
f 167/1455/2561 166/1456/2561 1509/1442/2561
f 1509/1442/2562 166/1456/2562 1510/1443/2562
f 166/1456/2563 165/1457/2563 1510/1443/2563
f 1510/1443/2564 165/1457/2564 1511/1444/2564
f 165/1457/2565 164/1458/2565 1511/1444/2565
f 1511/1444/2566 164/1458/2566 1512/1445/2566
f 164/1458/2567 163/1459/2567 1512/1445/2567
f 1512/1445/2568 163/1459/2568 313/794/2568
f 163/1459/2569 11/46/2569 313/794/2569
f 283/927/2570 312/928/2570 10/43/2570
f 284/926/2571 1513/1460/2571 283/927/2571
f 285/925/2572 1514/1461/2572 284/926/2572
f 286/924/2573 1516/1462/2573 285/925/2573
f 287/923/2574 1519/1463/2574 286/924/2574
f 288/922/2575 1523/1464/2575 287/923/2575
f 289/921/2576 1528/1465/2576 288/922/2576
f 290/920/2577 1534/1466/2577 289/921/2577
f 291/919/2578 1541/1467/2578 290/920/2578
f 292/918/2579 1549/1468/2579 291/919/2579
f 293/917/2580 1558/1469/2580 292/918/2580
f 294/916/2581 1568/1470/2581 293/917/2581
f 295/915/2582 1579/1471/2582 294/916/2582
f 296/914/2583 1591/1472/2583 295/915/2583
f 297/28/2584 1604/1473/2584 296/914/2584
f 283/927/2585 1513/1460/2585 312/928/2585
f 1513/1460/2586 311/929/2586 312/928/2586
f 284/926/2587 1514/1461/2587 1513/1460/2587
f 1514/1461/2588 1515/1474/2588 1513/1460/2588
f 1513/1460/2589 1515/1474/2589 311/929/2589
f 1515/1474/2590 310/931/2590 311/929/2590
f 285/925/2591 1516/1462/2591 1514/1461/2591
f 1516/1462/2592 1517/1475/2592 1514/1461/2592
f 1514/1461/2593 1517/1475/2593 1515/1474/2593
f 1517/1475/2594 1518/1476/2594 1515/1474/2594
f 1515/1474/2595 1518/1476/2595 310/931/2595
f 1518/1476/2596 309/933/2596 310/931/2596
f 286/924/2597 1519/1463/2597 1516/1462/2597
f 1519/1463/2598 1520/1477/2598 1516/1462/2598
f 1516/1462/2599 1520/1477/2599 1517/1475/2599
f 1520/1477/2600 1521/1478/2600 1517/1475/2600
f 1517/1475/2601 1521/1478/2601 1518/1476/2601
f 1521/1478/2602 1522/1479/2602 1518/1476/2602
f 1518/1476/2603 1522/1479/2603 309/933/2603
f 1522/1479/2604 308/935/2604 309/933/2604
f 287/923/2605 1523/1464/2605 1519/1463/2605
f 1523/1464/2606 1524/1480/2606 1519/1463/2606
f 1519/1463/2607 1524/1480/2607 1520/1477/2607
f 1524/1480/2608 1525/1481/2608 1520/1477/2608
f 1520/1477/2609 1525/1481/2609 1521/1478/2609
f 1525/1481/2610 1526/1482/2610 1521/1478/2610
f 1521/1478/2611 1526/1482/2611 1522/1479/2611
f 1526/1482/2612 1527/1483/2612 1522/1479/2612
f 1522/1479/2613 1527/1483/2613 308/935/2613
f 1527/1483/2614 307/937/2614 308/935/2614
f 288/922/2615 1528/1465/2615 1523/1464/2615
f 1528/1465/2616 1529/1484/2616 1523/1464/2616
f 1523/1464/2617 1529/1484/2617 1524/1480/2617
f 1529/1484/2618 1530/1485/2618 1524/1480/2618
f 1524/1480/2619 1530/1485/2619 1525/1481/2619
f 1530/1485/2620 1531/1486/2620 1525/1481/2620
f 1525/1481/2621 1531/1486/2621 1526/1482/2621
f 1531/1486/2622 1532/1487/2622 1526/1482/2622
f 1526/1482/2623 1532/1487/2623 1527/1483/2623
f 1532/1487/2624 1533/1488/2624 1527/1483/2624
f 1527/1483/2625 1533/1488/2625 307/937/2625
f 1533/1488/2626 306/939/2626 307/937/2626
f 289/921/2627 1534/1466/2627 1528/1465/2627
f 1534/1466/2628 1535/1489/2628 1528/1465/2628
f 1528/1465/2629 1535/1489/2629 1529/1484/2629
f 1535/1489/2630 1536/1490/2630 1529/1484/2630
f 1529/1484/2631 1536/1490/2631 1530/1485/2631
f 1536/1490/2632 1537/1491/2632 1530/1485/2632
f 1530/1485/2633 1537/1491/2633 1531/1486/2633
f 1537/1491/2634 1538/1492/2634 1531/1486/2634
f 1531/1486/2635 1538/1492/2635 1532/1487/2635
f 1538/1492/2636 1539/1493/2636 1532/1487/2636
f 1532/1487/2637 1539/1493/2637 1533/1488/2637
f 1539/1493/2638 1540/1494/2638 1533/1488/2638
f 1533/1488/2639 1540/1494/2639 306/939/2639
f 1540/1494/2640 305/941/2640 306/939/2640
f 290/920/2641 1541/1467/2641 1534/1466/2641
f 1541/1467/2642 1542/1495/2642 1534/1466/2642
f 1534/1466/2643 1542/1495/2643 1535/1489/2643
f 1542/1495/2644 1543/1496/2644 1535/1489/2644
f 1535/1489/2645 1543/1496/2645 1536/1490/2645
f 1543/1496/2646 1544/1497/2646 1536/1490/2646
f 1536/1490/2647 1544/1497/2647 1537/1491/2647
f 1544/1497/2648 1545/1498/2648 1537/1491/2648
f 1537/1491/2649 1545/1498/2649 1538/1492/2649
f 1545/1498/2650 1546/1499/2650 1538/1492/2650
f 1538/1492/2651 1546/1499/2651 1539/1493/2651
f 1546/1499/2652 1547/1500/2652 1539/1493/2652
f 1539/1493/2653 1547/1500/2653 1540/1494/2653
f 1547/1500/2654 1548/1501/2654 1540/1494/2654
f 1540/1494/2655 1548/1501/2655 305/941/2655
f 1548/1501/2656 304/943/2656 305/941/2656
f 291/919/2657 1549/1468/2657 1541/1467/2657
f 1549/1468/2658 1550/1502/2658 1541/1467/2658
f 1541/1467/2659 1550/1502/2659 1542/1495/2659
f 1550/1502/2660 1551/1503/2660 1542/1495/2660
f 1542/1495/2661 1551/1503/2661 1543/1496/2661
f 1551/1503/2662 1552/1504/2662 1543/1496/2662
f 1543/1496/2663 1552/1504/2663 1544/1497/2663
f 1552/1504/2664 1553/1505/2664 1544/1497/2664
f 1544/1497/2665 1553/1505/2665 1545/1498/2665
f 1553/1505/2666 1554/1506/2666 1545/1498/2666
f 1545/1498/2667 1554/1506/2667 1546/1499/2667
f 1554/1506/2668 1555/1507/2668 1546/1499/2668
f 1546/1499/2669 1555/1507/2669 1547/1500/2669
f 1555/1507/2670 1556/1508/2670 1547/1500/2670
f 1547/1500/2671 1556/1508/2671 1548/1501/2671
f 1556/1508/2672 1557/1509/2672 1548/1501/2672
f 1548/1501/2673 1557/1509/2673 304/943/2673
f 1557/1509/2674 303/945/2674 304/943/2674
f 292/918/2675 1558/1469/2675 1549/1468/2675
f 1558/1469/2676 1559/1510/2676 1549/1468/2676
f 1549/1468/2677 1559/1510/2677 1550/1502/2677
f 1559/1510/2678 1560/1511/2678 1550/1502/2678
f 1550/1502/2679 1560/1511/2679 1551/1503/2679
f 1560/1511/2680 1561/1512/2680 1551/1503/2680
f 1551/1503/2681 1561/1512/2681 1552/1504/2681
f 1561/1512/2682 1562/1513/2682 1552/1504/2682
f 1552/1504/2683 1562/1513/2683 1553/1505/2683
f 1562/1513/2684 1563/1514/2684 1553/1505/2684
f 1553/1505/2685 1563/1514/2685 1554/1506/2685
f 1563/1514/2686 1564/1515/2686 1554/1506/2686
f 1554/1506/2687 1564/1515/2687 1555/1507/2687
f 1564/1515/2688 1565/1516/2688 1555/1507/2688
f 1555/1507/2689 1565/1516/2689 1556/1508/2689
f 1565/1516/2690 1566/1517/2690 1556/1508/2690
f 1556/1508/2691 1566/1517/2691 1557/1509/2691
f 1566/1517/2692 1567/1518/2692 1557/1509/2692
f 1557/1509/2693 1567/1518/2693 303/945/2693
f 1567/1518/2694 302/947/2694 303/945/2694
f 293/917/2695 1568/1470/2695 1558/1469/2695
f 1568/1470/2696 1569/1519/2696 1558/1469/2696
f 1558/1469/2697 1569/1519/2697 1559/1510/2697
f 1569/1519/2698 1570/1520/2698 1559/1510/2698
f 1559/1510/2699 1570/1520/2699 1560/1511/2699
f 1570/1520/2700 1571/1521/2700 1560/1511/2700
f 1560/1511/2701 1571/1521/2701 1561/1512/2701
f 1571/1521/2702 1572/1522/2702 1561/1512/2702
f 1561/1512/2703 1572/1522/2703 1562/1513/2703
f 1572/1522/2704 1573/1523/2704 1562/1513/2704
f 1562/1513/2705 1573/1523/2705 1563/1514/2705
f 1573/1523/2706 1574/1524/2706 1563/1514/2706
f 1563/1514/2707 1574/1524/2707 1564/1515/2707
f 1574/1524/2708 1575/1525/2708 1564/1515/2708
f 1564/1515/2709 1575/1525/2709 1565/1516/2709
f 1575/1525/2710 1576/1526/2710 1565/1516/2710
f 1565/1516/2711 1576/1526/2711 1566/1517/2711
f 1576/1526/2712 1577/1527/2712 1566/1517/2712
f 1566/1517/2713 1577/1527/2713 1567/1518/2713
f 1577/1527/2714 1578/1528/2714 1567/1518/2714
f 1567/1518/2715 1578/1528/2715 302/947/2715
f 1578/1528/2716 301/949/2716 302/947/2716
f 294/916/2717 1579/1471/2717 1568/1470/2717
f 1579/1471/2718 1580/1529/2718 1568/1470/2718
f 1568/1470/2719 1580/1529/2719 1569/1519/2719
f 1580/1529/2720 1581/1530/2720 1569/1519/2720
f 1569/1519/2721 1581/1530/2721 1570/1520/2721
f 1581/1530/2722 1582/1531/2722 1570/1520/2722
f 1570/1520/2723 1582/1531/2723 1571/1521/2723
f 1582/1531/2724 1583/1532/2724 1571/1521/2724
f 1571/1521/2725 1583/1532/2725 1572/1522/2725
f 1583/1532/2726 1584/1533/2726 1572/1522/2726
f 1572/1522/2727 1584/1533/2727 1573/1523/2727
f 1584/1533/2728 1585/1534/2728 1573/1523/2728
f 1573/1523/2729 1585/1534/2729 1574/1524/2729
f 1585/1534/2730 1586/1535/2730 1574/1524/2730
f 1574/1524/2731 1586/1535/2731 1575/1525/2731
f 1586/1535/2732 1587/1536/2732 1575/1525/2732
f 1575/1525/2733 1587/1536/2733 1576/1526/2733
f 1587/1536/2734 1588/1537/2734 1576/1526/2734
f 1576/1526/2735 1588/1537/2735 1577/1527/2735
f 1588/1537/2736 1589/1538/2736 1577/1527/2736
f 1577/1527/2737 1589/1538/2737 1578/1528/2737
f 1589/1538/2738 1590/1539/2738 1578/1528/2738
f 1578/1528/2739 1590/1539/2739 301/949/2739
f 1590/1539/2740 300/951/2740 301/949/2740
f 295/915/2741 1591/1472/2741 1579/1471/2741
f 1591/1472/2742 1592/1540/2742 1579/1471/2742
f 1579/1471/2743 1592/1540/2743 1580/1529/2743
f 1592/1540/2744 1593/1541/2744 1580/1529/2744
f 1580/1529/2745 1593/1541/2745 1581/1530/2745
f 1593/1541/2746 1594/1542/2746 1581/1530/2746
f 1581/1530/2747 1594/1542/2747 1582/1531/2747
f 1594/1542/2748 1595/1543/2748 1582/1531/2748
f 1582/1531/2749 1595/1543/2749 1583/1532/2749
f 1595/1543/2750 1596/1544/2750 1583/1532/2750
f 1583/1532/2751 1596/1544/2751 1584/1533/2751
f 1596/1544/2752 1597/1545/2752 1584/1533/2752
f 1584/1533/2753 1597/1545/2753 1585/1534/2753
f 1597/1545/2754 1598/1546/2754 1585/1534/2754
f 1585/1534/2755 1598/1546/2755 1586/1535/2755
f 1598/1546/2756 1599/1547/2756 1586/1535/2756
f 1586/1535/2757 1599/1547/2757 1587/1536/2757
f 1599/1547/2758 1600/1548/2758 1587/1536/2758
f 1587/1536/2759 1600/1548/2759 1588/1537/2759
f 1600/1548/2760 1601/1549/2760 1588/1537/2760
f 1588/1537/2761 1601/1549/2761 1589/1538/2761
f 1601/1549/2762 1602/1550/2762 1589/1538/2762
f 1589/1538/2763 1602/1550/2763 1590/1539/2763
f 1602/1550/2764 1603/1551/2764 1590/1539/2764
f 1590/1539/2765 1603/1551/2765 300/951/2765
f 1603/1551/2766 299/953/2766 300/951/2766
f 296/914/2767 1604/1473/2767 1591/1472/2767
f 1604/1473/2768 1605/1552/2768 1591/1472/2768
f 1591/1472/2769 1605/1552/2769 1592/1540/2769
f 1605/1552/2770 1606/1553/2770 1592/1540/2770
f 1592/1540/2771 1606/1553/2771 1593/1541/2771
f 1606/1553/2772 1607/1554/2772 1593/1541/2772
f 1593/1541/2773 1607/1554/2773 1594/1542/2773
f 1607/1554/2774 1608/1555/2774 1594/1542/2774
f 1594/1542/2775 1608/1555/2775 1595/1543/2775
f 1608/1555/2776 1609/1556/2776 1595/1543/2776
f 1595/1543/2777 1609/1556/2777 1596/1544/2777
f 1609/1556/2778 1610/1557/2778 1596/1544/2778
f 1596/1544/2779 1610/1557/2779 1597/1545/2779
f 1610/1557/2780 1611/1558/2780 1597/1545/2780
f 1597/1545/2781 1611/1558/2781 1598/1546/2781
f 1611/1558/2782 1612/1559/2782 1598/1546/2782
f 1598/1546/2783 1612/1559/2783 1599/1547/2783
f 1612/1559/2784 1613/1560/2784 1599/1547/2784
f 1599/1547/2785 1613/1560/2785 1600/1548/2785
f 1613/1560/2786 1614/1561/2786 1600/1548/2786
f 1600/1548/2787 1614/1561/2787 1601/1549/2787
f 1614/1561/2788 1615/1562/2788 1601/1549/2788
f 1601/1549/2789 1615/1562/2789 1602/1550/2789
f 1615/1562/2790 1616/1563/2790 1602/1550/2790
f 1602/1550/2791 1616/1563/2791 1603/1551/2791
f 1616/1563/2792 1617/1564/2792 1603/1551/2792
f 1603/1551/2793 1617/1564/2793 299/953/2793
f 1617/1564/2794 298/32/2794 299/953/2794
f 297/28/2795 162/27/2795 1604/1473/2795
f 162/27/2796 161/1565/2796 1604/1473/2796
f 1604/1473/2797 161/1565/2797 1605/1552/2797
f 161/1565/2798 160/1566/2798 1605/1552/2798
f 1605/1552/2799 160/1566/2799 1606/1553/2799
f 160/1566/2800 159/1567/2800 1606/1553/2800
f 1606/1553/2801 159/1567/2801 1607/1554/2801
f 159/1567/2802 158/1568/2802 1607/1554/2802
f 1607/1554/2803 158/1568/2803 1608/1555/2803
f 158/1568/2804 157/1569/2804 1608/1555/2804
f 1608/1555/2805 157/1569/2805 1609/1556/2805
f 157/1569/2806 156/1570/2806 1609/1556/2806
f 1609/1556/2807 156/1570/2807 1610/1557/2807
f 156/1570/2808 155/1571/2808 1610/1557/2808
f 1610/1557/2809 155/1571/2809 1611/1558/2809
f 155/1571/2810 154/1572/2810 1611/1558/2810
f 1611/1558/2811 154/1572/2811 1612/1559/2811
f 154/1572/2812 153/1573/2812 1612/1559/2812
f 1612/1559/2813 153/1573/2813 1613/1560/2813
f 153/1573/2814 152/1574/2814 1613/1560/2814
f 1613/1560/2815 152/1574/2815 1614/1561/2815
f 152/1574/2816 151/1575/2816 1614/1561/2816
f 1614/1561/2817 151/1575/2817 1615/1562/2817
f 151/1575/2818 150/1576/2818 1615/1562/2818
f 1615/1562/2819 150/1576/2819 1616/1563/2819
f 150/1576/2820 149/1577/2820 1616/1563/2820
f 1616/1563/2821 149/1577/2821 1617/1564/2821
f 149/1577/2822 148/1578/2822 1617/1564/2822
f 1617/1564/2823 148/1578/2823 298/32/2823
f 148/1578/2824 5/23/2824 298/32/2824
f 253/1060/2825 282/1061/2825 9/40/2825
f 254/1059/2826 1618/1579/2826 253/1060/2826
f 255/1058/2827 1619/1580/2827 254/1059/2827
f 256/1057/2828 1621/1581/2828 255/1058/2828
f 257/1056/2829 1624/1582/2829 256/1057/2829
f 258/1055/2830 1628/1583/2830 257/1056/2830
f 259/1054/2831 1633/1584/2831 258/1055/2831
f 260/1053/2832 1639/1585/2832 259/1054/2832
f 261/1052/2833 1646/1586/2833 260/1053/2833
f 262/1051/2834 1654/1587/2834 261/1052/2834
f 263/1050/2835 1663/1588/2835 262/1051/2835
f 264/1049/2836 1673/1589/2836 263/1050/2836
f 265/1048/2837 1684/1590/2837 264/1049/2837
f 266/1047/2838 1696/1591/2838 265/1048/2838
f 267/25/2839 1709/1592/2839 266/1047/2839
f 253/1060/2840 1618/1579/2840 282/1061/2840
f 1618/1579/2841 281/1062/2841 282/1061/2841
f 254/1059/2842 1619/1580/2842 1618/1579/2842
f 1619/1580/2843 1620/1593/2843 1618/1579/2843
f 1618/1579/2844 1620/1593/2844 281/1062/2844
f 1620/1593/2845 280/1064/2845 281/1062/2845
f 255/1058/2846 1621/1581/2846 1619/1580/2846
f 1621/1581/2847 1622/1594/2847 1619/1580/2847
f 1619/1580/2848 1622/1594/2848 1620/1593/2848
f 1622/1594/2849 1623/1595/2849 1620/1593/2849
f 1620/1593/2850 1623/1595/2850 280/1064/2850
f 1623/1595/2851 279/1066/2851 280/1064/2851
f 256/1057/2852 1624/1582/2852 1621/1581/2852
f 1624/1582/2853 1625/1596/2853 1621/1581/2853
f 1621/1581/2854 1625/1596/2854 1622/1594/2854
f 1625/1596/2855 1626/1597/2855 1622/1594/2855
f 1622/1594/2856 1626/1597/2856 1623/1595/2856
f 1626/1597/2857 1627/1598/2857 1623/1595/2857
f 1623/1595/2858 1627/1598/2858 279/1066/2858
f 1627/1598/2859 278/1068/2859 279/1066/2859
f 257/1056/2860 1628/1583/2860 1624/1582/2860
f 1628/1583/2861 1629/1599/2861 1624/1582/2861
f 1624/1582/2862 1629/1599/2862 1625/1596/2862
f 1629/1599/2863 1630/1600/2863 1625/1596/2863
f 1625/1596/2864 1630/1600/2864 1626/1597/2864
f 1630/1600/2865 1631/1601/2865 1626/1597/2865
f 1626/1597/2866 1631/1601/2866 1627/1598/2866
f 1631/1601/2867 1632/1602/2867 1627/1598/2867
f 1627/1598/2868 1632/1602/2868 278/1068/2868
f 1632/1602/2869 277/1070/2869 278/1068/2869
f 258/1055/2870 1633/1584/2870 1628/1583/2870
f 1633/1584/2871 1634/1603/2871 1628/1583/2871
f 1628/1583/2872 1634/1603/2872 1629/1599/2872
f 1634/1603/2873 1635/1604/2873 1629/1599/2873
f 1629/1599/2874 1635/1604/2874 1630/1600/2874
f 1635/1604/2875 1636/1605/2875 1630/1600/2875
f 1630/1600/2876 1636/1605/2876 1631/1601/2876
f 1636/1605/2877 1637/1606/2877 1631/1601/2877
f 1631/1601/2878 1637/1606/2878 1632/1602/2878
f 1637/1606/2879 1638/1607/2879 1632/1602/2879
f 1632/1602/2880 1638/1607/2880 277/1070/2880
f 1638/1607/2881 276/1072/2881 277/1070/2881
f 259/1054/2882 1639/1585/2882 1633/1584/2882
f 1639/1585/2883 1640/1608/2883 1633/1584/2883
f 1633/1584/2884 1640/1608/2884 1634/1603/2884
f 1640/1608/2885 1641/1609/2885 1634/1603/2885
f 1634/1603/2886 1641/1609/2886 1635/1604/2886
f 1641/1609/2887 1642/1610/2887 1635/1604/2887
f 1635/1604/2888 1642/1610/2888 1636/1605/2888
f 1642/1610/2889 1643/1611/2889 1636/1605/2889
f 1636/1605/2890 1643/1611/2890 1637/1606/2890
f 1643/1611/2891 1644/1612/2891 1637/1606/2891
f 1637/1606/2892 1644/1612/2892 1638/1607/2892
f 1644/1612/2893 1645/1613/2893 1638/1607/2893
f 1638/1607/2894 1645/1613/2894 276/1072/2894
f 1645/1613/2895 275/1074/2895 276/1072/2895
f 260/1053/2896 1646/1586/2896 1639/1585/2896
f 1646/1586/2897 1647/1614/2897 1639/1585/2897
f 1639/1585/2898 1647/1614/2898 1640/1608/2898
f 1647/1614/2899 1648/1615/2899 1640/1608/2899
f 1640/1608/2900 1648/1615/2900 1641/1609/2900
f 1648/1615/2901 1649/1616/2901 1641/1609/2901
f 1641/1609/2902 1649/1616/2902 1642/1610/2902
f 1649/1616/2903 1650/1617/2903 1642/1610/2903
f 1642/1610/2904 1650/1617/2904 1643/1611/2904
f 1650/1617/2905 1651/1618/2905 1643/1611/2905
f 1643/1611/2906 1651/1618/2906 1644/1612/2906
f 1651/1618/2907 1652/1619/2907 1644/1612/2907
f 1644/1612/2908 1652/1619/2908 1645/1613/2908
f 1652/1619/2909 1653/1620/2909 1645/1613/2909
f 1645/1613/2910 1653/1620/2910 275/1074/2910
f 1653/1620/2911 274/1076/2911 275/1074/2911
f 261/1052/2912 1654/1587/2912 1646/1586/2912
f 1654/1587/2913 1655/1621/2913 1646/1586/2913
f 1646/1586/2914 1655/1621/2914 1647/1614/2914
f 1655/1621/2915 1656/1622/2915 1647/1614/2915
f 1647/1614/2916 1656/1622/2916 1648/1615/2916
f 1656/1622/2917 1657/1623/2917 1648/1615/2917
f 1648/1615/2918 1657/1623/2918 1649/1616/2918
f 1657/1623/2919 1658/1624/2919 1649/1616/2919
f 1649/1616/2920 1658/1624/2920 1650/1617/2920
f 1658/1624/2921 1659/1625/2921 1650/1617/2921
f 1650/1617/2922 1659/1625/2922 1651/1618/2922
f 1659/1625/2923 1660/1626/2923 1651/1618/2923
f 1651/1618/2924 1660/1626/2924 1652/1619/2924
f 1660/1626/2925 1661/1627/2925 1652/1619/2925
f 1652/1619/2926 1661/1627/2926 1653/1620/2926
f 1661/1627/2927 1662/1628/2927 1653/1620/2927
f 1653/1620/2928 1662/1628/2928 274/1076/2928
f 1662/1628/2929 273/1078/2929 274/1076/2929
f 262/1051/2930 1663/1588/2930 1654/1587/2930
f 1663/1588/2931 1664/1629/2931 1654/1587/2931
f 1654/1587/2932 1664/1629/2932 1655/1621/2932
f 1664/1629/2933 1665/1630/2933 1655/1621/2933
f 1655/1621/2934 1665/1630/2934 1656/1622/2934
f 1665/1630/2935 1666/1631/2935 1656/1622/2935
f 1656/1622/2936 1666/1631/2936 1657/1623/2936
f 1666/1631/2937 1667/1632/2937 1657/1623/2937
f 1657/1623/2938 1667/1632/2938 1658/1624/2938
f 1667/1632/2939 1668/1633/2939 1658/1624/2939
f 1658/1624/2940 1668/1633/2940 1659/1625/2940
f 1668/1633/2941 1669/1634/2941 1659/1625/2941
f 1659/1625/2942 1669/1634/2942 1660/1626/2942
f 1669/1634/2943 1670/1635/2943 1660/1626/2943
f 1660/1626/2944 1670/1635/2944 1661/1627/2944
f 1670/1635/2945 1671/1636/2945 1661/1627/2945
f 1661/1627/2946 1671/1636/2946 1662/1628/2946
f 1671/1636/2947 1672/1637/2947 1662/1628/2947
f 1662/1628/2948 1672/1637/2948 273/1078/2948
f 1672/1637/2949 272/1080/2949 273/1078/2949
f 263/1050/2950 1673/1589/2950 1663/1588/2950
f 1673/1589/2951 1674/1638/2951 1663/1588/2951
f 1663/1588/2952 1674/1638/2952 1664/1629/2952
f 1674/1638/2953 1675/1639/2953 1664/1629/2953
f 1664/1629/2954 1675/1639/2954 1665/1630/2954
f 1675/1639/2955 1676/1640/2955 1665/1630/2955
f 1665/1630/2956 1676/1640/2956 1666/1631/2956
f 1676/1640/2957 1677/1641/2957 1666/1631/2957
f 1666/1631/2958 1677/1641/2958 1667/1632/2958
f 1677/1641/2959 1678/1642/2959 1667/1632/2959
f 1667/1632/2960 1678/1642/2960 1668/1633/2960
f 1678/1642/2961 1679/1643/2961 1668/1633/2961
f 1668/1633/2962 1679/1643/2962 1669/1634/2962
f 1679/1643/2963 1680/1644/2963 1669/1634/2963
f 1669/1634/2964 1680/1644/2964 1670/1635/2964
f 1680/1644/2965 1681/1645/2965 1670/1635/2965
f 1670/1635/2966 1681/1645/2966 1671/1636/2966
f 1681/1645/2967 1682/1646/2967 1671/1636/2967
f 1671/1636/2968 1682/1646/2968 1672/1637/2968
f 1682/1646/2969 1683/1647/2969 1672/1637/2969
f 1672/1637/2970 1683/1647/2970 272/1080/2970
f 1683/1647/2971 271/1082/2971 272/1080/2971
f 264/1049/2972 1684/1590/2972 1673/1589/2972
f 1684/1590/2973 1685/1648/2973 1673/1589/2973
f 1673/1589/2974 1685/1648/2974 1674/1638/2974
f 1685/1648/2975 1686/1649/2975 1674/1638/2975
f 1674/1638/2976 1686/1649/2976 1675/1639/2976
f 1686/1649/2977 1687/1650/2977 1675/1639/2977
f 1675/1639/2978 1687/1650/2978 1676/1640/2978
f 1687/1650/2979 1688/1651/2979 1676/1640/2979
f 1676/1640/2980 1688/1651/2980 1677/1641/2980
f 1688/1651/2981 1689/1652/2981 1677/1641/2981
f 1677/1641/2982 1689/1652/2982 1678/1642/2982
f 1689/1652/2983 1690/1653/2983 1678/1642/2983
f 1678/1642/2984 1690/1653/2984 1679/1643/2984
f 1690/1653/2985 1691/1654/2985 1679/1643/2985
f 1679/1643/2986 1691/1654/2986 1680/1644/2986
f 1691/1654/2987 1692/1655/2987 1680/1644/2987
f 1680/1644/2988 1692/1655/2988 1681/1645/2988
f 1692/1655/2989 1693/1656/2989 1681/1645/2989
f 1681/1645/2990 1693/1656/2990 1682/1646/2990
f 1693/1656/2991 1694/1657/2991 1682/1646/2991
f 1682/1646/2992 1694/1657/2992 1683/1647/2992
f 1694/1657/2993 1695/1658/2993 1683/1647/2993
f 1683/1647/2994 1695/1658/2994 271/1082/2994
f 1695/1658/2995 270/1084/2995 271/1082/2995
f 265/1048/2996 1696/1591/2996 1684/1590/2996
f 1696/1591/2997 1697/1659/2997 1684/1590/2997
f 1684/1590/2998 1697/1659/2998 1685/1648/2998
f 1697/1659/2999 1698/1660/2999 1685/1648/2999
f 1685/1648/3000 1698/1660/3000 1686/1649/3000
f 1698/1660/3001 1699/1661/3001 1686/1649/3001
f 1686/1649/3002 1699/1661/3002 1687/1650/3002
f 1699/1661/3003 1700/1662/3003 1687/1650/3003
f 1687/1650/3004 1700/1662/3004 1688/1651/3004
f 1700/1662/3005 1701/1663/3005 1688/1651/3005
f 1688/1651/3006 1701/1663/3006 1689/1652/3006
f 1701/1663/3007 1702/1664/3007 1689/1652/3007
f 1689/1652/3008 1702/1664/3008 1690/1653/3008
f 1702/1664/3009 1703/1665/3009 1690/1653/3009
f 1690/1653/3010 1703/1665/3010 1691/1654/3010
f 1703/1665/3011 1704/1666/3011 1691/1654/3011
f 1691/1654/3012 1704/1666/3012 1692/1655/3012
f 1704/1666/3013 1705/1667/3013 1692/1655/3013
f 1692/1655/3014 1705/1667/3014 1693/1656/3014
f 1705/1667/3015 1706/1668/3015 1693/1656/3015
f 1693/1656/3016 1706/1668/3016 1694/1657/3016
f 1706/1668/3017 1707/1669/3017 1694/1657/3017
f 1694/1657/3018 1707/1669/3018 1695/1658/3018
f 1707/1669/3019 1708/1670/3019 1695/1658/3019
f 1695/1658/3020 1708/1670/3020 270/1084/3020
f 1708/1670/3021 269/1086/3021 270/1084/3021
f 266/1047/3022 1709/1592/3022 1696/1591/3022
f 1709/1592/3023 1710/1671/3023 1696/1591/3023
f 1696/1591/3024 1710/1671/3024 1697/1659/3024
f 1710/1671/3025 1711/1672/3025 1697/1659/3025
f 1697/1659/3026 1711/1672/3026 1698/1660/3026
f 1711/1672/3027 1712/1673/3027 1698/1660/3027
f 1698/1660/3028 1712/1673/3028 1699/1661/3028
f 1712/1673/3029 1713/1674/3029 1699/1661/3029
f 1699/1661/3030 1713/1674/3030 1700/1662/3030
f 1713/1674/3031 1714/1675/3031 1700/1662/3031
f 1700/1662/3032 1714/1675/3032 1701/1663/3032
f 1714/1675/3033 1715/1676/3033 1701/1663/3033
f 1701/1663/3034 1715/1676/3034 1702/1664/3034
f 1715/1676/3035 1716/1677/3035 1702/1664/3035
f 1702/1664/3036 1716/1677/3036 1703/1665/3036
f 1716/1677/3037 1717/1678/3037 1703/1665/3037
f 1703/1665/3038 1717/1678/3038 1704/1666/3038
f 1717/1678/3039 1718/1679/3039 1704/1666/3039
f 1704/1666/3040 1718/1679/3040 1705/1667/3040
f 1718/1679/3041 1719/1680/3041 1705/1667/3041
f 1705/1667/3042 1719/1680/3042 1706/1668/3042
f 1719/1680/3043 1720/1681/3043 1706/1668/3043
f 1706/1668/3044 1720/1681/3044 1707/1669/3044
f 1720/1681/3045 1721/1682/3045 1707/1669/3045
f 1707/1669/3046 1721/1682/3046 1708/1670/3046
f 1721/1682/3047 1722/1683/3047 1708/1670/3047
f 1708/1670/3048 1722/1683/3048 269/1086/3048
f 1722/1683/3049 268/31/3049 269/1086/3049
f 267/25/3050 147/24/3050 1709/1592/3050
f 147/24/3051 146/1684/3051 1709/1592/3051
f 1709/1592/3052 146/1684/3052 1710/1671/3052
f 146/1684/3053 145/1685/3053 1710/1671/3053
f 1710/1671/3054 145/1685/3054 1711/1672/3054
f 145/1685/3055 144/1686/3055 1711/1672/3055
f 1711/1672/3056 144/1686/3056 1712/1673/3056
f 144/1686/3057 143/1687/3057 1712/1673/3057
f 1712/1673/3058 143/1687/3058 1713/1674/3058
f 143/1687/3059 142/1688/3059 1713/1674/3059
f 1713/1674/3060 142/1688/3060 1714/1675/3060
f 142/1688/3061 141/1689/3061 1714/1675/3061
f 1714/1675/3062 141/1689/3062 1715/1676/3062
f 141/1689/3063 140/1690/3063 1715/1676/3063
f 1715/1676/3064 140/1690/3064 1716/1677/3064
f 140/1690/3065 139/1691/3065 1716/1677/3065
f 1716/1677/3066 139/1691/3066 1717/1678/3066
f 139/1691/3067 138/1692/3067 1717/1678/3067
f 1717/1678/3068 138/1692/3068 1718/1679/3068
f 138/1692/3069 137/1693/3069 1718/1679/3069
f 1718/1679/3070 137/1693/3070 1719/1680/3070
f 137/1693/3071 136/1694/3071 1719/1680/3071
f 1719/1680/3072 136/1694/3072 1720/1681/3072
f 136/1694/3073 135/1695/3073 1720/1681/3073
f 1720/1681/3074 135/1695/3074 1721/1682/3074
f 135/1695/3075 134/1696/3075 1721/1682/3075
f 1721/1682/3076 134/1696/3076 1722/1683/3076
f 134/1696/3077 133/1697/3077 1722/1683/3077
f 1722/1683/3078 133/1697/3078 268/31/3078
f 133/1697/3079 4/20/3079 268/31/3079
f 223/1193/3080 252/1698/3080 8/496/3080
f 224/1192/3081 1723/1699/3081 223/1193/3081
f 225/1191/3082 1724/1700/3082 224/1192/3082
f 226/1190/3083 1726/1701/3083 225/1191/3083
f 227/1189/3084 1729/1702/3084 226/1190/3084
f 228/1188/3085 1733/1703/3085 227/1189/3085
f 229/1187/3086 1738/1704/3086 228/1188/3086
f 230/1186/3087 1744/1705/3087 229/1187/3087
f 231/1185/3088 1751/1706/3088 230/1186/3088
f 232/1184/3089 1759/1707/3089 231/1185/3089
f 233/1183/3090 1768/1708/3090 232/1184/3090
f 234/1182/3091 1778/1709/3091 233/1183/3091
f 235/1181/3092 1789/1710/3092 234/1182/3092
f 236/1180/3093 1801/1711/3093 235/1181/3093
f 237/22/3094 1814/1712/3094 236/1180/3094
f 223/1193/3095 1723/1699/3095 252/1698/3095
f 1723/1699/3096 251/1713/3096 252/1698/3096
f 224/1192/3097 1724/1700/3097 1723/1699/3097
f 1724/1700/3098 1725/1714/3098 1723/1699/3098
f 1723/1699/3099 1725/1714/3099 251/1713/3099
f 1725/1714/3100 250/1715/3100 251/1713/3100
f 225/1191/3101 1726/1701/3101 1724/1700/3101
f 1726/1701/3102 1727/1716/3102 1724/1700/3102
f 1724/1700/3103 1727/1716/3103 1725/1714/3103
f 1727/1716/3104 1728/1717/3104 1725/1714/3104
f 1725/1714/3105 1728/1717/3105 250/1715/3105
f 1728/1717/3106 249/1718/3106 250/1715/3106
f 226/1190/3107 1729/1702/3107 1726/1701/3107
f 1729/1702/3108 1730/1719/3108 1726/1701/3108
f 1726/1701/3109 1730/1719/3109 1727/1716/3109
f 1730/1719/3110 1731/1720/3110 1727/1716/3110
f 1727/1716/3111 1731/1720/3111 1728/1717/3111
f 1731/1720/3112 1732/1721/3112 1728/1717/3112
f 1728/1717/3113 1732/1721/3113 249/1718/3113
f 1732/1721/3114 248/1722/3114 249/1718/3114
f 227/1189/3115 1733/1703/3115 1729/1702/3115
f 1733/1703/3116 1734/1723/3116 1729/1702/3116
f 1729/1702/3117 1734/1723/3117 1730/1719/3117
f 1734/1723/3118 1735/1724/3118 1730/1719/3118
f 1730/1719/3119 1735/1724/3119 1731/1720/3119
f 1735/1724/3120 1736/1725/3120 1731/1720/3120
f 1731/1720/3121 1736/1725/3121 1732/1721/3121
f 1736/1725/3122 1737/1726/3122 1732/1721/3122
f 1732/1721/3123 1737/1726/3123 248/1722/3123
f 1737/1726/3124 247/1727/3124 248/1722/3124
f 228/1188/3125 1738/1704/3125 1733/1703/3125
f 1738/1704/3126 1739/1728/3126 1733/1703/3126
f 1733/1703/3127 1739/1728/3127 1734/1723/3127
f 1739/1728/3128 1740/1729/3128 1734/1723/3128
f 1734/1723/3129 1740/1729/3129 1735/1724/3129
f 1740/1729/3130 1741/1730/3130 1735/1724/3130
f 1735/1724/3131 1741/1730/3131 1736/1725/3131
f 1741/1730/3132 1742/1731/3132 1736/1725/3132
f 1736/1725/3133 1742/1731/3133 1737/1726/3133
f 1742/1731/3134 1743/1732/3134 1737/1726/3134
f 1737/1726/3135 1743/1732/3135 247/1727/3135
f 1743/1732/3136 246/1733/3136 247/1727/3136
f 229/1187/3137 1744/1705/3137 1738/1704/3137
f 1744/1705/3138 1745/1734/3138 1738/1704/3138
f 1738/1704/3139 1745/1734/3139 1739/1728/3139
f 1745/1734/3140 1746/1735/3140 1739/1728/3140
f 1739/1728/3141 1746/1735/3141 1740/1729/3141
f 1746/1735/3142 1747/1736/3142 1740/1729/3142
f 1740/1729/3143 1747/1736/3143 1741/1730/3143
f 1747/1736/3144 1748/1737/3144 1741/1730/3144
f 1741/1730/3145 1748/1737/3145 1742/1731/3145
f 1748/1737/3146 1749/1738/3146 1742/1731/3146
f 1742/1731/3147 1749/1738/3147 1743/1732/3147
f 1749/1738/3148 1750/1739/3148 1743/1732/3148
f 1743/1732/3149 1750/1739/3149 246/1733/3149
f 1750/1739/3150 245/1740/3150 246/1733/3150
f 230/1186/3151 1751/1706/3151 1744/1705/3151
f 1751/1706/3152 1752/1741/3152 1744/1705/3152
f 1744/1705/3153 1752/1741/3153 1745/1734/3153
f 1752/1741/3154 1753/1742/3154 1745/1734/3154
f 1745/1734/3155 1753/1742/3155 1746/1735/3155
f 1753/1742/3156 1754/1743/3156 1746/1735/3156
f 1746/1735/3157 1754/1743/3157 1747/1736/3157
f 1754/1743/3158 1755/1744/3158 1747/1736/3158
f 1747/1736/3159 1755/1744/3159 1748/1737/3159
f 1755/1744/3160 1756/1745/3160 1748/1737/3160
f 1748/1737/3161 1756/1745/3161 1749/1738/3161
f 1756/1745/3162 1757/1746/3162 1749/1738/3162
f 1749/1738/3163 1757/1746/3163 1750/1739/3163
f 1757/1746/3164 1758/1747/3164 1750/1739/3164
f 1750/1739/3165 1758/1747/3165 245/1740/3165
f 1758/1747/3166 244/1748/3166 245/1740/3166
f 231/1185/3167 1759/1707/3167 1751/1706/3167
f 1759/1707/3168 1760/1749/3168 1751/1706/3168
f 1751/1706/3169 1760/1749/3169 1752/1741/3169
f 1760/1749/3170 1761/1750/3170 1752/1741/3170
f 1752/1741/3171 1761/1750/3171 1753/1742/3171
f 1761/1750/3172 1762/1751/3172 1753/1742/3172
f 1753/1742/3173 1762/1751/3173 1754/1743/3173
f 1762/1751/3174 1763/1752/3174 1754/1743/3174
f 1754/1743/3175 1763/1752/3175 1755/1744/3175
f 1763/1752/3176 1764/1753/3176 1755/1744/3176
f 1755/1744/3177 1764/1753/3177 1756/1745/3177
f 1764/1753/3178 1765/1754/3178 1756/1745/3178
f 1756/1745/3179 1765/1754/3179 1757/1746/3179
f 1765/1754/3180 1766/1755/3180 1757/1746/3180
f 1757/1746/3181 1766/1755/3181 1758/1747/3181
f 1766/1755/3182 1767/1756/3182 1758/1747/3182
f 1758/1747/3183 1767/1756/3183 244/1748/3183
f 1767/1756/3184 243/1757/3184 244/1748/3184
f 232/1184/3185 1768/1708/3185 1759/1707/3185
f 1768/1708/3186 1769/1758/3186 1759/1707/3186
f 1759/1707/3187 1769/1758/3187 1760/1749/3187
f 1769/1758/3188 1770/1759/3188 1760/1749/3188
f 1760/1749/3189 1770/1759/3189 1761/1750/3189
f 1770/1759/3190 1771/1760/3190 1761/1750/3190
f 1761/1750/3191 1771/1760/3191 1762/1751/3191
f 1771/1760/3192 1772/1761/3192 1762/1751/3192
f 1762/1751/3193 1772/1761/3193 1763/1752/3193
f 1772/1761/3194 1773/1762/3194 1763/1752/3194
f 1763/1752/3195 1773/1762/3195 1764/1753/3195
f 1773/1762/3196 1774/1763/3196 1764/1753/3196
f 1764/1753/3197 1774/1763/3197 1765/1754/3197
f 1774/1763/3198 1775/1764/3198 1765/1754/3198
f 1765/1754/3199 1775/1764/3199 1766/1755/3199
f 1775/1764/3200 1776/1765/3200 1766/1755/3200
f 1766/1755/3201 1776/1765/3201 1767/1756/3201
f 1776/1765/3202 1777/1766/3202 1767/1756/3202
f 1767/1756/3203 1777/1766/3203 243/1757/3203
f 1777/1766/3204 242/1767/3204 243/1757/3204
f 233/1183/3205 1778/1709/3205 1768/1708/3205
f 1778/1709/3206 1779/1768/3206 1768/1708/3206
f 1768/1708/3207 1779/1768/3207 1769/1758/3207
f 1779/1768/3208 1780/1769/3208 1769/1758/3208
f 1769/1758/3209 1780/1769/3209 1770/1759/3209
f 1780/1769/3210 1781/1770/3210 1770/1759/3210
f 1770/1759/3211 1781/1770/3211 1771/1760/3211
f 1781/1770/3212 1782/1771/3212 1771/1760/3212
f 1771/1760/3213 1782/1771/3213 1772/1761/3213
f 1782/1771/3214 1783/1772/3214 1772/1761/3214
f 1772/1761/3215 1783/1772/3215 1773/1762/3215
f 1783/1772/3216 1784/1773/3216 1773/1762/3216
f 1773/1762/3217 1784/1773/3217 1774/1763/3217
f 1784/1773/3218 1785/1774/3218 1774/1763/3218
f 1774/1763/3219 1785/1774/3219 1775/1764/3219
f 1785/1774/3220 1786/1775/3220 1775/1764/3220
f 1775/1764/3221 1786/1775/3221 1776/1765/3221
f 1786/1775/3222 1787/1776/3222 1776/1765/3222
f 1776/1765/3223 1787/1776/3223 1777/1766/3223
f 1787/1776/3224 1788/1777/3224 1777/1766/3224
f 1777/1766/3225 1788/1777/3225 242/1767/3225
f 1788/1777/3226 241/1778/3226 242/1767/3226
f 234/1182/3227 1789/1710/3227 1778/1709/3227
f 1789/1710/3228 1790/1779/3228 1778/1709/3228
f 1778/1709/3229 1790/1779/3229 1779/1768/3229
f 1790/1779/3230 1791/1780/3230 1779/1768/3230
f 1779/1768/3231 1791/1780/3231 1780/1769/3231
f 1791/1780/3232 1792/1781/3232 1780/1769/3232
f 1780/1769/3233 1792/1781/3233 1781/1770/3233
f 1792/1781/3234 1793/1782/3234 1781/1770/3234
f 1781/1770/3235 1793/1782/3235 1782/1771/3235
f 1793/1782/3236 1794/1783/3236 1782/1771/3236
f 1782/1771/3237 1794/1783/3237 1783/1772/3237
f 1794/1783/3238 1795/1784/3238 1783/1772/3238
f 1783/1772/3239 1795/1784/3239 1784/1773/3239
f 1795/1784/3240 1796/1785/3240 1784/1773/3240
f 1784/1773/3241 1796/1785/3241 1785/1774/3241
f 1796/1785/3242 1797/1786/3242 1785/1774/3242
f 1785/1774/3243 1797/1786/3243 1786/1775/3243
f 1797/1786/3244 1798/1787/3244 1786/1775/3244
f 1786/1775/3245 1798/1787/3245 1787/1776/3245
f 1798/1787/3246 1799/1788/3246 1787/1776/3246
f 1787/1776/3247 1799/1788/3247 1788/1777/3247
f 1799/1788/3248 1800/1789/3248 1788/1777/3248
f 1788/1777/3249 1800/1789/3249 241/1778/3249
f 1800/1789/3250 240/1790/3250 241/1778/3250
f 235/1181/3251 1801/1711/3251 1789/1710/3251
f 1801/1711/3252 1802/1791/3252 1789/1710/3252
f 1789/1710/3253 1802/1791/3253 1790/1779/3253
f 1802/1791/3254 1803/1792/3254 1790/1779/3254
f 1790/1779/3255 1803/1792/3255 1791/1780/3255
f 1803/1792/3256 1804/1793/3256 1791/1780/3256
f 1791/1780/3257 1804/1793/3257 1792/1781/3257
f 1804/1793/3258 1805/1794/3258 1792/1781/3258
f 1792/1781/3259 1805/1794/3259 1793/1782/3259
f 1805/1794/3260 1806/1795/3260 1793/1782/3260
f 1793/1782/3261 1806/1795/3261 1794/1783/3261
f 1806/1795/3262 1807/1796/3262 1794/1783/3262
f 1794/1783/3263 1807/1796/3263 1795/1784/3263
f 1807/1796/3264 1808/1797/3264 1795/1784/3264
f 1795/1784/3265 1808/1797/3265 1796/1785/3265
f 1808/1797/3266 1809/1798/3266 1796/1785/3266
f 1796/1785/3267 1809/1798/3267 1797/1786/3267
f 1809/1798/3268 1810/1799/3268 1797/1786/3268
f 1797/1786/3269 1810/1799/3269 1798/1787/3269
f 1810/1799/3270 1811/1800/3270 1798/1787/3270
f 1798/1787/3271 1811/1800/3271 1799/1788/3271
f 1811/1800/3272 1812/1801/3272 1799/1788/3272
f 1799/1788/3273 1812/1801/3273 1800/1789/3273
f 1812/1801/3274 1813/1802/3274 1800/1789/3274
f 1800/1789/3275 1813/1802/3275 240/1790/3275
f 1813/1802/3276 239/1803/3276 240/1790/3276
f 236/1180/3277 1814/1712/3277 1801/1711/3277
f 1814/1712/3278 1815/1804/3278 1801/1711/3278
f 1801/1711/3279 1815/1804/3279 1802/1791/3279
f 1815/1804/3280 1816/1805/3280 1802/1791/3280
f 1802/1791/3281 1816/1805/3281 1803/1792/3281
f 1816/1805/3282 1817/1806/3282 1803/1792/3282
f 1803/1792/3283 1817/1806/3283 1804/1793/3283
f 1817/1806/3284 1818/1807/3284 1804/1793/3284
f 1804/1793/3285 1818/1807/3285 1805/1794/3285
f 1818/1807/3286 1819/1808/3286 1805/1794/3286
f 1805/1794/3287 1819/1808/3287 1806/1795/3287
f 1819/1808/3288 1820/1809/3288 1806/1795/3288
f 1806/1795/3289 1820/1809/3289 1807/1796/3289
f 1820/1809/3290 1821/1810/3290 1807/1796/3290
f 1807/1796/3291 1821/1810/3291 1808/1797/3291
f 1821/1810/3292 1822/1811/3292 1808/1797/3292
f 1808/1797/3293 1822/1811/3293 1809/1798/3293
f 1822/1811/3294 1823/1812/3294 1809/1798/3294
f 1809/1798/3295 1823/1812/3295 1810/1799/3295
f 1823/1812/3296 1824/1813/3296 1810/1799/3296
f 1810/1799/3297 1824/1813/3297 1811/1800/3297
f 1824/1813/3298 1825/1814/3298 1811/1800/3298
f 1811/1800/3299 1825/1814/3299 1812/1801/3299
f 1825/1814/3300 1826/1815/3300 1812/1801/3300
f 1812/1801/3301 1826/1815/3301 1813/1802/3301
f 1826/1815/3302 1827/1816/3302 1813/1802/3302
f 1813/1802/3303 1827/1816/3303 239/1803/3303
f 1827/1816/3304 238/1817/3304 239/1803/3304
f 237/22/3305 117/21/3305 1814/1712/3305
f 117/21/3306 116/1818/3306 1814/1712/3306
f 1814/1712/3307 116/1818/3307 1815/1804/3307
f 116/1818/3308 115/1819/3308 1815/1804/3308
f 1815/1804/3309 115/1819/3309 1816/1805/3309
f 115/1819/3310 114/1820/3310 1816/1805/3310
f 1816/1805/3311 114/1820/3311 1817/1806/3311
f 114/1820/3312 113/1821/3312 1817/1806/3312
f 1817/1806/3313 113/1821/3313 1818/1807/3313
f 113/1821/3314 112/1822/3314 1818/1807/3314
f 1818/1807/3315 112/1822/3315 1819/1808/3315
f 112/1822/3316 111/1823/3316 1819/1808/3316
f 1819/1808/3317 111/1823/3317 1820/1809/3317
f 111/1823/3318 110/1824/3318 1820/1809/3318
f 1820/1809/3319 110/1824/3319 1821/1810/3319
f 110/1824/3320 109/1825/3320 1821/1810/3320
f 1821/1810/3321 109/1825/3321 1822/1811/3321
f 109/1825/3322 108/1826/3322 1822/1811/3322
f 1822/1811/3323 108/1826/3323 1823/1812/3323
f 108/1826/3324 107/1827/3324 1823/1812/3324
f 1823/1812/3325 107/1827/3325 1824/1813/3325
f 107/1827/3326 106/1828/3326 1824/1813/3326
f 1824/1813/3327 106/1828/3327 1825/1814/3327
f 106/1828/3328 105/1829/3328 1825/1814/3328
f 1825/1814/3329 105/1829/3329 1826/1815/3329
f 105/1829/3330 104/1830/3330 1826/1815/3330
f 1826/1815/3331 104/1830/3331 1827/1816/3331
f 104/1830/3332 103/1831/3332 1827/1816/3332
f 1827/1816/3333 103/1831/3333 238/1817/3333
f 103/1831/3334 3/1832/3334 238/1817/3334
f 193/1326/3335 222/1327/3335 7/34/3335
f 194/1325/3336 1828/1833/3336 193/1326/3336
f 195/1324/3337 1829/1834/3337 194/1325/3337
f 196/1323/3338 1831/1835/3338 195/1324/3338
f 197/1322/3339 1834/1836/3339 196/1323/3339
f 198/1321/3340 1838/1837/3340 197/1322/3340
f 199/1320/3341 1843/1838/3341 198/1321/3341
f 200/1319/3342 1849/1839/3342 199/1320/3342
f 201/1318/3343 1856/1840/3343 200/1319/3343
f 202/1317/3344 1864/1841/3344 201/1318/3344
f 203/1316/3345 1873/1842/3345 202/1317/3345
f 204/1315/3346 1883/1843/3346 203/1316/3346
f 205/1314/3347 1894/1844/3347 204/1315/3347
f 206/1313/3348 1906/1845/3348 205/1314/3348
f 207/19/3349 1919/1846/3349 206/1313/3349
f 193/1326/3350 1828/1833/3350 222/1327/3350
f 1828/1833/3351 221/1328/3351 222/1327/3351
f 194/1325/3352 1829/1834/3352 1828/1833/3352
f 1829/1834/3353 1830/1847/3353 1828/1833/3353
f 1828/1833/3354 1830/1847/3354 221/1328/3354
f 1830/1847/3355 220/1330/3355 221/1328/3355
f 195/1324/3356 1831/1835/3356 1829/1834/3356
f 1831/1835/3357 1832/1848/3357 1829/1834/3357
f 1829/1834/3358 1832/1848/3358 1830/1847/3358
f 1832/1848/3359 1833/1849/3359 1830/1847/3359
f 1830/1847/3360 1833/1849/3360 220/1330/3360
f 1833/1849/3361 219/1332/3361 220/1330/3361
f 196/1323/3362 1834/1836/3362 1831/1835/3362
f 1834/1836/3363 1835/1850/3363 1831/1835/3363
f 1831/1835/3364 1835/1850/3364 1832/1848/3364
f 1835/1850/3365 1836/1851/3365 1832/1848/3365
f 1832/1848/3366 1836/1851/3366 1833/1849/3366
f 1836/1851/3367 1837/1852/3367 1833/1849/3367
f 1833/1849/3368 1837/1852/3368 219/1332/3368
f 1837/1852/3369 218/1334/3369 219/1332/3369
f 197/1322/3370 1838/1837/3370 1834/1836/3370
f 1838/1837/3371 1839/1853/3371 1834/1836/3371
f 1834/1836/3372 1839/1853/3372 1835/1850/3372
f 1839/1853/3373 1840/1854/3373 1835/1850/3373
f 1835/1850/3374 1840/1854/3374 1836/1851/3374
f 1840/1854/3375 1841/1855/3375 1836/1851/3375
f 1836/1851/3376 1841/1855/3376 1837/1852/3376
f 1841/1855/3377 1842/1856/3377 1837/1852/3377
f 1837/1852/3378 1842/1856/3378 218/1334/3378
f 1842/1856/3379 217/1336/3379 218/1334/3379
f 198/1321/3380 1843/1838/3380 1838/1837/3380
f 1843/1838/3381 1844/1857/3381 1838/1837/3381
f 1838/1837/3382 1844/1857/3382 1839/1853/3382
f 1844/1857/3383 1845/1858/3383 1839/1853/3383
f 1839/1853/3384 1845/1858/3384 1840/1854/3384
f 1845/1858/3385 1846/1859/3385 1840/1854/3385
f 1840/1854/3386 1846/1859/3386 1841/1855/3386
f 1846/1859/3387 1847/1860/3387 1841/1855/3387
f 1841/1855/3388 1847/1860/3388 1842/1856/3388
f 1847/1860/3389 1848/1861/3389 1842/1856/3389
f 1842/1856/3390 1848/1861/3390 217/1336/3390
f 1848/1861/3391 216/1338/3391 217/1336/3391
f 199/1320/3392 1849/1839/3392 1843/1838/3392
f 1849/1839/3393 1850/1862/3393 1843/1838/3393
f 1843/1838/3394 1850/1862/3394 1844/1857/3394
f 1850/1862/3395 1851/1863/3395 1844/1857/3395
f 1844/1857/3396 1851/1863/3396 1845/1858/3396
f 1851/1863/3397 1852/1864/3397 1845/1858/3397
f 1845/1858/3398 1852/1864/3398 1846/1859/3398
f 1852/1864/3399 1853/1865/3399 1846/1859/3399
f 1846/1859/3400 1853/1865/3400 1847/1860/3400
f 1853/1865/3401 1854/1866/3401 1847/1860/3401
f 1847/1860/3402 1854/1866/3402 1848/1861/3402
f 1854/1866/3403 1855/1867/3403 1848/1861/3403
f 1848/1861/3404 1855/1867/3404 216/1338/3404
f 1855/1867/3405 215/1340/3405 216/1338/3405
f 200/1319/3406 1856/1840/3406 1849/1839/3406
f 1856/1840/3407 1857/1868/3407 1849/1839/3407
f 1849/1839/3408 1857/1868/3408 1850/1862/3408
f 1857/1868/3409 1858/1869/3409 1850/1862/3409
f 1850/1862/3410 1858/1869/3410 1851/1863/3410
f 1858/1869/3411 1859/1870/3411 1851/1863/3411
f 1851/1863/3412 1859/1870/3412 1852/1864/3412
f 1859/1870/3413 1860/1871/3413 1852/1864/3413
f 1852/1864/3414 1860/1871/3414 1853/1865/3414
f 1860/1871/3415 1861/1872/3415 1853/1865/3415
f 1853/1865/3416 1861/1872/3416 1854/1866/3416
f 1861/1872/3417 1862/1873/3417 1854/1866/3417
f 1854/1866/3418 1862/1873/3418 1855/1867/3418
f 1862/1873/3419 1863/1874/3419 1855/1867/3419
f 1855/1867/3420 1863/1874/3420 215/1340/3420
f 1863/1874/3421 214/1342/3421 215/1340/3421
f 201/1318/3422 1864/1841/3422 1856/1840/3422
f 1864/1841/3423 1865/1875/3423 1856/1840/3423
f 1856/1840/3424 1865/1875/3424 1857/1868/3424
f 1865/1875/3425 1866/1876/3425 1857/1868/3425
f 1857/1868/3426 1866/1876/3426 1858/1869/3426
f 1866/1876/3427 1867/1877/3427 1858/1869/3427
f 1858/1869/3428 1867/1877/3428 1859/1870/3428
f 1867/1877/3429 1868/1878/3429 1859/1870/3429
f 1859/1870/3430 1868/1878/3430 1860/1871/3430
f 1868/1878/3431 1869/1879/3431 1860/1871/3431
f 1860/1871/3432 1869/1879/3432 1861/1872/3432
f 1869/1879/3433 1870/1880/3433 1861/1872/3433
f 1861/1872/3434 1870/1880/3434 1862/1873/3434
f 1870/1880/3435 1871/1881/3435 1862/1873/3435
f 1862/1873/3436 1871/1881/3436 1863/1874/3436
f 1871/1881/3437 1872/1882/3437 1863/1874/3437
f 1863/1874/3438 1872/1882/3438 214/1342/3438
f 1872/1882/3439 213/1344/3439 214/1342/3439
f 202/1317/3440 1873/1842/3440 1864/1841/3440
f 1873/1842/3441 1874/1883/3441 1864/1841/3441
f 1864/1841/3442 1874/1883/3442 1865/1875/3442
f 1874/1883/3443 1875/1884/3443 1865/1875/3443
f 1865/1875/3444 1875/1884/3444 1866/1876/3444
f 1875/1884/3445 1876/1885/3445 1866/1876/3445
f 1866/1876/3446 1876/1885/3446 1867/1877/3446
f 1876/1885/3447 1877/1886/3447 1867/1877/3447
f 1867/1877/3448 1877/1886/3448 1868/1878/3448
f 1877/1886/3449 1878/1887/3449 1868/1878/3449
f 1868/1878/3450 1878/1887/3450 1869/1879/3450
f 1878/1887/3451 1879/1888/3451 1869/1879/3451
f 1869/1879/3452 1879/1888/3452 1870/1880/3452
f 1879/1888/3453 1880/1889/3453 1870/1880/3453
f 1870/1880/3454 1880/1889/3454 1871/1881/3454
f 1880/1889/3455 1881/1890/3455 1871/1881/3455
f 1871/1881/3456 1881/1890/3456 1872/1882/3456
f 1881/1890/3457 1882/1891/3457 1872/1882/3457
f 1872/1882/3458 1882/1891/3458 213/1344/3458
f 1882/1891/3459 212/1346/3459 213/1344/3459
f 203/1316/3460 1883/1843/3460 1873/1842/3460
f 1883/1843/3461 1884/1892/3461 1873/1842/3461
f 1873/1842/3462 1884/1892/3462 1874/1883/3462
f 1884/1892/3463 1885/1893/3463 1874/1883/3463
f 1874/1883/3464 1885/1893/3464 1875/1884/3464
f 1885/1893/3465 1886/1894/3465 1875/1884/3465
f 1875/1884/3466 1886/1894/3466 1876/1885/3466
f 1886/1894/3467 1887/1895/3467 1876/1885/3467
f 1876/1885/3468 1887/1895/3468 1877/1886/3468
f 1887/1895/3469 1888/1896/3469 1877/1886/3469
f 1877/1886/3470 1888/1896/3470 1878/1887/3470
f 1888/1896/3471 1889/1897/3471 1878/1887/3471
f 1878/1887/3472 1889/1897/3472 1879/1888/3472
f 1889/1897/3473 1890/1898/3473 1879/1888/3473
f 1879/1888/3474 1890/1898/3474 1880/1889/3474
f 1890/1898/3475 1891/1899/3475 1880/1889/3475
f 1880/1889/3476 1891/1899/3476 1881/1890/3476
f 1891/1899/3477 1892/1900/3477 1881/1890/3477
f 1881/1890/3478 1892/1900/3478 1882/1891/3478
f 1892/1900/3479 1893/1901/3479 1882/1891/3479
f 1882/1891/3480 1893/1901/3480 212/1346/3480
f 1893/1901/3481 211/1348/3481 212/1346/3481
f 204/1315/3482 1894/1844/3482 1883/1843/3482
f 1894/1844/3483 1895/1902/3483 1883/1843/3483
f 1883/1843/3484 1895/1902/3484 1884/1892/3484
f 1895/1902/3485 1896/1903/3485 1884/1892/3485
f 1884/1892/3486 1896/1903/3486 1885/1893/3486
f 1896/1903/3487 1897/1904/3487 1885/1893/3487
f 1885/1893/3488 1897/1904/3488 1886/1894/3488
f 1897/1904/3489 1898/1905/3489 1886/1894/3489
f 1886/1894/3490 1898/1905/3490 1887/1895/3490
f 1898/1905/3491 1899/1906/3491 1887/1895/3491
f 1887/1895/3492 1899/1906/3492 1888/1896/3492
f 1899/1906/3493 1900/1907/3493 1888/1896/3493
f 1888/1896/3494 1900/1907/3494 1889/1897/3494
f 1900/1907/3495 1901/1908/3495 1889/1897/3495
f 1889/1897/3496 1901/1908/3496 1890/1898/3496
f 1901/1908/3497 1902/1909/3497 1890/1898/3497
f 1890/1898/3498 1902/1909/3498 1891/1899/3498
f 1902/1909/3499 1903/1910/3499 1891/1899/3499
f 1891/1899/3500 1903/1910/3500 1892/1900/3500
f 1903/1910/3501 1904/1911/3501 1892/1900/3501
f 1892/1900/3502 1904/1911/3502 1893/1901/3502
f 1904/1911/3503 1905/1912/3503 1893/1901/3503
f 1893/1901/3504 1905/1912/3504 211/1348/3504
f 1905/1912/3505 210/1350/3505 211/1348/3505
f 205/1314/3506 1906/1845/3506 1894/1844/3506
f 1906/1845/3507 1907/1913/3507 1894/1844/3507
f 1894/1844/3508 1907/1913/3508 1895/1902/3508
f 1907/1913/3509 1908/1914/3509 1895/1902/3509
f 1895/1902/3510 1908/1914/3510 1896/1903/3510
f 1908/1914/3511 1909/1915/3511 1896/1903/3511
f 1896/1903/3512 1909/1915/3512 1897/1904/3512
f 1909/1915/3513 1910/1916/3513 1897/1904/3513
f 1897/1904/3514 1910/1916/3514 1898/1905/3514
f 1910/1916/3515 1911/1917/3515 1898/1905/3515
f 1898/1905/3516 1911/1917/3516 1899/1906/3516
f 1911/1917/3517 1912/1918/3517 1899/1906/3517
f 1899/1906/3518 1912/1918/3518 1900/1907/3518
f 1912/1918/3519 1913/1919/3519 1900/1907/3519
f 1900/1907/3520 1913/1919/3520 1901/1908/3520
f 1913/1919/3521 1914/1920/3521 1901/1908/3521
f 1901/1908/3522 1914/1920/3522 1902/1909/3522
f 1914/1920/3523 1915/1921/3523 1902/1909/3523
f 1902/1909/3524 1915/1921/3524 1903/1910/3524
f 1915/1921/3525 1916/1922/3525 1903/1910/3525
f 1903/1910/3526 1916/1922/3526 1904/1911/3526
f 1916/1922/3527 1917/1923/3527 1904/1911/3527
f 1904/1911/3528 1917/1923/3528 1905/1912/3528
f 1917/1923/3529 1918/1924/3529 1905/1912/3529
f 1905/1912/3530 1918/1924/3530 210/1350/3530
f 1918/1924/3531 209/1352/3531 210/1350/3531
f 206/1313/3532 1919/1846/3532 1906/1845/3532
f 1919/1846/3533 1920/1925/3533 1906/1845/3533
f 1906/1845/3534 1920/1925/3534 1907/1913/3534
f 1920/1925/3535 1921/1926/3535 1907/1913/3535
f 1907/1913/3536 1921/1926/3536 1908/1914/3536
f 1921/1926/3537 1922/1927/3537 1908/1914/3537
f 1908/1914/3538 1922/1927/3538 1909/1915/3538
f 1922/1927/3539 1923/1928/3539 1909/1915/3539
f 1909/1915/3540 1923/1928/3540 1910/1916/3540
f 1923/1928/3541 1924/1929/3541 1910/1916/3541
f 1910/1916/3542 1924/1929/3542 1911/1917/3542
f 1924/1929/3543 1925/1930/3543 1911/1917/3543
f 1911/1917/3544 1925/1930/3544 1912/1918/3544
f 1925/1930/3545 1926/1931/3545 1912/1918/3545
f 1912/1918/3546 1926/1931/3546 1913/1919/3546
f 1926/1931/3547 1927/1932/3547 1913/1919/3547
f 1913/1919/3548 1927/1932/3548 1914/1920/3548
f 1927/1932/3549 1928/1933/3549 1914/1920/3549
f 1914/1920/3550 1928/1933/3550 1915/1921/3550
f 1928/1933/3551 1929/1934/3551 1915/1921/3551
f 1915/1921/3552 1929/1934/3552 1916/1922/3552
f 1929/1934/3553 1930/1935/3553 1916/1922/3553
f 1916/1922/3554 1930/1935/3554 1917/1923/3554
f 1930/1935/3555 1931/1936/3555 1917/1923/3555
f 1917/1923/3556 1931/1936/3556 1918/1924/3556
f 1931/1936/3557 1932/1937/3557 1918/1924/3557
f 1918/1924/3558 1932/1937/3558 209/1352/3558
f 1932/1937/3559 208/29/3559 209/1352/3559
f 207/19/3560 57/18/3560 1919/1846/3560
f 57/18/3561 56/1938/3561 1919/1846/3561
f 1919/1846/3562 56/1938/3562 1920/1925/3562
f 56/1938/3563 55/1939/3563 1920/1925/3563
f 1920/1925/3564 55/1939/3564 1921/1926/3564
f 55/1939/3565 54/1940/3565 1921/1926/3565
f 1921/1926/3566 54/1940/3566 1922/1927/3566
f 54/1940/3567 53/1941/3567 1922/1927/3567
f 1922/1927/3568 53/1941/3568 1923/1928/3568
f 53/1941/3569 52/1942/3569 1923/1928/3569
f 1923/1928/3570 52/1942/3570 1924/1929/3570
f 52/1942/3571 51/1943/3571 1924/1929/3571
f 1924/1929/3572 51/1943/3572 1925/1930/3572
f 51/1943/3573 50/1944/3573 1925/1930/3573
f 1925/1930/3574 50/1944/3574 1926/1931/3574
f 50/1944/3575 49/1945/3575 1926/1931/3575
f 1926/1931/3576 49/1945/3576 1927/1932/3576
f 49/1945/3577 48/1946/3577 1927/1932/3577
f 1927/1932/3578 48/1946/3578 1928/1933/3578
f 48/1946/3579 47/1947/3579 1928/1933/3579
f 1928/1933/3580 47/1947/3580 1929/1934/3580
f 47/1947/3581 46/1948/3581 1929/1934/3581
f 1929/1934/3582 46/1948/3582 1930/1935/3582
f 46/1948/3583 45/1949/3583 1930/1935/3583
f 1930/1935/3584 45/1949/3584 1931/1936/3584
f 45/1949/3585 44/1950/3585 1931/1936/3585
f 1931/1936/3586 44/1950/3586 1932/1937/3586
f 44/1950/3587 43/1951/3587 1932/1937/3587
f 1932/1937/3588 43/1951/3588 208/29/3588
f 43/1951/3589 2/4/3589 208/29/3589
f 163/1459/3590 192/795/3590 11/46/3590
f 164/1458/3591 1933/1952/3591 163/1459/3591
f 165/1457/3592 1934/1953/3592 164/1458/3592
f 166/1456/3593 1936/1954/3593 165/1457/3593
f 167/1455/3594 1939/1955/3594 166/1456/3594
f 168/1454/3595 1943/1956/3595 167/1455/3595
f 169/1453/3596 1948/1957/3596 168/1454/3596
f 170/1452/3597 1954/1958/3597 169/1453/3597
f 171/1451/3598 1961/1959/3598 170/1452/3598
f 172/1450/3599 1969/1960/3599 171/1451/3599
f 173/1449/3600 1978/1961/3600 172/1450/3600
f 174/1448/3601 1988/1962/3601 173/1449/3601
f 175/1447/3602 1999/1963/3602 174/1448/3602
f 176/1446/3603 2011/1964/3603 175/1447/3603
f 177/16/3604 2024/1965/3604 176/1446/3604
f 163/1459/3605 1933/1952/3605 192/795/3605
f 1933/1952/3606 191/796/3606 192/795/3606
f 164/1458/3607 1934/1953/3607 1933/1952/3607
f 1934/1953/3608 1935/1966/3608 1933/1952/3608
f 1933/1952/3606 1935/1966/3606 191/796/3606
f 1935/1966/3609 190/798/3609 191/796/3609
f 165/1457/3610 1936/1954/3610 1934/1953/3610
f 1936/1954/3611 1937/1967/3611 1934/1953/3611
f 1934/1953/3612 1937/1967/3612 1935/1966/3612
f 1937/1967/3613 1938/1968/3613 1935/1966/3613
f 1935/1966/3614 1938/1968/3614 190/798/3614
f 1938/1968/3615 189/800/3615 190/798/3615
f 166/1456/3616 1939/1955/3616 1936/1954/3616
f 1939/1955/3617 1940/1969/3617 1936/1954/3617
f 1936/1954/3618 1940/1969/3618 1937/1967/3618
f 1940/1969/3619 1941/1970/3619 1937/1967/3619
f 1937/1967/3620 1941/1970/3620 1938/1968/3620
f 1941/1970/3621 1942/1971/3621 1938/1968/3621
f 1938/1968/3622 1942/1971/3622 189/800/3622
f 1942/1971/3623 188/802/3623 189/800/3623
f 167/1455/3624 1943/1956/3624 1939/1955/3624
f 1943/1956/3625 1944/1972/3625 1939/1955/3625
f 1939/1955/3626 1944/1972/3626 1940/1969/3626
f 1944/1972/3627 1945/1973/3627 1940/1969/3627
f 1940/1969/3628 1945/1973/3628 1941/1970/3628
f 1945/1973/3629 1946/1974/3629 1941/1970/3629
f 1941/1970/3630 1946/1974/3630 1942/1971/3630
f 1946/1974/3631 1947/1975/3631 1942/1971/3631
f 1942/1971/3632 1947/1975/3632 188/802/3632
f 1947/1975/3633 187/804/3633 188/802/3633
f 168/1454/3634 1948/1957/3634 1943/1956/3634
f 1948/1957/3635 1949/1976/3635 1943/1956/3635
f 1943/1956/3636 1949/1976/3636 1944/1972/3636
f 1949/1976/3637 1950/1977/3637 1944/1972/3637
f 1944/1972/3638 1950/1977/3638 1945/1973/3638
f 1950/1977/3639 1951/1978/3639 1945/1973/3639
f 1945/1973/3640 1951/1978/3640 1946/1974/3640
f 1951/1978/3641 1952/1979/3641 1946/1974/3641
f 1946/1974/3642 1952/1979/3642 1947/1975/3642
f 1952/1979/3643 1953/1980/3643 1947/1975/3643
f 1947/1975/3644 1953/1980/3644 187/804/3644
f 1953/1980/3645 186/806/3645 187/804/3645
f 169/1453/3646 1954/1958/3646 1948/1957/3646
f 1954/1958/3647 1955/1981/3647 1948/1957/3647
f 1948/1957/3648 1955/1981/3648 1949/1976/3648
f 1955/1981/3649 1956/1982/3649 1949/1976/3649
f 1949/1976/3650 1956/1982/3650 1950/1977/3650
f 1956/1982/3651 1957/1983/3651 1950/1977/3651
f 1950/1977/3652 1957/1983/3652 1951/1978/3652
f 1957/1983/3653 1958/1984/3653 1951/1978/3653
f 1951/1978/3654 1958/1984/3654 1952/1979/3654
f 1958/1984/3655 1959/1985/3655 1952/1979/3655
f 1952/1979/3656 1959/1985/3656 1953/1980/3656
f 1959/1985/3657 1960/1986/3657 1953/1980/3657
f 1953/1980/3658 1960/1986/3658 186/806/3658
f 1960/1986/3659 185/808/3659 186/806/3659
f 170/1452/3660 1961/1959/3660 1954/1958/3660
f 1961/1959/3661 1962/1987/3661 1954/1958/3661
f 1954/1958/3662 1962/1987/3662 1955/1981/3662
f 1962/1987/3663 1963/1988/3663 1955/1981/3663
f 1955/1981/3664 1963/1988/3664 1956/1982/3664
f 1963/1988/3665 1964/1989/3665 1956/1982/3665
f 1956/1982/3666 1964/1989/3666 1957/1983/3666
f 1964/1989/3667 1965/1990/3667 1957/1983/3667
f 1957/1983/3668 1965/1990/3668 1958/1984/3668
f 1965/1990/3669 1966/1991/3669 1958/1984/3669
f 1958/1984/3670 1966/1991/3670 1959/1985/3670
f 1966/1991/3671 1967/1992/3671 1959/1985/3671
f 1959/1985/3672 1967/1992/3672 1960/1986/3672
f 1967/1992/3673 1968/1993/3673 1960/1986/3673
f 1960/1986/3674 1968/1993/3674 185/808/3674
f 1968/1993/3675 184/810/3675 185/808/3675
f 171/1451/3676 1969/1960/3676 1961/1959/3676
f 1969/1960/3677 1970/1994/3677 1961/1959/3677
f 1961/1959/3678 1970/1994/3678 1962/1987/3678
f 1970/1994/3679 1971/1995/3679 1962/1987/3679
f 1962/1987/3680 1971/1995/3680 1963/1988/3680
f 1971/1995/3681 1972/1996/3681 1963/1988/3681
f 1963/1988/3682 1972/1996/3682 1964/1989/3682
f 1972/1996/3683 1973/1997/3683 1964/1989/3683
f 1964/1989/3684 1973/1997/3684 1965/1990/3684
f 1973/1997/3685 1974/1998/3685 1965/1990/3685
f 1965/1990/3686 1974/1998/3686 1966/1991/3686
f 1974/1998/3687 1975/1999/3687 1966/1991/3687
f 1966/1991/3688 1975/1999/3688 1967/1992/3688
f 1975/1999/3689 1976/2000/3689 1967/1992/3689
f 1967/1992/3690 1976/2000/3690 1968/1993/3690
f 1976/2000/3691 1977/2001/3691 1968/1993/3691
f 1968/1993/3692 1977/2001/3692 184/810/3692
f 1977/2001/3693 183/812/3693 184/810/3693
f 172/1450/3694 1978/1961/3694 1969/1960/3694
f 1978/1961/3695 1979/2002/3695 1969/1960/3695
f 1969/1960/3696 1979/2002/3696 1970/1994/3696
f 1979/2002/3697 1980/2003/3697 1970/1994/3697
f 1970/1994/3698 1980/2003/3698 1971/1995/3698
f 1980/2003/3699 1981/2004/3699 1971/1995/3699
f 1971/1995/3700 1981/2004/3700 1972/1996/3700
f 1981/2004/3701 1982/2005/3701 1972/1996/3701
f 1972/1996/3702 1982/2005/3702 1973/1997/3702
f 1982/2005/3703 1983/2006/3703 1973/1997/3703
f 1973/1997/3704 1983/2006/3704 1974/1998/3704
f 1983/2006/3705 1984/2007/3705 1974/1998/3705
f 1974/1998/3706 1984/2007/3706 1975/1999/3706
f 1984/2007/3707 1985/2008/3707 1975/1999/3707
f 1975/1999/3708 1985/2008/3708 1976/2000/3708
f 1985/2008/3709 1986/2009/3709 1976/2000/3709
f 1976/2000/3710 1986/2009/3710 1977/2001/3710
f 1986/2009/3711 1987/2010/3711 1977/2001/3711
f 1977/2001/3712 1987/2010/3712 183/812/3712
f 1987/2010/3713 182/814/3713 183/812/3713
f 173/1449/3714 1988/1962/3714 1978/1961/3714
f 1988/1962/3715 1989/2011/3715 1978/1961/3715
f 1978/1961/3716 1989/2011/3716 1979/2002/3716
f 1989/2011/3717 1990/2012/3717 1979/2002/3717
f 1979/2002/3718 1990/2012/3718 1980/2003/3718
f 1990/2012/3719 1991/2013/3719 1980/2003/3719
f 1980/2003/3720 1991/2013/3720 1981/2004/3720
f 1991/2013/3721 1992/2014/3721 1981/2004/3721
f 1981/2004/3722 1992/2014/3722 1982/2005/3722
f 1992/2014/3723 1993/2015/3723 1982/2005/3723
f 1982/2005/3724 1993/2015/3724 1983/2006/3724
f 1993/2015/3725 1994/2016/3725 1983/2006/3725
f 1983/2006/3726 1994/2016/3726 1984/2007/3726
f 1994/2016/3727 1995/2017/3727 1984/2007/3727
f 1984/2007/3728 1995/2017/3728 1985/2008/3728
f 1995/2017/3729 1996/2018/3729 1985/2008/3729
f 1985/2008/3730 1996/2018/3730 1986/2009/3730
f 1996/2018/3731 1997/2019/3731 1986/2009/3731
f 1986/2009/3732 1997/2019/3732 1987/2010/3732
f 1997/2019/3733 1998/2020/3733 1987/2010/3733
f 1987/2010/3734 1998/2020/3734 182/814/3734
f 1998/2020/3735 181/816/3735 182/814/3735
f 174/1448/3736 1999/1963/3736 1988/1962/3736
f 1999/1963/3737 2000/2021/3737 1988/1962/3737
f 1988/1962/3738 2000/2021/3738 1989/2011/3738
f 2000/2021/3739 2001/2022/3739 1989/2011/3739
f 1989/2011/3740 2001/2022/3740 1990/2012/3740
f 2001/2022/3741 2002/2023/3741 1990/2012/3741
f 1990/2012/3742 2002/2023/3742 1991/2013/3742
f 2002/2023/3743 2003/2024/3743 1991/2013/3743
f 1991/2013/3744 2003/2024/3744 1992/2014/3744
f 2003/2024/3745 2004/2025/3745 1992/2014/3745
f 1992/2014/3746 2004/2025/3746 1993/2015/3746
f 2004/2025/3747 2005/2026/3747 1993/2015/3747
f 1993/2015/3748 2005/2026/3748 1994/2016/3748
f 2005/2026/3749 2006/2027/3749 1994/2016/3749
f 1994/2016/3750 2006/2027/3750 1995/2017/3750
f 2006/2027/3751 2007/2028/3751 1995/2017/3751
f 1995/2017/3752 2007/2028/3752 1996/2018/3752
f 2007/2028/3753 2008/2029/3753 1996/2018/3753
f 1996/2018/3754 2008/2029/3754 1997/2019/3754
f 2008/2029/3755 2009/2030/3755 1997/2019/3755
f 1997/2019/3756 2009/2030/3756 1998/2020/3756
f 2009/2030/3757 2010/2031/3757 1998/2020/3757
f 1998/2020/3758 2010/2031/3758 181/816/3758
f 2010/2031/3759 180/818/3759 181/816/3759
f 175/1447/3760 2011/1964/3760 1999/1963/3760
f 2011/1964/3761 2012/2032/3761 1999/1963/3761
f 1999/1963/3762 2012/2032/3762 2000/2021/3762
f 2012/2032/3763 2013/2033/3763 2000/2021/3763
f 2000/2021/3764 2013/2033/3764 2001/2022/3764
f 2013/2033/3765 2014/2034/3765 2001/2022/3765
f 2001/2022/3766 2014/2034/3766 2002/2023/3766
f 2014/2034/3767 2015/2035/3767 2002/2023/3767
f 2002/2023/3768 2015/2035/3768 2003/2024/3768
f 2015/2035/3769 2016/2036/3769 2003/2024/3769
f 2003/2024/3770 2016/2036/3770 2004/2025/3770
f 2016/2036/3771 2017/2037/3771 2004/2025/3771
f 2004/2025/3772 2017/2037/3772 2005/2026/3772
f 2017/2037/3773 2018/2038/3773 2005/2026/3773
f 2005/2026/3774 2018/2038/3774 2006/2027/3774
f 2018/2038/3775 2019/2039/3775 2006/2027/3775
f 2006/2027/3776 2019/2039/3776 2007/2028/3776
f 2019/2039/3777 2020/2040/3777 2007/2028/3777
f 2007/2028/3778 2020/2040/3778 2008/2029/3778
f 2020/2040/3779 2021/2041/3779 2008/2029/3779
f 2008/2029/3780 2021/2041/3780 2009/2030/3780
f 2021/2041/3781 2022/2042/3781 2009/2030/3781
f 2009/2030/3782 2022/2042/3782 2010/2031/3782
f 2022/2042/3783 2023/2043/3783 2010/2031/3783
f 2010/2031/3784 2023/2043/3784 180/818/3784
f 2023/2043/3785 179/820/3785 180/818/3785
f 176/1446/3786 2024/1965/3786 2011/1964/3786
f 2024/1965/3787 2025/2044/3787 2011/1964/3787
f 2011/1964/3788 2025/2044/3788 2012/2032/3788
f 2025/2044/3789 2026/2045/3789 2012/2032/3789
f 2012/2032/3790 2026/2045/3790 2013/2033/3790
f 2026/2045/3791 2027/2046/3791 2013/2033/3791
f 2013/2033/3792 2027/2046/3792 2014/2034/3792
f 2027/2046/3793 2028/2047/3793 2014/2034/3793
f 2014/2034/3794 2028/2047/3794 2015/2035/3794
f 2028/2047/3795 2029/2048/3795 2015/2035/3795
f 2015/2035/3796 2029/2048/3796 2016/2036/3796
f 2029/2048/3797 2030/2049/3797 2016/2036/3797
f 2016/2036/3798 2030/2049/3798 2017/2037/3798
f 2030/2049/3799 2031/2050/3799 2017/2037/3799
f 2017/2037/3800 2031/2050/3800 2018/2038/3800
f 2031/2050/3801 2032/2051/3801 2018/2038/3801
f 2018/2038/3802 2032/2051/3802 2019/2039/3802
f 2032/2051/3803 2033/2052/3803 2019/2039/3803
f 2019/2039/3804 2033/2052/3804 2020/2040/3804
f 2033/2052/3805 2034/2053/3805 2020/2040/3805
f 2020/2040/3806 2034/2053/3806 2021/2041/3806
f 2034/2053/3807 2035/2054/3807 2021/2041/3807
f 2021/2041/3808 2035/2054/3808 2022/2042/3808
f 2035/2054/3809 2036/2055/3809 2022/2042/3809
f 2022/2042/3810 2036/2055/3810 2023/2043/3810
f 2036/2055/3811 2037/2056/3811 2023/2043/3811
f 2023/2043/3812 2037/2056/3812 179/820/3812
f 2037/2056/3813 178/33/3813 179/820/3813
f 177/16/3814 72/6/3814 2024/1965/3814
f 72/6/3815 71/2057/3815 2024/1965/3815
f 2024/1965/3816 71/2057/3816 2025/2044/3816
f 71/2057/3817 70/2058/3817 2025/2044/3817
f 2025/2044/3818 70/2058/3818 2026/2045/3818
f 70/2058/3819 69/2059/3819 2026/2045/3819
f 2026/2045/3820 69/2059/3820 2027/2046/3820
f 69/2059/3821 68/2060/3821 2027/2046/3821
f 2027/2046/3822 68/2060/3822 2028/2047/3822
f 68/2060/3823 67/2061/3823 2028/2047/3823
f 2028/2047/3824 67/2061/3824 2029/2048/3824
f 67/2061/3825 66/2062/3825 2029/2048/3825
f 2029/2048/3826 66/2062/3826 2030/2049/3826
f 66/2062/3827 65/2063/3827 2030/2049/3827
f 2030/2049/3828 65/2063/3828 2031/2050/3828
f 65/2063/3829 64/2064/3829 2031/2050/3829
f 2031/2050/3830 64/2064/3830 2032/2051/3830
f 64/2064/3831 63/2065/3831 2032/2051/3831
f 2032/2051/3832 63/2065/3832 2033/2052/3832
f 63/2065/3833 62/2066/3833 2033/2052/3833
f 2033/2052/3834 62/2066/3834 2034/2053/3834
f 62/2066/3835 61/2067/3835 2034/2053/3835
f 2034/2053/3836 61/2067/3836 2035/2054/3836
f 61/2067/3837 60/2068/3837 2035/2054/3837
f 2035/2054/3838 60/2068/3838 2036/2055/3838
f 60/2068/3839 59/2069/3839 2036/2055/3839
f 2036/2055/3840 59/2069/3840 2037/2056/3840
f 59/2069/3841 58/2070/3841 2037/2056/3841
f 2037/2056/3842 58/2070/3842 178/33/3842
f 58/2070/3843 6/26/3843 178/33/3843
f 87/2071/3844 162/27/3844 6/26/3844
f 86/2072/3845 2038/2073/3845 87/2071/3845
f 85/2074/3846 2039/2075/3846 86/2072/3846
f 84/2076/3847 2041/2077/3847 85/2074/3847
f 83/2078/3848 2044/2079/3848 84/2076/3848
f 82/2080/3849 2048/2081/3849 83/2078/3849
f 81/2082/3850 2053/2083/3850 82/2080/3850
f 80/2084/3851 2059/2085/3851 81/2082/3851
f 79/2086/3852 2066/2087/3852 80/2084/3852
f 78/2088/3853 2074/2089/3853 79/2086/3853
f 77/2090/3854 2083/2091/3854 78/2088/3854
f 76/2092/3855 2093/2093/3855 77/2090/3855
f 75/2094/3856 2104/2095/3856 76/2092/3856
f 74/2096/3857 2116/2097/3857 75/2094/3857
f 73/15/3858 2129/2098/3858 74/2096/3858
f 87/2071/3859 2038/2073/3859 162/27/3859
f 2038/2073/3860 161/1565/3860 162/27/3860
f 86/2072/3861 2039/2075/3861 2038/2073/3861
f 2039/2075/3862 2040/2099/3862 2038/2073/3862
f 2038/2073/3863 2040/2099/3863 161/1565/3863
f 2040/2099/3864 160/1566/3864 161/1565/3864
f 85/2074/3865 2041/2077/3865 2039/2075/3865
f 2041/2077/3866 2042/2100/3866 2039/2075/3866
f 2039/2075/3867 2042/2100/3867 2040/2099/3867
f 2042/2100/3868 2043/2101/3868 2040/2099/3868
f 2040/2099/3869 2043/2101/3869 160/1566/3869
f 2043/2101/3870 159/1567/3870 160/1566/3870
f 84/2076/3871 2044/2079/3871 2041/2077/3871
f 2044/2079/3872 2045/2102/3872 2041/2077/3872
f 2041/2077/3873 2045/2102/3873 2042/2100/3873
f 2045/2102/3874 2046/2103/3874 2042/2100/3874
f 2042/2100/3875 2046/2103/3875 2043/2101/3875
f 2046/2103/3876 2047/2104/3876 2043/2101/3876
f 2043/2101/3877 2047/2104/3877 159/1567/3877
f 2047/2104/3878 158/1568/3878 159/1567/3878
f 83/2078/3879 2048/2081/3879 2044/2079/3879
f 2048/2081/3880 2049/2105/3880 2044/2079/3880
f 2044/2079/3881 2049/2105/3881 2045/2102/3881
f 2049/2105/3882 2050/2106/3882 2045/2102/3882
f 2045/2102/3883 2050/2106/3883 2046/2103/3883
f 2050/2106/3884 2051/2107/3884 2046/2103/3884
f 2046/2103/3885 2051/2107/3885 2047/2104/3885
f 2051/2107/3886 2052/2108/3886 2047/2104/3886
f 2047/2104/3887 2052/2108/3887 158/1568/3887
f 2052/2108/3888 157/1569/3888 158/1568/3888
f 82/2080/3889 2053/2083/3889 2048/2081/3889
f 2053/2083/3890 2054/2109/3890 2048/2081/3890
f 2048/2081/3891 2054/2109/3891 2049/2105/3891
f 2054/2109/3892 2055/2110/3892 2049/2105/3892
f 2049/2105/3893 2055/2110/3893 2050/2106/3893
f 2055/2110/3894 2056/2111/3894 2050/2106/3894
f 2050/2106/3895 2056/2111/3895 2051/2107/3895
f 2056/2111/3896 2057/2112/3896 2051/2107/3896
f 2051/2107/3897 2057/2112/3897 2052/2108/3897
f 2057/2112/3898 2058/2113/3898 2052/2108/3898
f 2052/2108/3899 2058/2113/3899 157/1569/3899
f 2058/2113/3900 156/1570/3900 157/1569/3900
f 81/2082/3901 2059/2085/3901 2053/2083/3901
f 2059/2085/3902 2060/2114/3902 2053/2083/3902
f 2053/2083/3903 2060/2114/3903 2054/2109/3903
f 2060/2114/3904 2061/2115/3904 2054/2109/3904
f 2054/2109/3905 2061/2115/3905 2055/2110/3905
f 2061/2115/3906 2062/2116/3906 2055/2110/3906
f 2055/2110/3907 2062/2116/3907 2056/2111/3907
f 2062/2116/3908 2063/2117/3908 2056/2111/3908
f 2056/2111/3909 2063/2117/3909 2057/2112/3909
f 2063/2117/3910 2064/2118/3910 2057/2112/3910
f 2057/2112/3911 2064/2118/3911 2058/2113/3911
f 2064/2118/3912 2065/2119/3912 2058/2113/3912
f 2058/2113/3913 2065/2119/3913 156/1570/3913
f 2065/2119/3914 155/1571/3914 156/1570/3914
f 80/2084/3915 2066/2087/3915 2059/2085/3915
f 2066/2087/3916 2067/2120/3916 2059/2085/3916
f 2059/2085/3917 2067/2120/3917 2060/2114/3917
f 2067/2120/3918 2068/2121/3918 2060/2114/3918
f 2060/2114/3919 2068/2121/3919 2061/2115/3919
f 2068/2121/3920 2069/2122/3920 2061/2115/3920
f 2061/2115/3921 2069/2122/3921 2062/2116/3921
f 2069/2122/3922 2070/2123/3922 2062/2116/3922
f 2062/2116/3923 2070/2123/3923 2063/2117/3923
f 2070/2123/3924 2071/2124/3924 2063/2117/3924
f 2063/2117/3925 2071/2124/3925 2064/2118/3925
f 2071/2124/3926 2072/2125/3926 2064/2118/3926
f 2064/2118/3927 2072/2125/3927 2065/2119/3927
f 2072/2125/3928 2073/2126/3928 2065/2119/3928
f 2065/2119/3929 2073/2126/3929 155/1571/3929
f 2073/2126/3930 154/1572/3930 155/1571/3930
f 79/2086/3931 2074/2089/3931 2066/2087/3931
f 2074/2089/3932 2075/2127/3932 2066/2087/3932
f 2066/2087/3933 2075/2127/3933 2067/2120/3933
f 2075/2127/3934 2076/2128/3934 2067/2120/3934
f 2067/2120/3935 2076/2128/3935 2068/2121/3935
f 2076/2128/3936 2077/2129/3936 2068/2121/3936
f 2068/2121/3937 2077/2129/3937 2069/2122/3937
f 2077/2129/3938 2078/2130/3938 2069/2122/3938
f 2069/2122/3939 2078/2130/3939 2070/2123/3939
f 2078/2130/3940 2079/2131/3940 2070/2123/3940
f 2070/2123/3941 2079/2131/3941 2071/2124/3941
f 2079/2131/3942 2080/2132/3942 2071/2124/3942
f 2071/2124/3943 2080/2132/3943 2072/2125/3943
f 2080/2132/3944 2081/2133/3944 2072/2125/3944
f 2072/2125/3945 2081/2133/3945 2073/2126/3945
f 2081/2133/3946 2082/2134/3946 2073/2126/3946
f 2073/2126/3947 2082/2134/3947 154/1572/3947
f 2082/2134/3948 153/1573/3948 154/1572/3948
f 78/2088/3949 2083/2091/3949 2074/2089/3949
f 2083/2091/3950 2084/2135/3950 2074/2089/3950
f 2074/2089/3951 2084/2135/3951 2075/2127/3951
f 2084/2135/3952 2085/2136/3952 2075/2127/3952
f 2075/2127/3953 2085/2136/3953 2076/2128/3953
f 2085/2136/3954 2086/2137/3954 2076/2128/3954
f 2076/2128/3955 2086/2137/3955 2077/2129/3955
f 2086/2137/3956 2087/2138/3956 2077/2129/3956
f 2077/2129/3957 2087/2138/3957 2078/2130/3957
f 2087/2138/3958 2088/2139/3958 2078/2130/3958
f 2078/2130/3959 2088/2139/3959 2079/2131/3959
f 2088/2139/3960 2089/2140/3960 2079/2131/3960
f 2079/2131/3961 2089/2140/3961 2080/2132/3961
f 2089/2140/3962 2090/2141/3962 2080/2132/3962
f 2080/2132/3963 2090/2141/3963 2081/2133/3963
f 2090/2141/3964 2091/2142/3964 2081/2133/3964
f 2081/2133/3965 2091/2142/3965 2082/2134/3965
f 2091/2142/3966 2092/2143/3966 2082/2134/3966
f 2082/2134/3967 2092/2143/3967 153/1573/3967
f 2092/2143/3968 152/1574/3968 153/1573/3968
f 77/2090/3969 2093/2093/3969 2083/2091/3969
f 2093/2093/3970 2094/2144/3970 2083/2091/3970
f 2083/2091/3971 2094/2144/3971 2084/2135/3971
f 2094/2144/3972 2095/2145/3972 2084/2135/3972
f 2084/2135/3973 2095/2145/3973 2085/2136/3973
f 2095/2145/3974 2096/2146/3974 2085/2136/3974
f 2085/2136/3975 2096/2146/3975 2086/2137/3975
f 2096/2146/3976 2097/2147/3976 2086/2137/3976
f 2086/2137/3977 2097/2147/3977 2087/2138/3977
f 2097/2147/3978 2098/2148/3978 2087/2138/3978
f 2087/2138/3979 2098/2148/3979 2088/2139/3979
f 2098/2148/3980 2099/2149/3980 2088/2139/3980
f 2088/2139/3981 2099/2149/3981 2089/2140/3981
f 2099/2149/3982 2100/2150/3982 2089/2140/3982
f 2089/2140/3983 2100/2150/3983 2090/2141/3983
f 2100/2150/3984 2101/2151/3984 2090/2141/3984
f 2090/2141/3985 2101/2151/3985 2091/2142/3985
f 2101/2151/3986 2102/2152/3986 2091/2142/3986
f 2091/2142/3987 2102/2152/3987 2092/2143/3987
f 2102/2152/3988 2103/2153/3988 2092/2143/3988
f 2092/2143/3989 2103/2153/3989 152/1574/3989
f 2103/2153/3990 151/1575/3990 152/1574/3990
f 76/2092/3991 2104/2095/3991 2093/2093/3991
f 2104/2095/3992 2105/2154/3992 2093/2093/3992
f 2093/2093/3993 2105/2154/3993 2094/2144/3993
f 2105/2154/3994 2106/2155/3994 2094/2144/3994
f 2094/2144/3995 2106/2155/3995 2095/2145/3995
f 2106/2155/3996 2107/2156/3996 2095/2145/3996
f 2095/2145/3997 2107/2156/3997 2096/2146/3997
f 2107/2156/3998 2108/2157/3998 2096/2146/3998
f 2096/2146/3999 2108/2157/3999 2097/2147/3999
f 2108/2157/4000 2109/2158/4000 2097/2147/4000
f 2097/2147/4001 2109/2158/4001 2098/2148/4001
f 2109/2158/4002 2110/2159/4002 2098/2148/4002
f 2098/2148/4003 2110/2159/4003 2099/2149/4003
f 2110/2159/4004 2111/2160/4004 2099/2149/4004
f 2099/2149/4005 2111/2160/4005 2100/2150/4005
f 2111/2160/4006 2112/2161/4006 2100/2150/4006
f 2100/2150/4007 2112/2161/4007 2101/2151/4007
f 2112/2161/4008 2113/2162/4008 2101/2151/4008
f 2101/2151/4009 2113/2162/4009 2102/2152/4009
f 2113/2162/4010 2114/2163/4010 2102/2152/4010
f 2102/2152/4011 2114/2163/4011 2103/2153/4011
f 2114/2163/4012 2115/2164/4012 2103/2153/4012
f 2103/2153/4013 2115/2164/4013 151/1575/4013
f 2115/2164/4014 150/1576/4014 151/1575/4014
f 75/2094/4015 2116/2097/4015 2104/2095/4015
f 2116/2097/4016 2117/2165/4016 2104/2095/4016
f 2104/2095/4017 2117/2165/4017 2105/2154/4017
f 2117/2165/4018 2118/2166/4018 2105/2154/4018
f 2105/2154/4019 2118/2166/4019 2106/2155/4019
f 2118/2166/4020 2119/2167/4020 2106/2155/4020
f 2106/2155/4021 2119/2167/4021 2107/2156/4021
f 2119/2167/4022 2120/2168/4022 2107/2156/4022
f 2107/2156/4023 2120/2168/4023 2108/2157/4023
f 2120/2168/4024 2121/2169/4024 2108/2157/4024
f 2108/2157/4025 2121/2169/4025 2109/2158/4025
f 2121/2169/4026 2122/2170/4026 2109/2158/4026
f 2109/2158/4027 2122/2170/4027 2110/2159/4027
f 2122/2170/4028 2123/2171/4028 2110/2159/4028
f 2110/2159/4029 2123/2171/4029 2111/2160/4029
f 2123/2171/4030 2124/2172/4030 2111/2160/4030
f 2111/2160/4031 2124/2172/4031 2112/2161/4031
f 2124/2172/4032 2125/2173/4032 2112/2161/4032
f 2112/2161/4033 2125/2173/4033 2113/2162/4033
f 2125/2173/4034 2126/2174/4034 2113/2162/4034
f 2113/2162/4035 2126/2174/4035 2114/2163/4035
f 2126/2174/4036 2127/2175/4036 2114/2163/4036
f 2114/2163/4037 2127/2175/4037 2115/2164/4037
f 2127/2175/4038 2128/2176/4038 2115/2164/4038
f 2115/2164/4039 2128/2176/4039 150/1576/4039
f 2128/2176/4040 149/1577/4040 150/1576/4040
f 74/2096/4041 2129/2098/4041 2116/2097/4041
f 2129/2098/4042 2130/2177/4042 2116/2097/4042
f 2116/2097/4043 2130/2177/4043 2117/2165/4043
f 2130/2177/4044 2131/2178/4044 2117/2165/4044
f 2117/2165/4045 2131/2178/4045 2118/2166/4045
f 2131/2178/4046 2132/2179/4046 2118/2166/4046
f 2118/2166/4047 2132/2179/4047 2119/2167/4047
f 2132/2179/4048 2133/2180/4048 2119/2167/4048
f 2119/2167/4049 2133/2180/4049 2120/2168/4049
f 2133/2180/4050 2134/2181/4050 2120/2168/4050
f 2120/2168/4051 2134/2181/4051 2121/2169/4051
f 2134/2181/4052 2135/2182/4052 2121/2169/4052
f 2121/2169/4053 2135/2182/4053 2122/2170/4053
f 2135/2182/4054 2136/2183/4054 2122/2170/4054
f 2122/2170/4055 2136/2183/4055 2123/2171/4055
f 2136/2183/4056 2137/2184/4056 2123/2171/4056
f 2123/2171/4057 2137/2184/4057 2124/2172/4057
f 2137/2184/4058 2138/2185/4058 2124/2172/4058
f 2124/2172/4059 2138/2185/4059 2125/2173/4059
f 2138/2185/4060 2139/2186/4060 2125/2173/4060
f 2125/2173/4061 2139/2186/4061 2126/2174/4061
f 2139/2186/4062 2140/2187/4062 2126/2174/4062
f 2126/2174/4063 2140/2187/4063 2127/2175/4063
f 2140/2187/4064 2141/2188/4064 2127/2175/4064
f 2127/2175/4065 2141/2188/4065 2128/2176/4065
f 2141/2188/4066 2142/2189/4066 2128/2176/4066
f 2128/2176/4067 2142/2189/4067 149/1577/4067
f 2142/2189/4068 148/1578/4068 149/1577/4068
f 73/15/4069 132/14/4069 2129/2098/4069
f 132/14/4070 131/2190/4070 2129/2098/4070
f 2129/2098/4071 131/2190/4071 2130/2177/4071
f 131/2190/4072 130/2191/4072 2130/2177/4072
f 2130/2177/4073 130/2191/4073 2131/2178/4073
f 130/2191/4074 129/2192/4074 2131/2178/4074
f 2131/2178/4075 129/2192/4075 2132/2179/4075
f 129/2192/4076 128/2193/4076 2132/2179/4076
f 2132/2179/4077 128/2193/4077 2133/2180/4077
f 128/2193/4078 127/2194/4078 2133/2180/4078
f 2133/2180/4079 127/2194/4079 2134/2181/4079
f 127/2194/4080 126/2195/4080 2134/2181/4080
f 2134/2181/4081 126/2195/4081 2135/2182/4081
f 126/2195/4082 125/2196/4082 2135/2182/4082
f 2135/2182/4083 125/2196/4083 2136/2183/4083
f 125/2196/4084 124/2197/4084 2136/2183/4084
f 2136/2183/4085 124/2197/4085 2137/2184/4085
f 124/2197/4086 123/2198/4086 2137/2184/4086
f 2137/2184/4087 123/2198/4087 2138/2185/4087
f 123/2198/4088 122/2199/4088 2138/2185/4088
f 2138/2185/4089 122/2199/4089 2139/2186/4089
f 122/2199/4090 121/2200/4090 2139/2186/4090
f 2139/2186/4091 121/2200/4091 2140/2187/4091
f 121/2200/4092 120/2201/4092 2140/2187/4092
f 2140/2187/4093 120/2201/4093 2141/2188/4093
f 120/2201/4094 119/2202/4094 2141/2188/4094
f 2141/2188/4095 119/2202/4095 2142/2189/4095
f 119/2202/4096 118/2203/4096 2142/2189/4096
f 2142/2189/4097 118/2203/4097 148/1578/4097
f 118/2203/4098 5/23/4098 148/1578/4098
f 118/2204/4099 147/24/4099 5/23/4099
f 119/2205/4100 2143/2206/4100 118/2204/4100
f 120/2207/4101 2144/2208/4101 119/2205/4101
f 121/2209/4102 2146/2210/4102 120/2207/4102
f 122/2211/4103 2149/2212/4103 121/2209/4103
f 123/2213/4104 2153/2214/4104 122/2211/4104
f 124/2215/4105 2158/2216/4105 123/2213/4105
f 125/2217/4106 2164/2218/4106 124/2215/4106
f 126/2219/4107 2171/2220/4107 125/2217/4107
f 127/2221/4108 2179/2222/4108 126/2219/4108
f 128/2223/4109 2188/2224/4109 127/2221/4109
f 129/2225/4110 2198/2226/4110 128/2223/4110
f 130/2227/4111 2209/2228/4111 129/2225/4111
f 131/2229/4112 2221/2230/4112 130/2227/4112
f 132/12/4113 2234/2231/4113 131/2229/4113
f 118/2204/4114 2143/2206/4114 147/24/4114
f 2143/2206/4115 146/1684/4115 147/24/4115
f 119/2205/4116 2144/2208/4116 2143/2206/4116
f 2144/2208/4117 2145/2232/4117 2143/2206/4117
f 2143/2206/4118 2145/2232/4118 146/1684/4118
f 2145/2232/4119 145/1685/4119 146/1684/4119
f 120/2207/4120 2146/2210/4120 2144/2208/4120
f 2146/2210/4121 2147/2233/4121 2144/2208/4121
f 2144/2208/4122 2147/2233/4122 2145/2232/4122
f 2147/2233/4123 2148/2234/4123 2145/2232/4123
f 2145/2232/4124 2148/2234/4124 145/1685/4124
f 2148/2234/4125 144/1686/4125 145/1685/4125
f 121/2209/4126 2149/2212/4126 2146/2210/4126
f 2149/2212/4127 2150/2235/4127 2146/2210/4127
f 2146/2210/4128 2150/2235/4128 2147/2233/4128
f 2150/2235/4129 2151/2236/4129 2147/2233/4129
f 2147/2233/4130 2151/2236/4130 2148/2234/4130
f 2151/2236/4131 2152/2237/4131 2148/2234/4131
f 2148/2234/4132 2152/2237/4132 144/1686/4132
f 2152/2237/4133 143/1687/4133 144/1686/4133
f 122/2211/4134 2153/2214/4134 2149/2212/4134
f 2153/2214/4135 2154/2238/4135 2149/2212/4135
f 2149/2212/4136 2154/2238/4136 2150/2235/4136
f 2154/2238/4137 2155/2239/4137 2150/2235/4137
f 2150/2235/4138 2155/2239/4138 2151/2236/4138
f 2155/2239/4139 2156/2240/4139 2151/2236/4139
f 2151/2236/4140 2156/2240/4140 2152/2237/4140
f 2156/2240/4141 2157/2241/4141 2152/2237/4141
f 2152/2237/4142 2157/2241/4142 143/1687/4142
f 2157/2241/4143 142/1688/4143 143/1687/4143
f 123/2213/4144 2158/2216/4144 2153/2214/4144
f 2158/2216/4145 2159/2242/4145 2153/2214/4145
f 2153/2214/4146 2159/2242/4146 2154/2238/4146
f 2159/2242/4147 2160/2243/4147 2154/2238/4147
f 2154/2238/4148 2160/2243/4148 2155/2239/4148
f 2160/2243/4149 2161/2244/4149 2155/2239/4149
f 2155/2239/4150 2161/2244/4150 2156/2240/4150
f 2161/2244/4151 2162/2245/4151 2156/2240/4151
f 2156/2240/4152 2162/2245/4152 2157/2241/4152
f 2162/2245/4153 2163/2246/4153 2157/2241/4153
f 2157/2241/4154 2163/2246/4154 142/1688/4154
f 2163/2246/4155 141/1689/4155 142/1688/4155
f 124/2215/4156 2164/2218/4156 2158/2216/4156
f 2164/2218/4157 2165/2247/4157 2158/2216/4157
f 2158/2216/4158 2165/2247/4158 2159/2242/4158
f 2165/2247/4159 2166/2248/4159 2159/2242/4159
f 2159/2242/4160 2166/2248/4160 2160/2243/4160
f 2166/2248/4161 2167/2249/4161 2160/2243/4161
f 2160/2243/4162 2167/2249/4162 2161/2244/4162
f 2167/2249/4163 2168/2250/4163 2161/2244/4163
f 2161/2244/4164 2168/2250/4164 2162/2245/4164
f 2168/2250/4165 2169/2251/4165 2162/2245/4165
f 2162/2245/4166 2169/2251/4166 2163/2246/4166
f 2169/2251/4167 2170/2252/4167 2163/2246/4167
f 2163/2246/4168 2170/2252/4168 141/1689/4168
f 2170/2252/4169 140/1690/4169 141/1689/4169
f 125/2217/4170 2171/2220/4170 2164/2218/4170
f 2171/2220/4171 2172/2253/4171 2164/2218/4171
f 2164/2218/4172 2172/2253/4172 2165/2247/4172
f 2172/2253/4173 2173/2254/4173 2165/2247/4173
f 2165/2247/4174 2173/2254/4174 2166/2248/4174
f 2173/2254/4175 2174/2255/4175 2166/2248/4175
f 2166/2248/4176 2174/2255/4176 2167/2249/4176
f 2174/2255/4177 2175/2256/4177 2167/2249/4177
f 2167/2249/4178 2175/2256/4178 2168/2250/4178
f 2175/2256/4179 2176/2257/4179 2168/2250/4179
f 2168/2250/4180 2176/2257/4180 2169/2251/4180
f 2176/2257/4181 2177/2258/4181 2169/2251/4181
f 2169/2251/4182 2177/2258/4182 2170/2252/4182
f 2177/2258/4183 2178/2259/4183 2170/2252/4183
f 2170/2252/4184 2178/2259/4184 140/1690/4184
f 2178/2259/4185 139/1691/4185 140/1690/4185
f 126/2219/4186 2179/2222/4186 2171/2220/4186
f 2179/2222/4187 2180/2260/4187 2171/2220/4187
f 2171/2220/4188 2180/2260/4188 2172/2253/4188
f 2180/2260/4189 2181/2261/4189 2172/2253/4189
f 2172/2253/4190 2181/2261/4190 2173/2254/4190
f 2181/2261/4191 2182/2262/4191 2173/2254/4191
f 2173/2254/4192 2182/2262/4192 2174/2255/4192
f 2182/2262/4193 2183/2263/4193 2174/2255/4193
f 2174/2255/4194 2183/2263/4194 2175/2256/4194
f 2183/2263/4195 2184/2264/4195 2175/2256/4195
f 2175/2256/4196 2184/2264/4196 2176/2257/4196
f 2184/2264/4197 2185/2265/4197 2176/2257/4197
f 2176/2257/4198 2185/2265/4198 2177/2258/4198
f 2185/2265/4199 2186/2266/4199 2177/2258/4199
f 2177/2258/4200 2186/2266/4200 2178/2259/4200
f 2186/2266/4201 2187/2267/4201 2178/2259/4201
f 2178/2259/4202 2187/2267/4202 139/1691/4202
f 2187/2267/4203 138/1692/4203 139/1691/4203
f 127/2221/4204 2188/2224/4204 2179/2222/4204
f 2188/2224/4205 2189/2268/4205 2179/2222/4205
f 2179/2222/4206 2189/2268/4206 2180/2260/4206
f 2189/2268/4207 2190/2269/4207 2180/2260/4207
f 2180/2260/4208 2190/2269/4208 2181/2261/4208
f 2190/2269/4209 2191/2270/4209 2181/2261/4209
f 2181/2261/4210 2191/2270/4210 2182/2262/4210
f 2191/2270/4211 2192/2271/4211 2182/2262/4211
f 2182/2262/4212 2192/2271/4212 2183/2263/4212
f 2192/2271/4213 2193/2272/4213 2183/2263/4213
f 2183/2263/4214 2193/2272/4214 2184/2264/4214
f 2193/2272/4215 2194/2273/4215 2184/2264/4215
f 2184/2264/4216 2194/2273/4216 2185/2265/4216
f 2194/2273/4217 2195/2274/4217 2185/2265/4217
f 2185/2265/4218 2195/2274/4218 2186/2266/4218
f 2195/2274/4219 2196/2275/4219 2186/2266/4219
f 2186/2266/4220 2196/2275/4220 2187/2267/4220
f 2196/2275/4221 2197/2276/4221 2187/2267/4221
f 2187/2267/4222 2197/2276/4222 138/1692/4222
f 2197/2276/4223 137/1693/4223 138/1692/4223
f 128/2223/4224 2198/2226/4224 2188/2224/4224
f 2198/2226/4225 2199/2277/4225 2188/2224/4225
f 2188/2224/4226 2199/2277/4226 2189/2268/4226
f 2199/2277/4227 2200/2278/4227 2189/2268/4227
f 2189/2268/4228 2200/2278/4228 2190/2269/4228
f 2200/2278/4229 2201/2279/4229 2190/2269/4229
f 2190/2269/4230 2201/2279/4230 2191/2270/4230
f 2201/2279/4231 2202/2280/4231 2191/2270/4231
f 2191/2270/4232 2202/2280/4232 2192/2271/4232
f 2202/2280/4233 2203/2281/4233 2192/2271/4233
f 2192/2271/4234 2203/2281/4234 2193/2272/4234
f 2203/2281/4235 2204/2282/4235 2193/2272/4235
f 2193/2272/4236 2204/2282/4236 2194/2273/4236
f 2204/2282/4237 2205/2283/4237 2194/2273/4237
f 2194/2273/4238 2205/2283/4238 2195/2274/4238
f 2205/2283/4239 2206/2284/4239 2195/2274/4239
f 2195/2274/4240 2206/2284/4240 2196/2275/4240
f 2206/2284/4241 2207/2285/4241 2196/2275/4241
f 2196/2275/4242 2207/2285/4242 2197/2276/4242
f 2207/2285/4243 2208/2286/4243 2197/2276/4243
f 2197/2276/4244 2208/2286/4244 137/1693/4244
f 2208/2286/4245 136/1694/4245 137/1693/4245
f 129/2225/4246 2209/2228/4246 2198/2226/4246
f 2209/2228/4247 2210/2287/4247 2198/2226/4247
f 2198/2226/4248 2210/2287/4248 2199/2277/4248
f 2210/2287/4249 2211/2288/4249 2199/2277/4249
f 2199/2277/4250 2211/2288/4250 2200/2278/4250
f 2211/2288/4251 2212/2289/4251 2200/2278/4251
f 2200/2278/4252 2212/2289/4252 2201/2279/4252
f 2212/2289/4253 2213/2290/4253 2201/2279/4253
f 2201/2279/4254 2213/2290/4254 2202/2280/4254
f 2213/2290/4255 2214/2291/4255 2202/2280/4255
f 2202/2280/4256 2214/2291/4256 2203/2281/4256
f 2214/2291/4257 2215/2292/4257 2203/2281/4257
f 2203/2281/4258 2215/2292/4258 2204/2282/4258
f 2215/2292/4259 2216/2293/4259 2204/2282/4259
f 2204/2282/4260 2216/2293/4260 2205/2283/4260
f 2216/2293/4261 2217/2294/4261 2205/2283/4261
f 2205/2283/4262 2217/2294/4262 2206/2284/4262
f 2217/2294/4263 2218/2295/4263 2206/2284/4263
f 2206/2284/4264 2218/2295/4264 2207/2285/4264
f 2218/2295/4265 2219/2296/4265 2207/2285/4265
f 2207/2285/4266 2219/2296/4266 2208/2286/4266
f 2219/2296/4267 2220/2297/4267 2208/2286/4267
f 2208/2286/4268 2220/2297/4268 136/1694/4268
f 2220/2297/4269 135/1695/4269 136/1694/4269
f 130/2227/4270 2221/2230/4270 2209/2228/4270
f 2221/2230/4271 2222/2298/4271 2209/2228/4271
f 2209/2228/4272 2222/2298/4272 2210/2287/4272
f 2222/2298/4273 2223/2299/4273 2210/2287/4273
f 2210/2287/4274 2223/2299/4274 2211/2288/4274
f 2223/2299/4275 2224/2300/4275 2211/2288/4275
f 2211/2288/4276 2224/2300/4276 2212/2289/4276
f 2224/2300/4277 2225/2301/4277 2212/2289/4277
f 2212/2289/4278 2225/2301/4278 2213/2290/4278
f 2225/2301/4279 2226/2302/4279 2213/2290/4279
f 2213/2290/4280 2226/2302/4280 2214/2291/4280
f 2226/2302/4281 2227/2303/4281 2214/2291/4281
f 2214/2291/4282 2227/2303/4282 2215/2292/4282
f 2227/2303/4283 2228/2304/4283 2215/2292/4283
f 2215/2292/4284 2228/2304/4284 2216/2293/4284
f 2228/2304/4285 2229/2305/4285 2216/2293/4285
f 2216/2293/4286 2229/2305/4286 2217/2294/4286
f 2229/2305/4287 2230/2306/4287 2217/2294/4287
f 2217/2294/4288 2230/2306/4288 2218/2295/4288
f 2230/2306/4289 2231/2307/4289 2218/2295/4289
f 2218/2295/4290 2231/2307/4290 2219/2296/4290
f 2231/2307/4291 2232/2308/4291 2219/2296/4291
f 2219/2296/4292 2232/2308/4292 2220/2297/4292
f 2232/2308/4293 2233/2309/4293 2220/2297/4293
f 2220/2297/4294 2233/2309/4294 135/1695/4294
f 2233/2309/4295 134/1696/4295 135/1695/4295
f 131/2229/4296 2234/2231/4296 2221/2230/4296
f 2234/2231/4297 2235/2310/4297 2221/2230/4297
f 2221/2230/4298 2235/2310/4298 2222/2298/4298
f 2235/2310/4299 2236/2311/4299 2222/2298/4299
f 2222/2298/4300 2236/2311/4300 2223/2299/4300
f 2236/2311/4301 2237/2312/4301 2223/2299/4301
f 2223/2299/4302 2237/2312/4302 2224/2300/4302
f 2237/2312/4303 2238/2313/4303 2224/2300/4303
f 2224/2300/4304 2238/2313/4304 2225/2301/4304
f 2238/2313/4305 2239/2314/4305 2225/2301/4305
f 2225/2301/4306 2239/2314/4306 2226/2302/4306
f 2239/2314/4307 2240/2315/4307 2226/2302/4307
f 2226/2302/4308 2240/2315/4308 2227/2303/4308
f 2240/2315/4309 2241/2316/4309 2227/2303/4309
f 2227/2303/4310 2241/2316/4310 2228/2304/4310
f 2241/2316/4311 2242/2317/4311 2228/2304/4311
f 2228/2304/4312 2242/2317/4312 2229/2305/4312
f 2242/2317/4313 2243/2318/4313 2229/2305/4313
f 2229/2305/4314 2243/2318/4314 2230/2306/4314
f 2243/2318/4315 2244/2319/4315 2230/2306/4315
f 2230/2306/4316 2244/2319/4316 2231/2307/4316
f 2244/2319/4317 2245/2320/4317 2231/2307/4317
f 2231/2307/4318 2245/2320/4318 2232/2308/4318
f 2245/2320/4319 2246/2321/4319 2232/2308/4319
f 2232/2308/4320 2246/2321/4320 2233/2309/4320
f 2246/2321/4321 2247/2322/4321 2233/2309/4321
f 2233/2309/4322 2247/2322/4322 134/1696/4322
f 2247/2322/4323 133/1697/4323 134/1696/4323
f 132/12/4324 102/11/4324 2234/2231/4324
f 102/11/4325 101/2323/4325 2234/2231/4325
f 2234/2231/4326 101/2323/4326 2235/2310/4326
f 101/2323/4327 100/2324/4327 2235/2310/4327
f 2235/2310/4328 100/2324/4328 2236/2311/4328
f 100/2324/4329 99/2325/4329 2236/2311/4329
f 2236/2311/4330 99/2325/4330 2237/2312/4330
f 99/2325/4331 98/2326/4331 2237/2312/4331
f 2237/2312/4332 98/2326/4332 2238/2313/4332
f 98/2326/4333 97/2327/4333 2238/2313/4333
f 2238/2313/4334 97/2327/4334 2239/2314/4334
f 97/2327/4335 96/2328/4335 2239/2314/4335
f 2239/2314/4336 96/2328/4336 2240/2315/4336
f 96/2328/4337 95/2329/4337 2240/2315/4337
f 2240/2315/4338 95/2329/4338 2241/2316/4338
f 95/2329/4339 94/2330/4339 2241/2316/4339
f 2241/2316/4340 94/2330/4340 2242/2317/4340
f 94/2330/4341 93/2331/4341 2242/2317/4341
f 2242/2317/4342 93/2331/4342 2243/2318/4342
f 93/2331/4343 92/2332/4343 2243/2318/4343
f 2243/2318/4344 92/2332/4344 2244/2319/4344
f 92/2332/4345 91/2333/4345 2244/2319/4345
f 2244/2319/4346 91/2333/4346 2245/2320/4346
f 91/2333/4347 90/2334/4347 2245/2320/4347
f 2245/2320/4348 90/2334/4348 2246/2321/4348
f 90/2334/4349 89/2335/4349 2246/2321/4349
f 2246/2321/4350 89/2335/4350 2247/2322/4350
f 89/2335/4351 88/2336/4351 2247/2322/4351
f 2247/2322/4352 88/2336/4352 133/1697/4352
f 88/2336/4353 4/20/4353 133/1697/4353
f 88/2337/4354 117/21/4354 4/20/4354
f 89/2338/4355 2248/2339/4355 88/2337/4355
f 90/2340/4356 2249/2341/4356 89/2338/4356
f 91/2342/4357 2251/2343/4357 90/2340/4357
f 92/2344/4358 2254/2345/4358 91/2342/4358
f 93/2346/4359 2258/2347/4359 92/2344/4359
f 94/2348/4360 2263/2349/4360 93/2346/4360
f 95/2350/4361 2269/2351/4361 94/2348/4361
f 96/2352/4362 2276/2353/4362 95/2350/4362
f 97/2354/4363 2284/2355/4363 96/2352/4363
f 98/2356/4364 2293/2357/4364 97/2354/4364
f 99/2358/4365 2303/2359/4365 98/2356/4365
f 100/2360/4366 2314/2361/4366 99/2358/4366
f 101/2362/4367 2326/2363/4367 100/2360/4367
f 102/9/4368 2339/2364/4368 101/2362/4368
f 88/2337/4369 2248/2339/4369 117/21/4369
f 2248/2339/4370 116/1818/4370 117/21/4370
f 89/2338/4371 2249/2341/4371 2248/2339/4371
f 2249/2341/4372 2250/2365/4372 2248/2339/4372
f 2248/2339/4373 2250/2365/4373 116/1818/4373
f 2250/2365/4374 115/1819/4374 116/1818/4374
f 90/2340/4375 2251/2343/4375 2249/2341/4375
f 2251/2343/4376 2252/2366/4376 2249/2341/4376
f 2249/2341/4377 2252/2366/4377 2250/2365/4377
f 2252/2366/4378 2253/2367/4378 2250/2365/4378
f 2250/2365/4379 2253/2367/4379 115/1819/4379
f 2253/2367/4380 114/1820/4380 115/1819/4380
f 91/2342/4381 2254/2345/4381 2251/2343/4381
f 2254/2345/4382 2255/2368/4382 2251/2343/4382
f 2251/2343/4383 2255/2368/4383 2252/2366/4383
f 2255/2368/4384 2256/2369/4384 2252/2366/4384
f 2252/2366/4385 2256/2369/4385 2253/2367/4385
f 2256/2369/4386 2257/2370/4386 2253/2367/4386
f 2253/2367/4387 2257/2370/4387 114/1820/4387
f 2257/2370/4388 113/1821/4388 114/1820/4388
f 92/2344/4389 2258/2347/4389 2254/2345/4389
f 2258/2347/4390 2259/2371/4390 2254/2345/4390
f 2254/2345/4391 2259/2371/4391 2255/2368/4391
f 2259/2371/4392 2260/2372/4392 2255/2368/4392
f 2255/2368/4393 2260/2372/4393 2256/2369/4393
f 2260/2372/4394 2261/2373/4394 2256/2369/4394
f 2256/2369/4395 2261/2373/4395 2257/2370/4395
f 2261/2373/4396 2262/2374/4396 2257/2370/4396
f 2257/2370/4397 2262/2374/4397 113/1821/4397
f 2262/2374/4398 112/1822/4398 113/1821/4398
f 93/2346/4399 2263/2349/4399 2258/2347/4399
f 2263/2349/4400 2264/2375/4400 2258/2347/4400
f 2258/2347/4401 2264/2375/4401 2259/2371/4401
f 2264/2375/4402 2265/2376/4402 2259/2371/4402
f 2259/2371/4403 2265/2376/4403 2260/2372/4403
f 2265/2376/4404 2266/2377/4404 2260/2372/4404
f 2260/2372/4405 2266/2377/4405 2261/2373/4405
f 2266/2377/4406 2267/2378/4406 2261/2373/4406
f 2261/2373/4407 2267/2378/4407 2262/2374/4407
f 2267/2378/4408 2268/2379/4408 2262/2374/4408
f 2262/2374/4409 2268/2379/4409 112/1822/4409
f 2268/2379/4410 111/1823/4410 112/1822/4410
f 94/2348/4411 2269/2351/4411 2263/2349/4411
f 2269/2351/4412 2270/2380/4412 2263/2349/4412
f 2263/2349/4413 2270/2380/4413 2264/2375/4413
f 2270/2380/4414 2271/2381/4414 2264/2375/4414
f 2264/2375/4415 2271/2381/4415 2265/2376/4415
f 2271/2381/4416 2272/2382/4416 2265/2376/4416
f 2265/2376/4417 2272/2382/4417 2266/2377/4417
f 2272/2382/4418 2273/2383/4418 2266/2377/4418
f 2266/2377/4419 2273/2383/4419 2267/2378/4419
f 2273/2383/4420 2274/2384/4420 2267/2378/4420
f 2267/2378/4421 2274/2384/4421 2268/2379/4421
f 2274/2384/4422 2275/2385/4422 2268/2379/4422
f 2268/2379/4423 2275/2385/4423 111/1823/4423
f 2275/2385/4424 110/1824/4424 111/1823/4424
f 95/2350/4425 2276/2353/4425 2269/2351/4425
f 2276/2353/4426 2277/2386/4426 2269/2351/4426
f 2269/2351/4427 2277/2386/4427 2270/2380/4427
f 2277/2386/4428 2278/2387/4428 2270/2380/4428
f 2270/2380/4429 2278/2387/4429 2271/2381/4429
f 2278/2387/4430 2279/2388/4430 2271/2381/4430
f 2271/2381/4431 2279/2388/4431 2272/2382/4431
f 2279/2388/4432 2280/2389/4432 2272/2382/4432
f 2272/2382/4433 2280/2389/4433 2273/2383/4433
f 2280/2389/4434 2281/2390/4434 2273/2383/4434
f 2273/2383/4435 2281/2390/4435 2274/2384/4435
f 2281/2390/4436 2282/2391/4436 2274/2384/4436
f 2274/2384/4437 2282/2391/4437 2275/2385/4437
f 2282/2391/4438 2283/2392/4438 2275/2385/4438
f 2275/2385/4439 2283/2392/4439 110/1824/4439
f 2283/2392/4440 109/1825/4440 110/1824/4440
f 96/2352/4441 2284/2355/4441 2276/2353/4441
f 2284/2355/4442 2285/2393/4442 2276/2353/4442
f 2276/2353/4443 2285/2393/4443 2277/2386/4443
f 2285/2393/4444 2286/2394/4444 2277/2386/4444
f 2277/2386/4445 2286/2394/4445 2278/2387/4445
f 2286/2394/4446 2287/2395/4446 2278/2387/4446
f 2278/2387/4447 2287/2395/4447 2279/2388/4447
f 2287/2395/4448 2288/2396/4448 2279/2388/4448
f 2279/2388/4449 2288/2396/4449 2280/2389/4449
f 2288/2396/4450 2289/2397/4450 2280/2389/4450
f 2280/2389/4451 2289/2397/4451 2281/2390/4451
f 2289/2397/4452 2290/2398/4452 2281/2390/4452
f 2281/2390/4453 2290/2398/4453 2282/2391/4453
f 2290/2398/4454 2291/2399/4454 2282/2391/4454
f 2282/2391/4455 2291/2399/4455 2283/2392/4455
f 2291/2399/4456 2292/2400/4456 2283/2392/4456
f 2283/2392/4457 2292/2400/4457 109/1825/4457
f 2292/2400/4458 108/1826/4458 109/1825/4458
f 97/2354/4459 2293/2357/4459 2284/2355/4459
f 2293/2357/4460 2294/2401/4460 2284/2355/4460
f 2284/2355/4461 2294/2401/4461 2285/2393/4461
f 2294/2401/4462 2295/2402/4462 2285/2393/4462
f 2285/2393/4463 2295/2402/4463 2286/2394/4463
f 2295/2402/4464 2296/2403/4464 2286/2394/4464
f 2286/2394/4465 2296/2403/4465 2287/2395/4465
f 2296/2403/4466 2297/2404/4466 2287/2395/4466
f 2287/2395/4467 2297/2404/4467 2288/2396/4467
f 2297/2404/4468 2298/2405/4468 2288/2396/4468
f 2288/2396/4469 2298/2405/4469 2289/2397/4469
f 2298/2405/4470 2299/2406/4470 2289/2397/4470
f 2289/2397/4471 2299/2406/4471 2290/2398/4471
f 2299/2406/4472 2300/2407/4472 2290/2398/4472
f 2290/2398/4473 2300/2407/4473 2291/2399/4473
f 2300/2407/4474 2301/2408/4474 2291/2399/4474
f 2291/2399/4475 2301/2408/4475 2292/2400/4475
f 2301/2408/4476 2302/2409/4476 2292/2400/4476
f 2292/2400/4477 2302/2409/4477 108/1826/4477
f 2302/2409/4478 107/1827/4478 108/1826/4478
f 98/2356/4479 2303/2359/4479 2293/2357/4479
f 2303/2359/4480 2304/2410/4480 2293/2357/4480
f 2293/2357/4481 2304/2410/4481 2294/2401/4481
f 2304/2410/4482 2305/2411/4482 2294/2401/4482
f 2294/2401/4483 2305/2411/4483 2295/2402/4483
f 2305/2411/4484 2306/2412/4484 2295/2402/4484
f 2295/2402/4485 2306/2412/4485 2296/2403/4485
f 2306/2412/4486 2307/2413/4486 2296/2403/4486
f 2296/2403/4487 2307/2413/4487 2297/2404/4487
f 2307/2413/4488 2308/2414/4488 2297/2404/4488
f 2297/2404/4489 2308/2414/4489 2298/2405/4489
f 2308/2414/4490 2309/2415/4490 2298/2405/4490
f 2298/2405/4491 2309/2415/4491 2299/2406/4491
f 2309/2415/4492 2310/2416/4492 2299/2406/4492
f 2299/2406/4493 2310/2416/4493 2300/2407/4493
f 2310/2416/4494 2311/2417/4494 2300/2407/4494
f 2300/2407/4495 2311/2417/4495 2301/2408/4495
f 2311/2417/4496 2312/2418/4496 2301/2408/4496
f 2301/2408/4497 2312/2418/4497 2302/2409/4497
f 2312/2418/4498 2313/2419/4498 2302/2409/4498
f 2302/2409/4499 2313/2419/4499 107/1827/4499
f 2313/2419/4500 106/1828/4500 107/1827/4500
f 99/2358/4501 2314/2361/4501 2303/2359/4501
f 2314/2361/4502 2315/2420/4502 2303/2359/4502
f 2303/2359/4503 2315/2420/4503 2304/2410/4503
f 2315/2420/4504 2316/2421/4504 2304/2410/4504
f 2304/2410/4505 2316/2421/4505 2305/2411/4505
f 2316/2421/4506 2317/2422/4506 2305/2411/4506
f 2305/2411/4507 2317/2422/4507 2306/2412/4507
f 2317/2422/4508 2318/2423/4508 2306/2412/4508
f 2306/2412/4509 2318/2423/4509 2307/2413/4509
f 2318/2423/4510 2319/2424/4510 2307/2413/4510
f 2307/2413/4511 2319/2424/4511 2308/2414/4511
f 2319/2424/4512 2320/2425/4512 2308/2414/4512
f 2308/2414/4513 2320/2425/4513 2309/2415/4513
f 2320/2425/4514 2321/2426/4514 2309/2415/4514
f 2309/2415/4515 2321/2426/4515 2310/2416/4515
f 2321/2426/4516 2322/2427/4516 2310/2416/4516
f 2310/2416/4517 2322/2427/4517 2311/2417/4517
f 2322/2427/4518 2323/2428/4518 2311/2417/4518
f 2311/2417/4519 2323/2428/4519 2312/2418/4519
f 2323/2428/4520 2324/2429/4520 2312/2418/4520
f 2312/2418/4521 2324/2429/4521 2313/2419/4521
f 2324/2429/4522 2325/2430/4522 2313/2419/4522
f 2313/2419/4523 2325/2430/4523 106/1828/4523
f 2325/2430/4524 105/1829/4524 106/1828/4524
f 100/2360/4525 2326/2363/4525 2314/2361/4525
f 2326/2363/4526 2327/2431/4526 2314/2361/4526
f 2314/2361/4527 2327/2431/4527 2315/2420/4527
f 2327/2431/4528 2328/2432/4528 2315/2420/4528
f 2315/2420/4529 2328/2432/4529 2316/2421/4529
f 2328/2432/4530 2329/2433/4530 2316/2421/4530
f 2316/2421/4531 2329/2433/4531 2317/2422/4531
f 2329/2433/4532 2330/2434/4532 2317/2422/4532
f 2317/2422/4533 2330/2434/4533 2318/2423/4533
f 2330/2434/4534 2331/2435/4534 2318/2423/4534
f 2318/2423/4535 2331/2435/4535 2319/2424/4535
f 2331/2435/4536 2332/2436/4536 2319/2424/4536
f 2319/2424/4537 2332/2436/4537 2320/2425/4537
f 2332/2436/4538 2333/2437/4538 2320/2425/4538
f 2320/2425/4539 2333/2437/4539 2321/2426/4539
f 2333/2437/4540 2334/2438/4540 2321/2426/4540
f 2321/2426/4541 2334/2438/4541 2322/2427/4541
f 2334/2438/4542 2335/2439/4542 2322/2427/4542
f 2322/2427/4543 2335/2439/4543 2323/2428/4543
f 2335/2439/4544 2336/2440/4544 2323/2428/4544
f 2323/2428/4545 2336/2440/4545 2324/2429/4545
f 2336/2440/4546 2337/2441/4546 2324/2429/4546
f 2324/2429/4547 2337/2441/4547 2325/2430/4547
f 2337/2441/4548 2338/2442/4548 2325/2430/4548
f 2325/2430/4549 2338/2442/4549 105/1829/4549
f 2338/2442/4550 104/1830/4550 105/1829/4550
f 101/2362/4551 2339/2364/4551 2326/2363/4551
f 2339/2364/4552 2340/2443/4552 2326/2363/4552
f 2326/2363/4553 2340/2443/4553 2327/2431/4553
f 2340/2443/4554 2341/2444/4554 2327/2431/4554
f 2327/2431/4555 2341/2444/4555 2328/2432/4555
f 2341/2444/4556 2342/2445/4556 2328/2432/4556
f 2328/2432/4557 2342/2445/4557 2329/2433/4557
f 2342/2445/4558 2343/2446/4558 2329/2433/4558
f 2329/2433/4559 2343/2446/4559 2330/2434/4559
f 2343/2446/4560 2344/2447/4560 2330/2434/4560
f 2330/2434/4561 2344/2447/4561 2331/2435/4561
f 2344/2447/4562 2345/2448/4562 2331/2435/4562
f 2331/2435/4563 2345/2448/4563 2332/2436/4563
f 2345/2448/4564 2346/2449/4564 2332/2436/4564
f 2332/2436/4565 2346/2449/4565 2333/2437/4565
f 2346/2449/4566 2347/2450/4566 2333/2437/4566
f 2333/2437/4567 2347/2450/4567 2334/2438/4567
f 2347/2450/4568 2348/2451/4568 2334/2438/4568
f 2334/2438/4569 2348/2451/4569 2335/2439/4569
f 2348/2451/4570 2349/2452/4570 2335/2439/4570
f 2335/2439/4571 2349/2452/4571 2336/2440/4571
f 2349/2452/4572 2350/2453/4572 2336/2440/4572
f 2336/2440/4573 2350/2453/4573 2337/2441/4573
f 2350/2453/4574 2351/2454/4574 2337/2441/4574
f 2337/2441/4575 2351/2454/4575 2338/2442/4575
f 2351/2454/4576 2352/2455/4576 2338/2442/4576
f 2338/2442/4577 2352/2455/4577 104/1830/4577
f 2352/2455/4578 103/1831/4578 104/1830/4578
f 102/9/4579 27/8/4579 2339/2364/4579
f 27/8/4580 26/2456/4580 2339/2364/4580
f 2339/2364/4581 26/2456/4581 2340/2443/4581
f 26/2456/4582 25/2457/4582 2340/2443/4582
f 2340/2443/4583 25/2457/4583 2341/2444/4583
f 25/2457/4584 24/2458/4584 2341/2444/4584
f 2341/2444/4585 24/2458/4585 2342/2445/4585
f 24/2458/4586 23/2459/4586 2342/2445/4586
f 2342/2445/4587 23/2459/4587 2343/2446/4587
f 23/2459/4588 22/2460/4588 2343/2446/4588
f 2343/2446/4589 22/2460/4589 2344/2447/4589
f 22/2460/4590 21/2461/4590 2344/2447/4590
f 2344/2447/4591 21/2461/4591 2345/2448/4591
f 21/2461/4592 20/2462/4592 2345/2448/4592
f 2345/2448/4593 20/2462/4593 2346/2449/4593
f 20/2462/4594 19/2463/4594 2346/2449/4594
f 2346/2449/4595 19/2463/4595 2347/2450/4595
f 19/2463/4596 18/2464/4596 2347/2450/4596
f 2347/2450/4597 18/2464/4597 2348/2451/4597
f 18/2464/4598 17/2465/4598 2348/2451/4598
f 2348/2451/4599 17/2465/4599 2349/2452/4599
f 17/2465/4600 16/2466/4600 2349/2452/4600
f 2349/2452/4601 16/2466/4601 2350/2453/4601
f 16/2466/4602 15/2467/4602 2350/2453/4602
f 2350/2453/4603 15/2467/4603 2351/2454/4603
f 15/2467/4604 14/2468/4604 2351/2454/4604
f 2351/2454/4605 14/2468/4605 2352/2455/4605
f 14/2468/4606 13/2469/4606 2352/2455/4606
f 2352/2455/4607 13/2469/4607 103/1831/4607
f 13/2469/4608 3/1832/4608 103/1831/4608
f 58/2070/4609 87/2470/4609 6/26/4609
f 59/2069/4610 2353/2471/4610 58/2070/4610
f 60/2068/4611 2354/2472/4611 59/2069/4611
f 61/2067/4612 2356/2473/4612 60/2068/4612
f 62/2066/4613 2359/2474/4613 61/2067/4613
f 63/2065/4614 2363/2475/4614 62/2066/4614
f 64/2064/4615 2368/2476/4615 63/2065/4615
f 65/2063/4616 2374/2477/4616 64/2064/4616
f 66/2062/4617 2381/2478/4617 65/2063/4617
f 67/2061/4618 2389/2479/4618 66/2062/4618
f 68/2060/4619 2398/2480/4619 67/2061/4619
f 69/2059/4620 2408/2481/4620 68/2060/4620
f 70/2058/4621 2419/2482/4621 69/2059/4621
f 71/2057/4622 2431/2483/4622 70/2058/4622
f 72/6/4623 2444/2484/4623 71/2057/4623
f 58/2070/4624 2353/2471/4624 87/2470/4624
f 2353/2471/4625 86/2485/4625 87/2470/4625
f 59/2069/4626 2354/2472/4626 2353/2471/4626
f 2354/2472/4627 2355/2486/4627 2353/2471/4627
f 2353/2471/4628 2355/2486/4628 86/2485/4628
f 2355/2486/4629 85/2487/4629 86/2485/4629
f 60/2068/4630 2356/2473/4630 2354/2472/4630
f 2356/2473/4631 2357/2488/4631 2354/2472/4631
f 2354/2472/4632 2357/2488/4632 2355/2486/4632
f 2357/2488/4633 2358/2489/4633 2355/2486/4633
f 2355/2486/4634 2358/2489/4634 85/2487/4634
f 2358/2489/4635 84/2490/4635 85/2487/4635
f 61/2067/4636 2359/2474/4636 2356/2473/4636
f 2359/2474/4637 2360/2491/4637 2356/2473/4637
f 2356/2473/4638 2360/2491/4638 2357/2488/4638
f 2360/2491/4639 2361/2492/4639 2357/2488/4639
f 2357/2488/4640 2361/2492/4640 2358/2489/4640
f 2361/2492/4641 2362/2493/4641 2358/2489/4641
f 2358/2489/4642 2362/2493/4642 84/2490/4642
f 2362/2493/4643 83/2494/4643 84/2490/4643
f 62/2066/4644 2363/2475/4644 2359/2474/4644
f 2363/2475/4645 2364/2495/4645 2359/2474/4645
f 2359/2474/4646 2364/2495/4646 2360/2491/4646
f 2364/2495/4647 2365/2496/4647 2360/2491/4647
f 2360/2491/4648 2365/2496/4648 2361/2492/4648
f 2365/2496/4649 2366/2497/4649 2361/2492/4649
f 2361/2492/4650 2366/2497/4650 2362/2493/4650
f 2366/2497/4651 2367/2498/4651 2362/2493/4651
f 2362/2493/4652 2367/2498/4652 83/2494/4652
f 2367/2498/4653 82/2499/4653 83/2494/4653
f 63/2065/4654 2368/2476/4654 2363/2475/4654
f 2368/2476/4655 2369/2500/4655 2363/2475/4655
f 2363/2475/4656 2369/2500/4656 2364/2495/4656
f 2369/2500/4657 2370/2501/4657 2364/2495/4657
f 2364/2495/4658 2370/2501/4658 2365/2496/4658
f 2370/2501/4659 2371/2502/4659 2365/2496/4659
f 2365/2496/4660 2371/2502/4660 2366/2497/4660
f 2371/2502/4661 2372/2503/4661 2366/2497/4661
f 2366/2497/4662 2372/2503/4662 2367/2498/4662
f 2372/2503/4663 2373/2504/4663 2367/2498/4663
f 2367/2498/4664 2373/2504/4664 82/2499/4664
f 2373/2504/4665 81/2505/4665 82/2499/4665
f 64/2064/4666 2374/2477/4666 2368/2476/4666
f 2374/2477/4667 2375/2506/4667 2368/2476/4667
f 2368/2476/4668 2375/2506/4668 2369/2500/4668
f 2375/2506/4669 2376/2507/4669 2369/2500/4669
f 2369/2500/4670 2376/2507/4670 2370/2501/4670
f 2376/2507/4671 2377/2508/4671 2370/2501/4671
f 2370/2501/4672 2377/2508/4672 2371/2502/4672
f 2377/2508/4673 2378/2509/4673 2371/2502/4673
f 2371/2502/4674 2378/2509/4674 2372/2503/4674
f 2378/2509/4675 2379/2510/4675 2372/2503/4675
f 2372/2503/4676 2379/2510/4676 2373/2504/4676
f 2379/2510/4677 2380/2511/4677 2373/2504/4677
f 2373/2504/4678 2380/2511/4678 81/2505/4678
f 2380/2511/4679 80/2512/4679 81/2505/4679
f 65/2063/4680 2381/2478/4680 2374/2477/4680
f 2381/2478/4681 2382/2513/4681 2374/2477/4681
f 2374/2477/4682 2382/2513/4682 2375/2506/4682
f 2382/2513/4683 2383/2514/4683 2375/2506/4683
f 2375/2506/4684 2383/2514/4684 2376/2507/4684
f 2383/2514/4685 2384/2515/4685 2376/2507/4685
f 2376/2507/4686 2384/2515/4686 2377/2508/4686
f 2384/2515/4687 2385/2516/4687 2377/2508/4687
f 2377/2508/4688 2385/2516/4688 2378/2509/4688
f 2385/2516/4689 2386/2517/4689 2378/2509/4689
f 2378/2509/4690 2386/2517/4690 2379/2510/4690
f 2386/2517/4691 2387/2518/4691 2379/2510/4691
f 2379/2510/4692 2387/2518/4692 2380/2511/4692
f 2387/2518/4693 2388/2519/4693 2380/2511/4693
f 2380/2511/4694 2388/2519/4694 80/2512/4694
f 2388/2519/4695 79/2520/4695 80/2512/4695
f 66/2062/4696 2389/2479/4696 2381/2478/4696
f 2389/2479/4697 2390/2521/4697 2381/2478/4697
f 2381/2478/4698 2390/2521/4698 2382/2513/4698
f 2390/2521/4699 2391/2522/4699 2382/2513/4699
f 2382/2513/4700 2391/2522/4700 2383/2514/4700
f 2391/2522/4701 2392/2523/4701 2383/2514/4701
f 2383/2514/4702 2392/2523/4702 2384/2515/4702
f 2392/2523/4703 2393/2524/4703 2384/2515/4703
f 2384/2515/4704 2393/2524/4704 2385/2516/4704
f 2393/2524/4705 2394/2525/4705 2385/2516/4705
f 2385/2516/4706 2394/2525/4706 2386/2517/4706
f 2394/2525/4707 2395/2526/4707 2386/2517/4707
f 2386/2517/4708 2395/2526/4708 2387/2518/4708
f 2395/2526/4709 2396/2527/4709 2387/2518/4709
f 2387/2518/4710 2396/2527/4710 2388/2519/4710
f 2396/2527/4711 2397/2528/4711 2388/2519/4711
f 2388/2519/4712 2397/2528/4712 79/2520/4712
f 2397/2528/4713 78/2529/4713 79/2520/4713
f 67/2061/4714 2398/2480/4714 2389/2479/4714
f 2398/2480/4715 2399/2530/4715 2389/2479/4715
f 2389/2479/4716 2399/2530/4716 2390/2521/4716
f 2399/2530/4717 2400/2531/4717 2390/2521/4717
f 2390/2521/4718 2400/2531/4718 2391/2522/4718
f 2400/2531/4719 2401/2532/4719 2391/2522/4719
f 2391/2522/4720 2401/2532/4720 2392/2523/4720
f 2401/2532/4721 2402/2533/4721 2392/2523/4721
f 2392/2523/4722 2402/2533/4722 2393/2524/4722
f 2402/2533/4723 2403/2534/4723 2393/2524/4723
f 2393/2524/4724 2403/2534/4724 2394/2525/4724
f 2403/2534/4725 2404/2535/4725 2394/2525/4725
f 2394/2525/4726 2404/2535/4726 2395/2526/4726
f 2404/2535/4727 2405/2536/4727 2395/2526/4727
f 2395/2526/4728 2405/2536/4728 2396/2527/4728
f 2405/2536/4729 2406/2537/4729 2396/2527/4729
f 2396/2527/4730 2406/2537/4730 2397/2528/4730
f 2406/2537/4731 2407/2538/4731 2397/2528/4731
f 2397/2528/4732 2407/2538/4732 78/2529/4732
f 2407/2538/4733 77/2539/4733 78/2529/4733
f 68/2060/4734 2408/2481/4734 2398/2480/4734
f 2408/2481/4735 2409/2540/4735 2398/2480/4735
f 2398/2480/4736 2409/2540/4736 2399/2530/4736
f 2409/2540/4737 2410/2541/4737 2399/2530/4737
f 2399/2530/4738 2410/2541/4738 2400/2531/4738
f 2410/2541/4739 2411/2542/4739 2400/2531/4739
f 2400/2531/4740 2411/2542/4740 2401/2532/4740
f 2411/2542/4741 2412/2543/4741 2401/2532/4741
f 2401/2532/4742 2412/2543/4742 2402/2533/4742
f 2412/2543/4743 2413/2544/4743 2402/2533/4743
f 2402/2533/4744 2413/2544/4744 2403/2534/4744
f 2413/2544/4745 2414/2545/4745 2403/2534/4745
f 2403/2534/4746 2414/2545/4746 2404/2535/4746
f 2414/2545/4747 2415/2546/4747 2404/2535/4747
f 2404/2535/4748 2415/2546/4748 2405/2536/4748
f 2415/2546/4749 2416/2547/4749 2405/2536/4749
f 2405/2536/4750 2416/2547/4750 2406/2537/4750
f 2416/2547/4751 2417/2548/4751 2406/2537/4751
f 2406/2537/4752 2417/2548/4752 2407/2538/4752
f 2417/2548/4753 2418/2549/4753 2407/2538/4753
f 2407/2538/4754 2418/2549/4754 77/2539/4754
f 2418/2549/4755 76/2550/4755 77/2539/4755
f 69/2059/4756 2419/2482/4756 2408/2481/4756
f 2419/2482/4757 2420/2551/4757 2408/2481/4757
f 2408/2481/4758 2420/2551/4758 2409/2540/4758
f 2420/2551/4759 2421/2552/4759 2409/2540/4759
f 2409/2540/4760 2421/2552/4760 2410/2541/4760
f 2421/2552/4761 2422/2553/4761 2410/2541/4761
f 2410/2541/4762 2422/2553/4762 2411/2542/4762
f 2422/2553/4763 2423/2554/4763 2411/2542/4763
f 2411/2542/4764 2423/2554/4764 2412/2543/4764
f 2423/2554/4765 2424/2555/4765 2412/2543/4765
f 2412/2543/4766 2424/2555/4766 2413/2544/4766
f 2424/2555/4767 2425/2556/4767 2413/2544/4767
f 2413/2544/4768 2425/2556/4768 2414/2545/4768
f 2425/2556/4769 2426/2557/4769 2414/2545/4769
f 2414/2545/4770 2426/2557/4770 2415/2546/4770
f 2426/2557/4771 2427/2558/4771 2415/2546/4771
f 2415/2546/4772 2427/2558/4772 2416/2547/4772
f 2427/2558/4773 2428/2559/4773 2416/2547/4773
f 2416/2547/4774 2428/2559/4774 2417/2548/4774
f 2428/2559/4775 2429/2560/4775 2417/2548/4775
f 2417/2548/4776 2429/2560/4776 2418/2549/4776
f 2429/2560/4777 2430/2561/4777 2418/2549/4777
f 2418/2549/4778 2430/2561/4778 76/2550/4778
f 2430/2561/4779 75/2562/4779 76/2550/4779
f 70/2058/4780 2431/2483/4780 2419/2482/4780
f 2431/2483/4781 2432/2563/4781 2419/2482/4781
f 2419/2482/4782 2432/2563/4782 2420/2551/4782
f 2432/2563/4783 2433/2564/4783 2420/2551/4783
f 2420/2551/4784 2433/2564/4784 2421/2552/4784
f 2433/2564/4785 2434/2565/4785 2421/2552/4785
f 2421/2552/4786 2434/2565/4786 2422/2553/4786
f 2434/2565/4787 2435/2566/4787 2422/2553/4787
f 2422/2553/4788 2435/2566/4788 2423/2554/4788
f 2435/2566/4789 2436/2567/4789 2423/2554/4789
f 2423/2554/4790 2436/2567/4790 2424/2555/4790
f 2436/2567/4791 2437/2568/4791 2424/2555/4791
f 2424/2555/4792 2437/2568/4792 2425/2556/4792
f 2437/2568/4793 2438/2569/4793 2425/2556/4793
f 2425/2556/4794 2438/2569/4794 2426/2557/4794
f 2438/2569/4795 2439/2570/4795 2426/2557/4795
f 2426/2557/4796 2439/2570/4796 2427/2558/4796
f 2439/2570/4797 2440/2571/4797 2427/2558/4797
f 2427/2558/4798 2440/2571/4798 2428/2559/4798
f 2440/2571/4799 2441/2572/4799 2428/2559/4799
f 2428/2559/4800 2441/2572/4800 2429/2560/4800
f 2441/2572/4801 2442/2573/4801 2429/2560/4801
f 2429/2560/4802 2442/2573/4802 2430/2561/4802
f 2442/2573/4803 2443/2574/4803 2430/2561/4803
f 2430/2561/4804 2443/2574/4804 75/2562/4804
f 2443/2574/4805 74/2575/4805 75/2562/4805
f 71/2057/4806 2444/2484/4806 2431/2483/4806
f 2444/2484/4807 2445/2576/4807 2431/2483/4807
f 2431/2483/4808 2445/2576/4808 2432/2563/4808
f 2445/2576/4809 2446/2577/4809 2432/2563/4809
f 2432/2563/4810 2446/2577/4810 2433/2564/4810
f 2446/2577/4811 2447/2578/4811 2433/2564/4811
f 2433/2564/4812 2447/2578/4812 2434/2565/4812
f 2447/2578/4813 2448/2579/4813 2434/2565/4813
f 2434/2565/4814 2448/2579/4814 2435/2566/4814
f 2448/2579/4815 2449/2580/4815 2435/2566/4815
f 2435/2566/4816 2449/2580/4816 2436/2567/4816
f 2449/2580/4817 2450/2581/4817 2436/2567/4817
f 2436/2567/4818 2450/2581/4818 2437/2568/4818
f 2450/2581/4819 2451/2582/4819 2437/2568/4819
f 2437/2568/4820 2451/2582/4820 2438/2569/4820
f 2451/2582/4821 2452/2583/4821 2438/2569/4821
f 2438/2569/4822 2452/2583/4822 2439/2570/4822
f 2452/2583/4823 2453/2584/4823 2439/2570/4823
f 2439/2570/4824 2453/2584/4824 2440/2571/4824
f 2453/2584/4825 2454/2585/4825 2440/2571/4825
f 2440/2571/4826 2454/2585/4826 2441/2572/4826
f 2454/2585/4827 2455/2586/4827 2441/2572/4827
f 2441/2572/4828 2455/2586/4828 2442/2573/4828
f 2455/2586/4829 2456/2587/4829 2442/2573/4829
f 2442/2573/4830 2456/2587/4830 2443/2574/4830
f 2456/2587/4831 2457/2588/4831 2443/2574/4831
f 2443/2574/4832 2457/2588/4832 74/2575/4832
f 2457/2588/4833 73/2589/4833 74/2575/4833
f 72/6/4834 42/5/4834 2444/2484/4834
f 42/5/4835 41/2590/4835 2444/2484/4835
f 2444/2484/4836 41/2590/4836 2445/2576/4836
f 41/2590/4837 40/2591/4837 2445/2576/4837
f 2445/2576/4838 40/2591/4838 2446/2577/4838
f 40/2591/4839 39/2592/4839 2446/2577/4839
f 2446/2577/4840 39/2592/4840 2447/2578/4840
f 39/2592/4841 38/2593/4841 2447/2578/4841
f 2447/2578/4842 38/2593/4842 2448/2579/4842
f 38/2593/4843 37/2594/4843 2448/2579/4843
f 2448/2579/4844 37/2594/4844 2449/2580/4844
f 37/2594/4845 36/2595/4845 2449/2580/4845
f 2449/2580/4846 36/2595/4846 2450/2581/4846
f 36/2595/4847 35/2596/4847 2450/2581/4847
f 2450/2581/4848 35/2596/4848 2451/2582/4848
f 35/2596/4849 34/2597/4849 2451/2582/4849
f 2451/2582/4850 34/2597/4850 2452/2583/4850
f 34/2597/4851 33/2598/4851 2452/2583/4851
f 2452/2583/4852 33/2598/4852 2453/2584/4852
f 33/2598/4853 32/2599/4853 2453/2584/4853
f 2453/2584/4854 32/2599/4854 2454/2585/4854
f 32/2599/4855 31/2600/4855 2454/2585/4855
f 2454/2585/4856 31/2600/4856 2455/2586/4856
f 31/2600/4857 30/2601/4857 2455/2586/4857
f 2455/2586/4858 30/2601/4858 2456/2587/4858
f 30/2601/4859 29/2602/4859 2456/2587/4859
f 2456/2587/4860 29/2602/4860 2457/2588/4860
f 29/2602/4861 28/2603/4861 2457/2588/4861
f 2457/2588/4862 28/2603/4862 73/2589/4862
f 28/2603/4863 1/2604/4863 73/2589/4863
f 13/2605/4864 57/18/4864 3/17/4864
f 14/2606/4865 2458/2607/4865 13/2605/4865
f 15/2608/4866 2459/2609/4866 14/2606/4866
f 16/2610/4867 2461/2611/4867 15/2608/4867
f 17/2612/4868 2464/2613/4868 16/2610/4868
f 18/2614/4869 2468/2615/4869 17/2612/4869
f 19/2616/4870 2473/2617/4870 18/2614/4870
f 20/2618/4871 2479/2619/4871 19/2616/4871
f 21/2620/4872 2486/2621/4872 20/2618/4872
f 22/2622/4873 2494/2623/4873 21/2620/4873
f 23/2624/4874 2503/2625/4874 22/2622/4874
f 24/2626/4875 2513/2627/4875 23/2624/4875
f 25/2628/4876 2524/2629/4876 24/2626/4876
f 26/2630/4877 2536/2631/4877 25/2628/4877
f 27/3/4878 2549/2632/4878 26/2630/4878
f 13/2605/4879 2458/2607/4879 57/18/4879
f 2458/2607/4880 56/1938/4880 57/18/4880
f 14/2606/4881 2459/2609/4881 2458/2607/4881
f 2459/2609/4882 2460/2633/4882 2458/2607/4882
f 2458/2607/4883 2460/2633/4883 56/1938/4883
f 2460/2633/4884 55/1939/4884 56/1938/4884
f 15/2608/4885 2461/2611/4885 2459/2609/4885
f 2461/2611/4886 2462/2634/4886 2459/2609/4886
f 2459/2609/4887 2462/2634/4887 2460/2633/4887
f 2462/2634/4888 2463/2635/4888 2460/2633/4888
f 2460/2633/4889 2463/2635/4889 55/1939/4889
f 2463/2635/4890 54/1940/4890 55/1939/4890
f 16/2610/4891 2464/2613/4891 2461/2611/4891
f 2464/2613/4892 2465/2636/4892 2461/2611/4892
f 2461/2611/4893 2465/2636/4893 2462/2634/4893
f 2465/2636/4894 2466/2637/4894 2462/2634/4894
f 2462/2634/4895 2466/2637/4895 2463/2635/4895
f 2466/2637/4896 2467/2638/4896 2463/2635/4896
f 2463/2635/4897 2467/2638/4897 54/1940/4897
f 2467/2638/4898 53/1941/4898 54/1940/4898
f 17/2612/4899 2468/2615/4899 2464/2613/4899
f 2468/2615/4900 2469/2639/4900 2464/2613/4900
f 2464/2613/4901 2469/2639/4901 2465/2636/4901
f 2469/2639/4902 2470/2640/4902 2465/2636/4902
f 2465/2636/4903 2470/2640/4903 2466/2637/4903
f 2470/2640/4904 2471/2641/4904 2466/2637/4904
f 2466/2637/4905 2471/2641/4905 2467/2638/4905
f 2471/2641/4906 2472/2642/4906 2467/2638/4906
f 2467/2638/4907 2472/2642/4907 53/1941/4907
f 2472/2642/4908 52/1942/4908 53/1941/4908
f 18/2614/4909 2473/2617/4909 2468/2615/4909
f 2473/2617/4910 2474/2643/4910 2468/2615/4910
f 2468/2615/4911 2474/2643/4911 2469/2639/4911
f 2474/2643/4912 2475/2644/4912 2469/2639/4912
f 2469/2639/4913 2475/2644/4913 2470/2640/4913
f 2475/2644/4914 2476/2645/4914 2470/2640/4914
f 2470/2640/4915 2476/2645/4915 2471/2641/4915
f 2476/2645/4916 2477/2646/4916 2471/2641/4916
f 2471/2641/4917 2477/2646/4917 2472/2642/4917
f 2477/2646/4918 2478/2647/4918 2472/2642/4918
f 2472/2642/4919 2478/2647/4919 52/1942/4919
f 2478/2647/4920 51/1943/4920 52/1942/4920
f 19/2616/4921 2479/2619/4921 2473/2617/4921
f 2479/2619/4922 2480/2648/4922 2473/2617/4922
f 2473/2617/4923 2480/2648/4923 2474/2643/4923
f 2480/2648/4924 2481/2649/4924 2474/2643/4924
f 2474/2643/4925 2481/2649/4925 2475/2644/4925
f 2481/2649/4926 2482/2650/4926 2475/2644/4926
f 2475/2644/4927 2482/2650/4927 2476/2645/4927
f 2482/2650/4928 2483/2651/4928 2476/2645/4928
f 2476/2645/4929 2483/2651/4929 2477/2646/4929
f 2483/2651/4930 2484/2652/4930 2477/2646/4930
f 2477/2646/4931 2484/2652/4931 2478/2647/4931
f 2484/2652/4932 2485/2653/4932 2478/2647/4932
f 2478/2647/4933 2485/2653/4933 51/1943/4933
f 2485/2653/4934 50/1944/4934 51/1943/4934
f 20/2618/4935 2486/2621/4935 2479/2619/4935
f 2486/2621/4936 2487/2654/4936 2479/2619/4936
f 2479/2619/4937 2487/2654/4937 2480/2648/4937
f 2487/2654/4938 2488/2655/4938 2480/2648/4938
f 2480/2648/4939 2488/2655/4939 2481/2649/4939
f 2488/2655/4940 2489/2656/4940 2481/2649/4940
f 2481/2649/4941 2489/2656/4941 2482/2650/4941
f 2489/2656/4942 2490/2657/4942 2482/2650/4942
f 2482/2650/4943 2490/2657/4943 2483/2651/4943
f 2490/2657/4944 2491/2658/4944 2483/2651/4944
f 2483/2651/4945 2491/2658/4945 2484/2652/4945
f 2491/2658/4946 2492/2659/4946 2484/2652/4946
f 2484/2652/4947 2492/2659/4947 2485/2653/4947
f 2492/2659/4948 2493/2660/4948 2485/2653/4948
f 2485/2653/4949 2493/2660/4949 50/1944/4949
f 2493/2660/4950 49/1945/4950 50/1944/4950
f 21/2620/4951 2494/2623/4951 2486/2621/4951
f 2494/2623/4952 2495/2661/4952 2486/2621/4952
f 2486/2621/4953 2495/2661/4953 2487/2654/4953
f 2495/2661/4954 2496/2662/4954 2487/2654/4954
f 2487/2654/4955 2496/2662/4955 2488/2655/4955
f 2496/2662/4956 2497/2663/4956 2488/2655/4956
f 2488/2655/4957 2497/2663/4957 2489/2656/4957
f 2497/2663/4958 2498/2664/4958 2489/2656/4958
f 2489/2656/4959 2498/2664/4959 2490/2657/4959
f 2498/2664/4960 2499/2665/4960 2490/2657/4960
f 2490/2657/4961 2499/2665/4961 2491/2658/4961
f 2499/2665/4962 2500/2666/4962 2491/2658/4962
f 2491/2658/4963 2500/2666/4963 2492/2659/4963
f 2500/2666/4964 2501/2667/4964 2492/2659/4964
f 2492/2659/4965 2501/2667/4965 2493/2660/4965
f 2501/2667/4966 2502/2668/4966 2493/2660/4966
f 2493/2660/4967 2502/2668/4967 49/1945/4967
f 2502/2668/4968 48/1946/4968 49/1945/4968
f 22/2622/4969 2503/2625/4969 2494/2623/4969
f 2503/2625/4970 2504/2669/4970 2494/2623/4970
f 2494/2623/4971 2504/2669/4971 2495/2661/4971
f 2504/2669/4972 2505/2670/4972 2495/2661/4972
f 2495/2661/4973 2505/2670/4973 2496/2662/4973
f 2505/2670/4974 2506/2671/4974 2496/2662/4974
f 2496/2662/4975 2506/2671/4975 2497/2663/4975
f 2506/2671/4976 2507/2672/4976 2497/2663/4976
f 2497/2663/4977 2507/2672/4977 2498/2664/4977
f 2507/2672/4978 2508/2673/4978 2498/2664/4978
f 2498/2664/4979 2508/2673/4979 2499/2665/4979
f 2508/2673/4980 2509/2674/4980 2499/2665/4980
f 2499/2665/4981 2509/2674/4981 2500/2666/4981
f 2509/2674/4982 2510/2675/4982 2500/2666/4982
f 2500/2666/4983 2510/2675/4983 2501/2667/4983
f 2510/2675/4984 2511/2676/4984 2501/2667/4984
f 2501/2667/4985 2511/2676/4985 2502/2668/4985
f 2511/2676/4986 2512/2677/4986 2502/2668/4986
f 2502/2668/4987 2512/2677/4987 48/1946/4987
f 2512/2677/4988 47/1947/4988 48/1946/4988
f 23/2624/4989 2513/2627/4989 2503/2625/4989
f 2513/2627/4990 2514/2678/4990 2503/2625/4990
f 2503/2625/4991 2514/2678/4991 2504/2669/4991
f 2514/2678/4992 2515/2679/4992 2504/2669/4992
f 2504/2669/4993 2515/2679/4993 2505/2670/4993
f 2515/2679/4994 2516/2680/4994 2505/2670/4994
f 2505/2670/4995 2516/2680/4995 2506/2671/4995
f 2516/2680/4996 2517/2681/4996 2506/2671/4996
f 2506/2671/4997 2517/2681/4997 2507/2672/4997
f 2517/2681/4998 2518/2682/4998 2507/2672/4998
f 2507/2672/4999 2518/2682/4999 2508/2673/4999
f 2518/2682/5000 2519/2683/5000 2508/2673/5000
f 2508/2673/5001 2519/2683/5001 2509/2674/5001
f 2519/2683/5002 2520/2684/5002 2509/2674/5002
f 2509/2674/5003 2520/2684/5003 2510/2675/5003
f 2520/2684/5004 2521/2685/5004 2510/2675/5004
f 2510/2675/5005 2521/2685/5005 2511/2676/5005
f 2521/2685/5006 2522/2686/5006 2511/2676/5006
f 2511/2676/5007 2522/2686/5007 2512/2677/5007
f 2522/2686/5008 2523/2687/5008 2512/2677/5008
f 2512/2677/5009 2523/2687/5009 47/1947/5009
f 2523/2687/5010 46/1948/5010 47/1947/5010
f 24/2626/5011 2524/2629/5011 2513/2627/5011
f 2524/2629/5012 2525/2688/5012 2513/2627/5012
f 2513/2627/5013 2525/2688/5013 2514/2678/5013
f 2525/2688/5014 2526/2689/5014 2514/2678/5014
f 2514/2678/5015 2526/2689/5015 2515/2679/5015
f 2526/2689/5016 2527/2690/5016 2515/2679/5016
f 2515/2679/5017 2527/2690/5017 2516/2680/5017
f 2527/2690/5018 2528/2691/5018 2516/2680/5018
f 2516/2680/5019 2528/2691/5019 2517/2681/5019
f 2528/2691/5020 2529/2692/5020 2517/2681/5020
f 2517/2681/5021 2529/2692/5021 2518/2682/5021
f 2529/2692/5022 2530/2693/5022 2518/2682/5022
f 2518/2682/5023 2530/2693/5023 2519/2683/5023
f 2530/2693/5024 2531/2694/5024 2519/2683/5024
f 2519/2683/5025 2531/2694/5025 2520/2684/5025
f 2531/2694/5026 2532/2695/5026 2520/2684/5026
f 2520/2684/5027 2532/2695/5027 2521/2685/5027
f 2532/2695/5028 2533/2696/5028 2521/2685/5028
f 2521/2685/5029 2533/2696/5029 2522/2686/5029
f 2533/2696/5030 2534/2697/5030 2522/2686/5030
f 2522/2686/5031 2534/2697/5031 2523/2687/5031
f 2534/2697/5032 2535/2698/5032 2523/2687/5032
f 2523/2687/5033 2535/2698/5033 46/1948/5033
f 2535/2698/5034 45/1949/5034 46/1948/5034
f 25/2628/5035 2536/2631/5035 2524/2629/5035
f 2536/2631/5036 2537/2699/5036 2524/2629/5036
f 2524/2629/5037 2537/2699/5037 2525/2688/5037
f 2537/2699/5038 2538/2700/5038 2525/2688/5038
f 2525/2688/5039 2538/2700/5039 2526/2689/5039
f 2538/2700/5040 2539/2701/5040 2526/2689/5040
f 2526/2689/5041 2539/2701/5041 2527/2690/5041
f 2539/2701/5042 2540/2702/5042 2527/2690/5042
f 2527/2690/5043 2540/2702/5043 2528/2691/5043
f 2540/2702/5044 2541/2703/5044 2528/2691/5044
f 2528/2691/5045 2541/2703/5045 2529/2692/5045
f 2541/2703/5046 2542/2704/5046 2529/2692/5046
f 2529/2692/5047 2542/2704/5047 2530/2693/5047
f 2542/2704/5048 2543/2705/5048 2530/2693/5048
f 2530/2693/5049 2543/2705/5049 2531/2694/5049
f 2543/2705/5050 2544/2706/5050 2531/2694/5050
f 2531/2694/5051 2544/2706/5051 2532/2695/5051
f 2544/2706/5052 2545/2707/5052 2532/2695/5052
f 2532/2695/5053 2545/2707/5053 2533/2696/5053
f 2545/2707/5054 2546/2708/5054 2533/2696/5054
f 2533/2696/5055 2546/2708/5055 2534/2697/5055
f 2546/2708/5056 2547/2709/5056 2534/2697/5056
f 2534/2697/5057 2547/2709/5057 2535/2698/5057
f 2547/2709/5058 2548/2710/5058 2535/2698/5058
f 2535/2698/5059 2548/2710/5059 45/1949/5059
f 2548/2710/5060 44/1950/5060 45/1949/5060
f 26/2630/5061 2549/2632/5061 2536/2631/5061
f 2549/2632/5062 2550/2711/5062 2536/2631/5062
f 2536/2631/5063 2550/2711/5063 2537/2699/5063
f 2550/2711/5064 2551/2712/5064 2537/2699/5064
f 2537/2699/5065 2551/2712/5065 2538/2700/5065
f 2551/2712/5066 2552/2713/5066 2538/2700/5066
f 2538/2700/5067 2552/2713/5067 2539/2701/5067
f 2552/2713/5068 2553/2714/5068 2539/2701/5068
f 2539/2701/5069 2553/2714/5069 2540/2702/5069
f 2553/2714/5070 2554/2715/5070 2540/2702/5070
f 2540/2702/5071 2554/2715/5071 2541/2703/5071
f 2554/2715/5072 2555/2716/5072 2541/2703/5072
f 2541/2703/5073 2555/2716/5073 2542/2704/5073
f 2555/2716/5074 2556/2717/5074 2542/2704/5074
f 2542/2704/5075 2556/2717/5075 2543/2705/5075
f 2556/2717/5076 2557/2718/5076 2543/2705/5076
f 2543/2705/5077 2557/2718/5077 2544/2706/5077
f 2557/2718/5078 2558/2719/5078 2544/2706/5078
f 2544/2706/5079 2558/2719/5079 2545/2707/5079
f 2558/2719/5080 2559/2720/5080 2545/2707/5080
f 2545/2707/5081 2559/2720/5081 2546/2708/5081
f 2559/2720/5082 2560/2721/5082 2546/2708/5082
f 2546/2708/5083 2560/2721/5083 2547/2709/5083
f 2560/2721/5084 2561/2722/5084 2547/2709/5084
f 2547/2709/5085 2561/2722/5085 2548/2710/5085
f 2561/2722/5086 2562/2723/5086 2548/2710/5086
f 2548/2710/5087 2562/2723/5087 44/1950/5087
f 2562/2723/5088 43/1951/5088 44/1950/5088
f 27/3/5089 28/2/5089 2549/2632/5089
f 28/2/5090 29/2724/5090 2549/2632/5090
f 2549/2632/5091 29/2724/5091 2550/2711/5091
f 29/2724/5092 30/2725/5092 2550/2711/5092
f 2550/2711/5093 30/2725/5093 2551/2712/5093
f 30/2725/5094 31/2726/5094 2551/2712/5094
f 2551/2712/5095 31/2726/5095 2552/2713/5095
f 31/2726/5096 32/2727/5096 2552/2713/5096
f 2552/2713/5097 32/2727/5097 2553/2714/5097
f 32/2727/5098 33/2728/5098 2553/2714/5098
f 2553/2714/5099 33/2728/5099 2554/2715/5099
f 33/2728/5100 34/2729/5100 2554/2715/5100
f 2554/2715/5101 34/2729/5101 2555/2716/5101
f 34/2729/5102 35/2730/5102 2555/2716/5102
f 2555/2716/5103 35/2730/5103 2556/2717/5103
f 35/2730/5104 36/2731/5104 2556/2717/5104
f 2556/2717/5105 36/2731/5105 2557/2718/5105
f 36/2731/5106 37/2732/5106 2557/2718/5106
f 2557/2718/5107 37/2732/5107 2558/2719/5107
f 37/2732/5108 38/2733/5108 2558/2719/5108
f 2558/2719/5109 38/2733/5109 2559/2720/5109
f 38/2733/5110 39/2734/5110 2559/2720/5110
f 2559/2720/5111 39/2734/5111 2560/2721/5111
f 39/2734/5112 40/2735/5112 2560/2721/5112
f 2560/2721/5113 40/2735/5113 2561/2722/5113
f 40/2735/5114 41/2736/5114 2561/2722/5114
f 2561/2722/5115 41/2736/5115 2562/2723/5115
f 41/2736/5116 42/2737/5116 2562/2723/5116
f 2562/2723/5117 42/2737/5117 43/1951/5117
f 42/2737/5118 2/4/5118 43/1951/5118
