# Blender 4.5.4 LTS
# www.blender.org
o Icosphere.001
v -0.000005 -1.484188 1.807332
v -0.762001 -1.510037 1.242705
v 0.285087 -1.026535 0.906335
v 0.895054 -0.917832 1.815411
v 0.279184 -0.920114 2.709576
v -0.728572 -0.924277 2.360160
v -0.298596 0.037675 0.639288
v 0.740504 -0.160092 1.106932
v 0.910464 -0.754571 2.600811
v -0.288918 0.246516 3.193692
v -0.885130 0.041840 1.837000
v 0.005568 0.679036 1.804955
v 0.273233 -1.033948 0.945420
v 0.260254 -1.048673 0.988037
v 0.246820 -1.081938 1.033461
v 0.233082 -1.136222 1.081370
v 0.217713 -1.190239 1.132761
v 0.200716 -1.241723 1.187249
v 0.182250 -1.289553 1.244391
v 0.162501 -1.333033 1.305157
v 0.141783 -1.371403 1.368971
v 0.120476 -1.404085 1.434660
v 0.098977 -1.430809 1.501003
v 0.077666 -1.451613 1.566825
v 0.056879 -1.466800 1.631095
v 0.036884 -1.476870 1.692977
v 0.017880 -1.482443 1.751857
v -0.046831 -1.482457 1.773047
v -0.096592 -1.476880 1.736658
v -0.148952 -1.466782 1.698417
v -0.203391 -1.451545 1.658707
v -0.259202 -1.430663 1.618050
v -0.315508 -1.403834 1.577086
v -0.371315 -1.371015 1.536545
v -0.425579 -1.332479 1.497188
v -0.477302 -1.288807 1.459742
v -0.525620 -1.240846 1.424832
v -0.569903 -1.190085 1.392913
v -0.612480 -1.179608 1.361599
v -0.654032 -1.223271 1.330243
v -0.693327 -1.302742 1.299670
v -0.729506 -1.402692 1.270241
v -0.721933 -1.525258 1.202277
v -0.675022 -1.514582 1.162528
v -0.620902 -1.475189 1.124209
v -0.559639 -1.407867 1.088035
v -0.491860 -1.318122 1.054578
v -0.418802 -1.216516 1.024181
v -0.342275 -1.117933 0.996884
v -0.264500 -1.039767 0.972398
v -0.187860 -0.999362 0.950178
v -0.113409 -0.992786 0.930803
v -0.040117 -0.984763 0.916636
v 0.030950 -0.974256 0.907602
v 0.098848 -0.961715 0.903326
v 0.162967 -0.948828 0.903196
v 0.225040 -0.969202 0.904469
v -0.751367 -0.933420 2.305287
v -0.774247 -0.947104 2.246795
v -0.795670 -0.961098 2.183813
v -0.814580 -0.973523 2.116230
v -0.830235 -0.983909 2.044544
v -0.841940 -0.991819 1.969525
v -0.849126 -0.996891 1.892196
v -0.851417 -0.998883 1.813780
v -0.848679 -0.997708 1.735610
v -0.841049 -0.993458 1.659011
v -0.831037 -1.018710 1.582936
v -0.820290 -1.090082 1.507477
v -0.808234 -1.188804 1.434907
v -0.794541 -1.299133 1.366412
v -0.779134 -1.409516 1.302125
v -0.046840 -1.482532 1.841670
v -0.096632 -1.477030 1.878230
v -0.149046 -1.467003 1.916785
v -0.203569 -1.451822 1.956979
v -0.259495 -1.430970 1.998317
v -0.315952 -1.404127 2.040185
v -0.371946 -1.371243 2.081882
v -0.426432 -1.332561 2.122669
v -0.478413 -1.288644 2.161836
v -0.527020 -1.240318 2.198768
v -0.571583 -1.188605 2.232989
v -0.611679 -1.134612 2.264191
v -0.647122 -1.079441 2.292240
v -0.677949 -1.024102 2.317151
v -0.704365 -0.969455 2.339062
v 0.867793 -0.970462 1.814321
v 0.835493 -1.024586 1.813293
v 0.797740 -1.079521 1.812338
v 0.754274 -1.134396 1.811463
v 0.705038 -1.188192 1.810676
v 0.650253 -1.239796 1.809980
v 0.590439 -1.288082 1.809377
v 0.526416 -1.332013 1.808866
v 0.459258 -1.370747 1.808442
v 0.390199 -1.403707 1.808100
v 0.320533 -1.430634 1.807833
v 0.251491 -1.451572 1.807632
v 0.184158 -1.466835 1.807490
v 0.119407 -1.476929 1.807398
v 0.057881 -1.482489 1.807348
v 0.338456 -1.107154 0.933614
v 0.394378 -1.194119 0.965465
v 0.451794 -1.279059 1.002647
v 0.509349 -1.351777 1.045834
v 0.565498 -1.401774 1.095469
v 0.618703 -1.420515 1.151629
v 0.667659 -1.403909 1.213887
v 0.711485 -1.353923 1.281261
v 0.749814 -1.278497 1.352272
v 0.782754 -1.189774 1.425114
v 0.810761 -1.101407 1.497857
v 0.834494 -1.025988 1.568670
v 0.854657 -0.973277 1.636326
v 0.871943 -0.949363 1.699571
v 0.885441 -0.933956 1.759170
v 0.270391 -0.973220 2.676510
v 0.260059 -1.027609 2.639197
v 0.248064 -1.082614 2.597292
v 0.234332 -1.137401 2.550568
v 0.218851 -1.190987 2.498989
v 0.201690 -1.242295 2.442752
v 0.183013 -1.290233 2.382333
v 0.163071 -1.333798 2.318469
v 0.142192 -1.372172 2.252128
v 0.120757 -1.404800 2.184425
v 0.099159 -1.431432 2.116529
v 0.077775 -1.452123 2.049552
v 0.056935 -1.467181 1.984468
v 0.036907 -1.477121 1.922059
v 0.017885 -1.482565 1.862895
v 0.885774 -0.933215 1.871080
v 0.872623 -0.947927 1.930379
v 0.855062 -0.961557 1.992946
v 0.832628 -0.973655 2.058214
v 0.804991 -0.983759 2.125395
v 0.772029 -0.991436 2.193495
v 0.733867 -0.996325 2.261380
v 0.690915 -0.998181 2.327840
v 0.643842 -0.996906 2.391709
v 0.593534 -0.992563 2.451949
v 0.541012 -0.985366 2.507742
v 0.487334 -0.975647 2.558537
v 0.433507 -0.963821 2.604051
v 0.380418 -0.950333 2.644255
v 0.328795 -0.935627 2.679326
v 0.223429 -0.936369 2.717123
v 0.163111 -0.951816 2.721805
v 0.098451 -0.966003 2.722957
v 0.029906 -0.978444 2.719929
v -0.041807 -0.988644 2.712157
v -0.115712 -0.996156 2.699225
v -0.190622 -1.000615 2.680941
v -0.265211 -1.001799 2.657381
v -0.338131 -0.999650 2.628907
v -0.408126 -0.994289 2.596143
v -0.474136 -0.985994 2.559901
v -0.535371 -0.975169 2.521109
v -0.591338 -0.962290 2.480713
v -0.641827 -0.947854 2.439600
v -0.687034 -0.933036 2.398715
v -0.905707 -0.008280 1.795699
v -0.924137 -0.062418 1.753203
v -0.939661 -0.120510 1.709786
v -0.952893 -0.201527 1.663713
v -0.965060 -0.333952 1.613078
v -0.974692 -0.508680 1.560534
v -0.980245 -0.711054 1.508635
v -0.980380 -0.923000 1.459312
v -0.974090 -1.125483 1.413891
v -0.960775 -1.301216 1.373312
v -0.940332 -1.437332 1.338232
v -0.913220 -1.527406 1.308948
v -0.880426 -1.572030 1.285343
v -0.843309 -1.577538 1.266929
v -0.803360 -1.553472 1.252986
v -0.773953 -0.921403 2.355429
v -0.826637 -0.947235 2.356178
v -0.884439 -0.995286 2.360956
v -0.944013 -1.054844 2.367132
v -1.000952 -1.111430 2.370762
v -1.050185 -1.148246 2.367011
v -1.086746 -1.148973 2.351122
v -1.106897 -1.101771 2.319839
v -1.109177 -1.003137 2.272728
v -1.094789 -0.859387 2.212694
v -1.066658 -0.682965 2.144200
v -1.028349 -0.488545 2.071431
v -0.985422 -0.298709 2.000794
v -0.943952 -0.136401 1.936649
v -0.909405 -0.019848 1.881439
v -0.281301 -0.018241 0.612527
v -0.250887 -0.076476 0.602577
v -0.208493 -0.132467 0.605185
v -0.161914 -0.186206 0.607892
v -0.115703 -0.240186 0.606481
v -0.072104 -0.300099 0.609582
v -0.032967 -0.368839 0.618909
v 0.006702 -0.439059 0.635226
v 0.046364 -0.509304 0.658011
v 0.085332 -0.578296 0.686412
v 0.123014 -0.645385 0.719325
v 0.159891 -0.724905 0.754575
v 0.195337 -0.812495 0.791266
v 0.228345 -0.896151 0.829112
v 0.258331 -0.968532 0.867650
v -0.768975 -1.639885 1.189549
v -0.773540 -1.773836 1.133563
v -0.774118 -1.895084 1.075967
v -0.768680 -1.979465 1.018563
v -0.754867 -1.996643 0.963705
v -0.730611 -1.918538 0.913839
v -0.695450 -1.738290 0.870486
v -0.650890 -1.475612 0.833915
v -0.599601 -1.164535 0.803760
v -0.544726 -0.843730 0.779292
v -0.489413 -0.549770 0.759267
v -0.436389 -0.311482 0.741920
v -0.387634 -0.146427 0.725613
v -0.348459 -0.063008 0.708474
v -0.319031 -0.012998 0.682302
v 0.782453 -0.307580 1.132208
v 0.824570 -0.468795 1.160924
v 0.865192 -0.630433 1.194161
v 0.902381 -0.776105 1.232743
v 0.934204 -0.889384 1.277047
v 0.959050 -0.958194 1.326874
v 0.975983 -0.978960 1.381377
v 0.984920 -0.958210 1.439089
v 0.986555 -0.910546 1.498090
v 0.982114 -0.854263 1.556273
v 0.973053 -0.806826 1.611606
v 0.960808 -0.781737 1.662360
v 0.946614 -0.787187 1.707321
v 0.931398 -0.825821 1.746136
v 0.914280 -0.874054 1.781789
v 0.330049 -1.078728 0.884507
v 0.378159 -1.152252 0.862769
v 0.428453 -1.239430 0.842297
v 0.479571 -1.329005 0.824517
v 0.529816 -1.406765 0.811013
v 0.577291 -1.457192 0.803392
v 0.620152 -1.466238 0.803072
v 0.656917 -1.424852 0.811027
v 0.686745 -1.331890 0.827582
v 0.709519 -1.194504 0.852356
v 0.725728 -1.025496 0.884417
v 0.736215 -0.839562 0.922504
v 0.741970 -0.650387 0.965222
v 0.743993 -0.469123 1.011133
v 0.743226 -0.303933 1.058817
v 0.936044 -0.929649 2.669940
v 0.953026 -1.082660 2.734680
v 0.957409 -1.199698 2.790026
v 0.944973 -1.265572 2.830132
v 0.913134 -1.270996 2.851179
v 0.862301 -1.217702 2.853128
v 0.795886 -1.118270 2.839685
v 0.719399 -0.992731 2.817171
v 0.639407 -0.865127 2.792759
v 0.562599 -0.760777 2.772107
v 0.495054 -0.703601 2.757341
v 0.441601 -0.712240 2.748153
v 0.399619 -0.770432 2.742322
v 0.358355 -0.825353 2.733691
v 0.318049 -0.875199 2.722589
v 0.914493 -0.873492 1.851051
v 0.931845 -0.824469 1.889212
v 0.946358 -0.770685 1.929752
v 0.961504 -0.730173 1.976989
v 0.988656 -0.754561 2.043231
v 1.025416 -0.837509 2.126057
v 1.066831 -0.961135 2.220536
v 1.106884 -1.101778 2.319829
v 1.139233 -1.233335 2.415615
v 1.157932 -1.330702 2.499383
v 1.158320 -1.373266 2.564016
v 1.138066 -1.349013 2.605338
v 1.098336 -1.259340 2.623802
v 1.043555 -1.118360 2.624411
v 0.979287 -0.944648 2.614292
v -0.326486 0.140527 3.118169
v -0.373936 -0.008825 3.026889
v -0.431199 -0.185077 2.946892
v -0.494604 -0.373583 2.894044
v -0.559603 -0.561928 2.866137
v -0.621658 -0.736786 2.851725
v -0.676252 -0.884333 2.838500
v -0.719439 -0.992716 2.817200
v -0.748830 -1.055473 2.782798
v -0.764279 -1.073965 2.734465
v -0.767792 -1.057142 2.674724
v -0.762781 -1.018848 2.608045
v -0.753129 -0.974326 2.539392
v -0.742436 -0.937347 2.473152
v -0.733585 -0.918459 2.412655
v 0.252886 -0.875681 2.746394
v 0.223862 -0.826357 2.783619
v 0.192089 -0.771947 2.820861
v 0.157651 -0.712385 2.857724
v 0.120767 -0.647753 2.893839
v 0.081802 -0.578299 2.928922
v 0.041264 -0.504429 2.962803
v -0.000214 -0.426680 2.995428
v -0.041918 -0.345686 3.026833
v -0.083107 -0.262133 3.057052
v -0.123082 -0.176744 3.086028
v -0.161241 -0.090282 3.113505
v -0.197129 -0.003597 3.138956
v -0.230453 0.082305 3.161558
v -0.261067 0.166184 3.180221
v -0.875498 0.055474 1.768388
v -0.862042 0.068354 1.694262
v -0.844208 0.080159 1.614965
v -0.821512 0.090540 1.531162
v -0.794306 0.089303 1.442824
v -0.762447 0.075655 1.351481
v -0.725164 0.061616 1.260133
v -0.682251 0.056041 1.171376
v -0.634222 0.061791 1.087172
v -0.582274 0.075122 1.008796
v -0.528046 0.087646 0.936934
v -0.473294 0.089714 0.871859
v -0.419233 0.079130 0.813939
v -0.367277 0.068927 0.759316
v -0.325862 0.056047 0.702581
v -0.290358 0.055816 0.532615
v -0.444045 0.067773 0.303808
v -0.399830 -0.005794 -0.067547
v -0.011130 -0.087396 -0.487405
v 0.403598 0.062274 -0.138292
v 0.563610 0.220359 0.132715
v 0.345462 0.149943 0.469710
v 0.307452 0.142011 0.621260
v 0.351676 0.129350 0.713022
v 0.415259 0.116360 0.775116
v 0.479736 0.106254 0.828951
v 0.540314 0.087098 0.885234
v 0.597612 0.037477 0.941716
v 0.650590 -0.029129 0.997667
v 0.698369 -0.098386 1.052810
v 0.761808 -0.107153 1.173627
v 0.781151 -0.044929 1.248401
v 0.798263 0.020057 1.330886
v 0.813200 0.076004 1.419806
v 0.826471 0.105466 1.512593
v 0.836833 0.116787 1.608748
v 0.842571 0.126240 1.708642
v 0.843373 0.133590 1.810678
v 0.839207 0.138652 1.913123
v 0.843122 0.089819 2.022987
v 0.862260 -0.041132 2.138127
v 0.886750 -0.215601 2.249157
v 0.907480 -0.395251 2.353636
v 0.919129 -0.552292 2.449038
v 0.920011 -0.673146 2.532046
v 0.852137 -0.655786 2.629476
v 0.781275 -0.522525 2.658380
v 0.698895 -0.358109 2.696127
v 0.607400 -0.169554 2.757897
v 0.511902 0.032097 2.863123
v 0.422121 0.229939 3.016726
v 0.346590 0.381090 3.173873
v 0.277805 0.434821 3.273538
v 0.203849 0.470525 3.348997
v 0.124914 0.485831 3.396420
v 0.043983 0.477548 3.413363
v -0.034808 0.448183 3.402016
v -0.108212 0.403757 3.367692
v -0.174852 0.351475 3.317178
v -0.234839 0.297670 3.257279
v -0.338583 0.249422 3.146654
v -0.395330 0.189803 3.056096
v -0.461192 0.087541 2.944210
v -0.535121 -0.032867 2.837278
v -0.612450 -0.153781 2.747728
v -0.687237 -0.259943 2.673607
v -0.754002 -0.337085 2.605981
v -0.808268 -0.373335 2.535692
v -0.847307 -0.363012 2.457455
v -0.870756 -0.309307 2.370226
v -0.880778 -0.224636 2.276214
v -0.881592 -0.127939 2.179035
v -0.878406 -0.039552 2.082484
v -0.875976 0.024023 1.990602
v -0.877689 0.052337 1.907689
v -0.010973 0.665078 1.708104
v -0.028772 0.648764 1.609483
v -0.047695 0.629440 1.509820
v -0.067536 0.606454 1.410129
v -0.088017 0.579225 1.311728
v -0.108805 0.547282 1.216208
v -0.129527 0.510382 1.125338
v -0.149800 0.468521 1.040906
v -0.169369 0.422793 0.963669
v -0.189175 0.380741 0.886170
v -0.210119 0.340881 0.807694
v -0.232026 0.297868 0.734170
v -0.253695 0.245703 0.673016
v -0.276684 0.178842 0.636965
v -0.292803 0.106476 0.629262
v -0.856414 0.099850 1.836899
v -0.822575 0.160039 1.836664
v -0.783255 0.221624 1.836275
v -0.738272 0.283575 1.835689
v -0.687692 0.344631 1.834836
v -0.631865 0.403389 1.833623
v -0.571441 0.458422 1.831950
v -0.507339 0.508421 1.829746
v -0.440672 0.552359 1.827007
v -0.372658 0.589571 1.823816
v -0.304505 0.619804 1.820333
v -0.237332 0.643171 1.816762
v -0.172091 0.660099 1.813303
v -0.109534 0.671215 1.810121
v -0.050202 0.677269 1.807322
v 0.051348 0.669297 1.742509
v 0.100351 0.655995 1.678375
v 0.152242 0.638545 1.613463
v 0.206472 0.616385 1.548862
v 0.262286 0.589047 1.485798
v 0.318742 0.556227 1.425563
v 0.374779 0.517843 1.369405
v 0.429292 0.474114 1.318408
v 0.481239 0.425556 1.273379
v 0.529726 0.372963 1.234762
v 0.574080 0.317341 1.202627
v 0.613885 0.259805 1.176710
v 0.648976 0.201471 1.156488
v 0.680962 0.120816 1.139322
v 0.711671 -0.004411 1.122568
v 0.049982 0.685918 1.865771
v 0.096745 0.690295 1.932433
v 0.145480 0.691585 2.004568
v 0.195710 0.689103 2.081224
v 0.246912 0.681993 2.160657
v 0.298580 0.669086 2.240145
v 0.350242 0.648788 2.315966
v 0.401413 0.619169 2.383768
v 0.451500 0.578512 2.439494
v 0.499763 0.526271 2.480669
v 0.547220 0.455782 2.507242
v 0.611417 0.290420 2.513688
v 0.690533 0.041329 2.505578
v 0.771280 -0.237531 2.515978
v 0.845168 -0.507997 2.552030
v -0.012351 0.692235 1.907840
v -0.031112 0.706091 2.023367
v -0.050515 0.721702 2.153432
v -0.070396 0.741375 2.300265
v -0.090857 0.769825 2.466257
v -0.112769 0.816455 2.653216
v -0.138826 0.898192 2.860212
v -0.175218 1.035292 3.077969
v -0.228125 1.205432 3.276133
v -0.277105 1.266727 3.408163
v -0.290266 1.127324 3.456421
v -0.283826 0.901275 3.433966
v -0.279309 0.688208 3.376157
v -0.279982 0.510435 3.310235
v -0.283815 0.365507 3.248005
v -0.070202 0.689520 1.913692
v -0.131629 0.681915 1.919364
v -0.090835 0.702177 2.032925
v -0.196223 0.668539 1.924573
v -0.154086 0.692602 2.041282
v -0.111847 0.716303 2.166676
v -0.263360 0.648574 1.928980
v -0.220392 0.676359 2.047818
v -0.176607 0.704182 2.177047
v -0.133107 0.734112 2.316673
v -0.332193 0.621374 1.932243
v -0.289055 0.652553 2.051914
v -0.244263 0.684151 2.183477
v -0.199102 0.718457 2.327512
v -0.154926 0.759905 2.484274
v -0.401666 0.586572 1.934078
v -0.359148 0.620548 2.053078
v -0.314058 0.655252 2.185064
v -0.267780 0.692979 2.331179
v -0.222041 0.738528 2.492423
v -0.178617 0.801258 2.669146
v -0.470563 0.544222 1.934337
v -0.429526 0.580144 2.051086
v -0.384996 0.616984 2.181333
v -0.338319 0.656808 2.326658
v -0.291450 0.704169 2.488694
v -0.246837 0.768503 2.668613
v -0.207172 0.868208 2.866177
v -0.537584 0.494851 1.933062
v -0.498879 0.531683 2.046083
v -0.455852 0.569510 2.172456
v -0.409662 0.609948 2.313961
v -0.362244 0.656735 2.472597
v -0.316383 0.717894 2.650063
v -0.275640 0.809558 2.846697
v -0.244519 0.960681 3.059656
v -0.601448 0.439454 1.930478
v -0.565815 0.476120 2.038581
v -0.525219 0.513740 2.159288
v -0.480514 0.553401 2.294309
v -0.433375 0.597725 2.445643
v -0.386460 0.652421 2.615129
v -0.343422 0.728995 2.803323
v -0.308806 0.847699 3.007579
v -0.287582 1.032599 3.218278
v -0.661024 0.379420 1.926933
v -0.628999 0.414917 2.029337
v -0.591613 0.451254 2.143175
v -0.549382 0.489025 2.269860
v -0.503560 0.529767 2.411080
v -0.456341 0.576876 2.568443
v -0.410890 0.637119 2.742480
v -0.371000 0.721953 2.930801
v -0.340069 0.844335 3.125482
v -0.317550 0.998927 3.309510
v -0.715424 0.316346 1.922803
v -0.687287 0.349854 2.019153
v -0.653648 0.384061 2.125572
v -0.614704 0.419175 2.243073
v -0.571261 0.455892 2.372850
v -0.524922 0.495870 2.516050
v -0.478133 0.542407 2.673022
v -0.433862 0.600930 2.841858
v -0.394609 0.677339 3.016375
v -0.360479 0.770188 3.184526
v -0.326493 0.857386 3.329047
v -0.764095 0.251853 1.918411
v -0.739870 0.282792 2.008708
v -0.710244 0.314172 2.107734
v -0.677701 0.335665 2.217272
v -0.641969 0.349680 2.336104
v -0.601029 0.368206 2.462601
v -0.554570 0.400242 2.597595
v -0.504721 0.450180 2.743276
v -0.455702 0.517043 2.899137
v -0.411433 0.590384 3.055595
v -0.370686 0.646053 3.192065
v -0.327586 0.682297 3.300746
v -0.806816 0.187415 1.913987
v -0.786694 0.213914 1.998746
v -0.767057 0.218009 2.094276
v -0.747037 0.201693 2.197756
v -0.723017 0.178797 2.304452
v -0.691464 0.164244 2.411560
v -0.650050 0.170662 2.519697
v -0.598841 0.204723 2.632937
v -0.540852 0.265757 2.756962
v -0.481499 0.347010 2.894395
v -0.426308 0.435551 3.037958
v -0.376959 0.504316 3.165779
v -0.329421 0.519477 3.252353
v -0.843734 0.123999 1.909717
v -0.832536 0.125165 1.992977
v -0.824762 0.093114 2.086378
v -0.817174 0.038441 2.184830
v -0.805465 -0.023555 2.283456
v -0.784967 -0.074615 2.378920
v -0.752073 -0.098227 2.469927
v -0.705476 -0.084695 2.557848
v -0.646591 -0.033347 2.647482
v -0.579333 0.048647 2.746353
v -0.509514 0.149348 2.860717
v -0.443451 0.254097 2.988490
v -0.384968 0.342014 3.111861
v -0.333086 0.379228 3.200645
v 0.032661 0.700745 1.977889
v 0.014346 0.717155 2.104798
v 0.079987 0.706981 2.054627
v -0.004770 0.737199 2.249139
v 0.062064 0.726654 2.194101
v 0.129222 0.710400 2.137440
v -0.024545 0.765301 2.414137
v 0.043224 0.752977 2.354415
v 0.111677 0.734257 2.290296
v 0.179913 0.710285 2.224850
v -0.045220 0.811086 2.603342
v 0.023733 0.794230 2.539996
v 0.093325 0.769391 2.467667
v 0.162891 0.739262 2.391023
v 0.231637 0.705504 2.314149
v -0.068303 0.895100 2.819374
v 0.003501 0.869518 2.755631
v 0.074982 0.830496 2.675040
v 0.145706 0.785870 2.584893
v 0.215551 0.739928 2.491863
v 0.284034 0.694159 2.401093
v -0.099100 1.055884 3.059674
v -0.019235 1.022006 3.004127
v 0.057806 0.952852 2.917681
v 0.130597 0.873497 2.811926
v 0.200753 0.798727 2.698405
v 0.269492 0.732418 2.585882
v 0.336707 0.673309 2.480006
v -0.150873 1.318942 3.297586
v -0.052814 1.320704 3.270577
v 0.042978 1.211882 3.192976
v 0.122515 1.055491 3.074371
v 0.191792 0.911508 2.936316
v 0.258173 0.798152 2.796348
v 0.324084 0.710440 2.664229
v 0.389027 0.639436 2.544749
v -0.216947 1.514164 3.465641
v -0.108283 1.646810 3.471861
v 0.025642 1.607047 3.434677
v 0.131253 1.397493 3.344919
v 0.198226 1.126863 3.196953
v 0.255827 0.914498 3.027735
v 0.315740 0.769400 2.865317
v 0.377925 0.667583 2.718787
v 0.440054 0.590135 2.590713
v -0.244547 1.399646 3.551042
v -0.153162 1.617432 3.592592
v -0.011034 1.710384 3.584556
v 0.134250 1.658386 3.531481
v 0.223070 1.403759 3.426466
v 0.267844 1.084276 3.256268
v 0.314827 0.853105 3.069397
v 0.370123 0.703913 2.897114
v 0.429398 0.602303 2.746133
v 0.488750 0.526101 2.616881
v -0.235307 1.111143 3.546614
v -0.161993 1.310753 3.627684
v -0.048174 1.450012 3.659965
v 0.091886 1.507857 3.639524
v 0.211811 1.431567 3.565017
v 0.275850 1.188808 3.428576
v 0.316956 0.925381 3.245831
v 0.364851 0.735802 3.061354
v 0.419850 0.609365 2.894431
v 0.479623 0.508450 2.747428
v 0.545486 0.398132 2.619231
v -0.225778 0.835623 3.482035
v -0.158429 0.985029 3.572923
v -0.068583 1.107768 3.631504
v 0.042640 1.183443 3.645251
v 0.156888 1.189016 3.606045
v 0.245838 1.088281 3.507902
v 0.304899 0.907105 3.358320
v 0.355653 0.731123 3.186957
v 0.409280 0.597669 3.019558
v 0.472325 0.456059 2.853877
v 0.545874 0.305441 2.706581
v 0.621191 0.164055 2.591321
v -0.224542 0.612887 3.401478
v -0.159938 0.720310 3.484575
v -0.082268 0.816850 3.547411
v 0.009068 0.885490 3.577723
v 0.107209 0.911352 3.565732
v 0.198785 0.878876 3.505158
v 0.273924 0.786717 3.397704
v 0.336075 0.666658 3.258583
v 0.394177 0.549048 3.105805
v 0.461651 0.380510 2.928556
v 0.542586 0.199727 2.769643
v 0.626618 0.030234 2.653082
v 0.704290 -0.117631 2.573433
v -0.228519 0.437184 3.324436
v -0.166204 0.513046 3.395723
v -0.095174 0.584982 3.453603
v -0.015010 0.641918 3.488656
v 0.071470 0.672809 3.492217
v 0.157924 0.668801 3.458227
v 0.237630 0.627238 3.385727
v 0.308242 0.558236 3.281424
v 0.372705 0.471347 3.153468
v 0.444957 0.300742 2.979321
v 0.531619 0.104515 2.819372
v 0.622527 -0.085196 2.707791
v 0.707714 -0.255477 2.637475
v 0.782476 -0.397860 2.590165
v 0.098863 0.673543 1.801701
v 0.148727 0.674580 1.866497
v 0.150998 0.657201 1.736097
v 0.200462 0.671711 1.936348
v 0.203916 0.654510 1.799239
v 0.205921 0.636298 1.669980
v 0.253471 0.664143 2.010095
v 0.258507 0.647142 1.867092
v 0.261688 0.629489 1.731792
v 0.262923 0.610283 1.604532
v 0.307100 0.650955 2.085813
v 0.314044 0.634277 1.938337
v 0.318812 0.617329 1.798053
v 0.321155 0.599026 1.665417
v 0.321072 0.578747 1.541035
v 0.360698 0.631035 2.160738
v 0.369731 0.615029 2.010940
v 0.376425 0.599029 1.867315
v 0.380292 0.581867 1.730550
v 0.381195 0.562812 1.601426
v 0.379258 0.541491 1.480785
v 0.413652 0.603103 2.231407
v 0.424778 0.588472 2.082196
v 0.433592 0.573843 1.937502
v 0.439327 0.558129 1.798386
v 0.441641 0.540589 1.665887
v 0.440539 0.520796 1.541079
v 0.436282 0.498600 1.424977
v 0.465360 0.565908 2.294164
v 0.478442 0.553724 2.148992
v 0.489395 0.541113 2.006039
v 0.497204 0.527277 1.866851
v 0.501282 0.511597 1.732806
v 0.501454 0.493652 1.605252
v 0.497880 0.473261 1.485476
v 0.490961 0.450475 1.374586
v 0.515173 0.518753 2.346032
v 0.530019 0.510199 2.208354
v 0.542985 0.500404 2.070185
v 0.552908 0.488988 1.933533
v 0.558974 0.475556 1.800137
v 0.560793 0.459796 1.671641
v 0.558363 0.441544 1.549613
v 0.552002 0.420822 1.435454
v 0.542242 0.397838 1.330267
v 0.562355 0.462082 2.385615
v 0.578806 0.457988 2.258159
v 0.593590 0.451724 2.127548
v 0.605528 0.443270 1.996037
v 0.613657 0.432493 1.865638
v 0.617377 0.419246 1.738249
v 0.616492 0.403436 1.615693
v 0.611178 0.385092 1.499644
v 0.601899 0.364395 1.391510
v 0.589292 0.341667 1.292313
v 0.616293 0.355213 2.413977
v 0.625070 0.394176 2.298056
v 0.640506 0.395757 2.176608
v 0.654286 0.390623 2.052424
v 0.664423 0.382823 1.927212
v 0.670160 0.372358 1.803003
v 0.671112 0.359233 1.681789
v 0.667278 0.343517 1.565461
v 0.658997 0.325382 1.455687
v 0.646847 0.305114 1.353790
v 0.631555 0.283104 1.260655
v 0.690174 0.143010 2.427007
v 0.687401 0.242118 2.331389
v 0.688064 0.313950 2.219180
v 0.698543 0.332141 2.101556
v 0.710555 0.327418 1.983249
v 0.718308 0.319867 1.864050
v 0.721260 0.309569 1.745989
v 0.719235 0.296634 1.631066
v 0.712411 0.281238 1.521132
v 0.701260 0.263648 1.417755
v 0.686454 0.244210 1.322113
v 0.668766 0.223340 1.234928
v 0.772413 -0.129183 2.442426
v 0.765593 0.000634 2.357868
v 0.754796 0.131068 2.259855
v 0.747329 0.231312 2.148132
v 0.751549 0.267608 2.032842
v 0.761231 0.262891 1.920022
v 0.766230 0.255403 1.806649
v 0.766219 0.245272 1.694705
v 0.761207 0.232678 1.586115
v 0.751530 0.217866 1.482606
v 0.737762 0.201149 1.385585
v 0.720644 0.182722 1.296032
v 0.701522 0.154910 1.213779
v 0.850530 -0.410449 2.479528
v 0.845882 -0.278373 2.395380
v 0.832154 -0.122020 2.301032
v 0.813910 0.034306 2.196736
v 0.799573 0.155076 2.083303
v 0.798600 0.202827 1.970156
v 0.805594 0.197966 1.862582
v 0.807681 0.190510 1.754921
v 0.804719 0.180643 1.649048
v 0.796888 0.168587 1.546744
v 0.784637 0.154616 1.449562
v 0.769106 0.132048 1.358009
v 0.751811 0.090070 1.271972
v 0.732617 0.041640 1.193228
v 0.036004 0.654917 1.642837
v 0.086273 0.640846 1.576183
v 0.019281 0.637795 1.541382
v 0.139425 0.622221 1.509222
v 0.070663 0.622538 1.472310
v 0.001293 0.617233 1.439058
v 0.194823 0.598457 1.443239
v 0.124882 0.602321 1.403556
v 0.053601 0.600354 1.367894
v -0.017777 0.592561 1.337120
v 0.251612 0.569089 1.379664
v 0.181210 0.576539 1.336634
v 0.108658 0.578106 1.297856
v 0.035250 0.573613 1.264457
v -0.037664 0.563188 1.237160
v 0.308757 0.533860 1.319960
v 0.238696 0.544766 1.273186
v 0.165644 0.549918 1.230698
v 0.090889 0.548934 1.193919
v 0.015854 0.541762 1.163874
v -0.058047 0.528708 1.141042
v 0.365123 0.492803 1.265483
v 0.296226 0.506839 1.214834
v 0.223523 0.515433 1.168268
v 0.148238 0.518012 1.127494
v 0.071803 0.514322 1.093883
v -0.004273 0.504477 1.068257
v -0.078554 0.488954 1.050765
v 0.419566 0.446282 1.217320
v 0.352607 0.462934 1.162987
v 0.281115 0.474622 1.112295
v 0.206190 0.480620 1.067182
v 0.129210 0.480473 1.029361
v 0.051711 0.474085 1.000055
v -0.024762 0.461792 0.979730
v -0.098856 0.444756 0.967533
v 0.471049 0.394995 1.176167
v 0.406688 0.413598 1.118652
v 0.337203 0.427845 1.064155
v 0.263527 0.436900 1.014743
v 0.186927 0.440192 0.972344
v 0.109134 0.440037 0.935663
v 0.031241 0.437579 0.904262
v -0.045773 0.427661 0.884452
v -0.119865 0.408052 0.879153
v 0.518724 0.339922 1.142257
v 0.457460 0.359732 1.082311
v 0.390651 0.375854 1.024659
v 0.319034 0.387415 0.971396
v 0.244077 0.395383 0.922662
v 0.167617 0.404531 0.873950
v 0.090012 0.415058 0.827523
v 0.010603 0.428419 0.795074
v -0.069620 0.419149 0.780185
v -0.143867 0.381662 0.784963
v 0.562002 0.282224 1.115393
v 0.504151 0.302486 1.053896
v 0.440513 0.319740 0.993964
v 0.371625 0.333123 0.937628
v 0.299222 0.344811 0.883319
v 0.225534 0.360559 0.824186
v 0.152718 0.392603 0.759179
v 0.075563 0.453080 0.705410
v -0.013257 0.486677 0.667934
v -0.102973 0.453727 0.662292
v -0.174730 0.372064 0.688025
v 0.600567 0.223116 1.095030
v 0.546268 0.243148 1.032882
v 0.486110 0.260805 0.971630
v 0.420438 0.275283 0.913172
v 0.350788 0.288195 0.856362
v 0.280495 0.306287 0.791482
v 0.213672 0.343225 0.708969
v 0.156019 0.443118 0.623648
v 0.077890 0.541164 0.529179
v -0.071292 0.562902 0.472900
v -0.224391 0.529501 0.539156
v -0.221500 0.347711 0.595746
v 0.634722 0.158380 1.079945
v 0.583596 0.182996 1.018433
v 0.527049 0.200411 0.956786
v 0.464894 0.215294 0.897188
v 0.397978 0.227731 0.840422
v 0.330011 0.244156 0.776826
v 0.266665 0.271267 0.688582
v 0.238494 0.368163 0.580736
v 0.496336 0.679370 0.527934
v 0.183441 0.543651 0.168176
v -0.307104 0.519148 0.091648
v -0.737942 0.614109 0.397719
v -0.280361 0.269847 0.522941
v 0.667316 0.049588 1.065992
v 0.617644 0.101476 1.007787
v 0.563299 0.138589 0.948225
v 0.504703 0.154541 0.888495
v 0.440964 0.166624 0.831862
v 0.374487 0.179689 0.773442
v 0.311755 0.199552 0.696677
v 0.274883 0.231817 0.577883
v 0.667440 0.460551 0.522545
v 0.407184 0.386941 0.025893
v 0.070003 0.347463 -0.292010
v -0.274768 0.267628 -0.123672
v -0.630206 0.261341 0.188429
v -0.309644 0.135008 0.497161
v -0.069589 0.661417 1.707676
v -0.090150 0.642912 1.606604
v -0.131864 0.653080 1.708219
v -0.111649 0.621040 1.504956
v -0.155197 0.631959 1.605342
v -0.197340 0.639266 1.709832
v -0.133771 0.595139 1.403888
v -0.179177 0.607126 1.502460
v -0.223313 0.615126 1.605935
v -0.265321 0.619264 1.712539
v -0.156132 0.564628 1.304872
v -0.203369 0.577912 1.400862
v -0.249525 0.586949 1.502689
v -0.293637 0.591751 1.608513
v -0.334877 0.592518 1.716275
v -0.178303 0.529113 1.209627
v -0.227278 0.543800 1.302140
v -0.275414 0.554110 1.401488
v -0.321656 0.559936 1.505842
v -0.365054 0.561391 1.613069
v -0.404872 0.558746 1.720882
v -0.199837 0.488452 1.119991
v -0.250386 0.504496 1.208085
v -0.300384 0.516190 1.303991
v -0.348707 0.523296 1.405979
v -0.394292 0.525811 1.511916
v -0.436264 0.523932 1.619437
v -0.474031 0.518002 1.726135
v -0.220307 0.442821 1.037721
v -0.272193 0.460020 1.120526
v -0.323851 0.473053 1.211992
v -0.374115 0.481554 1.310587
v -0.421832 0.485387 1.414274
v -0.465998 0.484656 1.520683
v -0.505868 0.479647 1.627319
v -0.541037 0.470758 1.731784
v -0.239410 0.393032 0.963924
v -0.292262 0.410741 1.041099
v -0.345295 0.424910 1.127223
v -0.397266 0.434756 1.221385
v -0.446963 0.440025 1.321747
v -0.493271 0.440700 1.426026
v -0.535303 0.436980 1.531720
v -0.572497 0.429223 1.636333
v -0.604644 0.417873 1.737595
v -0.257874 0.343949 0.894354
v -0.310259 0.357363 0.971030
v -0.364313 0.372333 1.051118
v -0.417670 0.383325 1.139932
v -0.469091 0.389980 1.235905
v -0.517385 0.392167 1.336951
v -0.561541 0.389978 1.440647
v -0.600843 0.383694 1.544477
v -0.634929 0.373725 1.646066
v -0.663789 0.360544 1.743378
v -0.275438 0.294093 0.830836
v -0.326393 0.302182 0.909254
v -0.380647 0.316211 0.984626
v -0.434997 0.328022 1.067415
v -0.487798 0.335864 1.158088
v -0.537818 0.339507 1.254835
v -0.583952 0.338934 1.355422
v -0.625348 0.334329 1.457397
v -0.661489 0.326035 1.558354
v -0.692210 0.314487 1.656134
v -0.717673 0.300172 1.748997
v -0.292109 0.241222 0.775601
v -0.340654 0.246136 0.855582
v -0.394198 0.257653 0.928106
v -0.449108 0.269881 1.004495
v -0.502876 0.278596 1.089215
v -0.554270 0.283494 1.180779
v -0.602129 0.284464 1.277214
v -0.645492 0.281590 1.376239
v -0.683697 0.275120 1.475497
v -0.716429 0.265434 1.572778
v -0.743704 0.252974 1.666209
v -0.765819 0.238214 1.754359
v -0.305344 0.183162 0.735970
v -0.352245 0.187929 0.812862
v -0.405038 0.197913 0.881255
v -0.460043 0.210085 0.951273
v -0.514329 0.219291 1.029695
v -0.566679 0.225139 1.115451
v -0.615916 0.227444 1.206886
v -0.661012 0.226201 1.301962
v -0.701179 0.221564 1.398465
v -0.735958 0.213826 1.494213
v -0.765215 0.203370 1.587260
v -0.789118 0.190626 1.676036
v -0.808061 0.176037 1.759403
v -0.316869 0.119996 0.713065
v -0.361067 0.128340 0.781187
v -0.413341 0.138148 0.843381
v -0.467995 0.149830 0.907333
v -0.522348 0.159139 0.979418
v -0.575288 0.164369 1.058948
v -0.625729 0.164330 1.144492
v -0.672260 0.164066 1.234756
v -0.713958 0.164326 1.327850
v -0.750574 0.160310 1.421245
v -0.781873 0.151877 1.512926
v -0.807747 0.141218 1.601415
v -0.828475 0.128731 1.685428
v -0.844512 0.114815 1.764088
v -0.913705 -0.061372 1.964014
v -0.959918 -0.232759 2.030764
v -0.923903 -0.145169 2.057431
v -1.010896 -0.444942 2.106830
v -0.980275 -0.369264 2.135304
v -0.936572 -0.261451 2.158169
v -1.059982 -0.673279 2.189127
v -1.038126 -0.623764 2.223650
v -0.999955 -0.529235 2.247130
v -0.946529 -0.392687 2.262516
v -1.100714 -0.891207 2.270687
v -1.090527 -0.879852 2.316521
v -1.061262 -0.813092 2.346509
v -1.012792 -0.688897 2.361111
v -0.947816 -0.515718 2.365728
v -1.127884 -1.077124 2.344220
v -1.131140 -1.110556 2.404281
v -1.113900 -1.083637 2.446391
v -1.073840 -0.986134 2.467394
v -1.012567 -0.821864 2.469596
v -0.935062 -0.607140 2.461740
v -1.137421 -1.214556 2.404131
v -1.154743 -1.295068 2.479535
v -1.151824 -1.316297 2.536972
v -1.123487 -1.257494 2.569564
v -1.069254 -1.114969 2.576446
v -0.993876 -0.904131 2.564213
v -0.904577 -0.648940 2.544955
v -1.126092 -1.289757 2.444865
v -1.155859 -1.411471 2.533945
v -1.168104 -1.484083 2.608185
v -1.154908 -1.476657 2.657233
v -1.111807 -1.370522 2.675016
v -1.041928 -1.175565 2.665195
v -0.953504 -0.920014 2.639202
v -0.855281 -0.632890 2.612874
v -1.093947 -1.301067 2.465067
v -1.132053 -1.448860 2.563003
v -1.156846 -1.563067 2.651063
v -1.159593 -1.610162 2.717900
v -1.131888 -1.556428 2.752487
v -1.072255 -1.394332 2.752496
v -0.988917 -1.153294 2.728165
v -0.891707 -0.866781 2.694010
v -0.789186 -0.562425 2.668234
v -1.044470 -1.259489 2.467692
v -1.085708 -1.414316 2.568299
v -1.117816 -1.550534 2.663935
v -1.132498 -1.636717 2.743838
v -1.120844 -1.637935 2.796347
v -1.076434 -1.527567 2.812934
v -1.003728 -1.321075 2.798748
v -0.912493 -1.052937 2.766758
v -0.812288 -0.754526 2.733169
v -0.710629 -0.449528 2.718610
v -0.983315 -1.183994 2.458409
v -1.022910 -1.328610 2.556039
v -1.056948 -1.467088 2.652801
v -1.078031 -1.571570 2.739132
v -1.077918 -1.610247 2.804228
v -1.049622 -1.555087 2.838802
v -0.992256 -1.400892 2.841269
v -0.912420 -1.170646 2.820033
v -0.819358 -0.895538 2.789012
v -0.721567 -0.602530 2.766293
v -0.625213 -0.310798 2.774726
v -0.916694 -1.095553 2.443576
v -0.951020 -1.217066 2.534070
v -0.982650 -1.342239 2.626793
v -1.005361 -1.447674 2.713819
v -1.012017 -1.506061 2.785780
v -0.996062 -1.491576 2.833924
v -0.954293 -1.390538 2.853758
v -0.889194 -1.210336 2.848339
v -0.807645 -0.973955 2.827681
v -0.717755 -0.707508 2.806914
v -0.626471 -0.432555 2.805920
v -0.538998 -0.164214 2.847289
v -0.850187 -1.012949 2.428711
v -0.876907 -1.103143 2.509654
v -0.903068 -1.204198 2.594851
v -0.923674 -1.297305 2.678132
v -0.932837 -1.359946 2.751837
v -0.924780 -1.369580 2.808257
v -0.895603 -1.310221 2.842047
v -0.845135 -1.179419 2.852884
v -0.777294 -0.989354 2.846624
v -0.698467 -0.760403 2.834785
v -0.615306 -0.513314 2.833809
v -0.533385 -0.264886 2.863495
v -0.457940 -0.027289 2.939535
v -0.788156 -0.950714 2.417689
v -0.806079 -1.005537 2.488265
v -0.824925 -1.075972 2.564151
v -0.840825 -1.147539 2.640786
v -0.849101 -1.202291 2.712248
v -0.844922 -1.221349 2.772164
v -0.824443 -1.189165 2.815355
v -0.786162 -1.098497 2.839841
v -0.731680 -0.953143 2.848371
v -0.665236 -0.766006 2.848887
v -0.592295 -0.553991 2.854153
v -0.518180 -0.333379 2.880332
v -0.447866 -0.117692 2.941764
v -0.386654 0.081685 3.038846
v -0.202566 0.206106 3.233875
v -0.167861 0.112212 3.204860
v -0.138047 0.246050 3.281397
v -0.130818 0.017833 3.172107
v -0.099408 0.140555 3.240085
v -0.067412 0.282420 3.317490
v -0.091633 -0.075735 3.137163
v -0.058979 0.037015 3.195825
v -0.025516 0.164538 3.262562
v 0.008629 0.310480 3.336326
v -0.050672 -0.167594 3.101137
v -0.016954 -0.063454 3.150636
v 0.017585 0.052013 3.206244
v 0.052614 0.181016 3.267670
v 0.088178 0.325577 3.332714
v -0.008481 -0.257089 3.064672
v 0.026245 -0.160333 3.105850
v 0.061717 -0.054633 3.150956
v 0.097409 0.061005 3.200025
v 0.132965 0.187502 3.251894
v 0.168358 0.324860 3.303449
v 0.034251 -0.343654 3.028015
v 0.069990 -0.253363 3.062106
v 0.106394 -0.155598 3.098054
v 0.142781 -0.050177 3.135944
v 0.178509 0.062933 3.175185
v 0.213100 0.183214 3.213952
v 0.246285 0.308733 3.248626
v 0.076758 -0.426744 2.991122
v 0.113521 -0.342316 3.019488
v 0.150894 -0.251237 3.047968
v 0.188098 -0.153768 3.076535
v 0.224307 -0.050407 3.104848
v 0.258761 0.057923 3.131878
v 0.290860 0.169474 3.155508
v 0.320296 0.279428 3.171318
v 0.118280 -0.505815 2.953837
v 0.156038 -0.426897 2.977748
v 0.194394 -0.341751 3.000459
v 0.232516 -0.250825 3.021774
v 0.269478 -0.154861 3.041395
v 0.305111 -0.059735 3.056817
v 0.340977 0.015486 3.058313
v 0.373855 0.082048 3.048659
v 0.401238 0.151763 3.033618
v 0.158128 -0.580359 2.916021
v 0.196794 -0.506747 2.936529
v 0.236087 -0.427120 2.954955
v 0.275157 -0.341962 2.970941
v 0.313842 -0.256395 2.983193
v 0.356825 -0.203649 2.982088
v 0.400688 -0.173923 2.966950
v 0.440709 -0.146886 2.943146
v 0.473494 -0.107438 2.915691
v 0.497283 -0.047957 2.888192
v 0.195738 -0.649950 2.877650
v 0.235167 -0.581495 2.895537
v 0.275280 -0.507165 2.910846
v 0.315239 -0.427385 2.923081
v 0.359074 -0.368189 2.928981
v 0.410367 -0.355447 2.922813
v 0.463285 -0.366059 2.906841
v 0.512194 -0.376318 2.884449
v 0.552704 -0.368146 2.857084
v 0.582264 -0.331442 2.825489
v 0.600212 -0.263933 2.791428
v 0.230705 -0.714293 2.838840
v 0.270702 -0.650839 2.854645
v 0.311455 -0.581649 2.867665
v 0.352388 -0.508138 2.877326
v 0.401823 -0.475977 2.881953
v 0.460474 -0.495383 2.879581
v 0.522130 -0.541472 2.872260
v 0.580410 -0.588258 2.860721
v 0.629877 -0.614330 2.842942
v 0.666901 -0.605882 2.816620
v 0.690091 -0.557751 2.781478
v 0.700093 -0.472532 2.739908
v 0.262787 -0.773247 2.799839
v 0.303124 -0.714596 2.813900
v 0.344294 -0.650384 2.825174
v 0.386255 -0.584165 2.833247
v 0.439339 -0.569549 2.839691
v 0.503474 -0.611892 2.844281
v 0.572561 -0.686927 2.848307
v 0.639870 -0.767769 2.850564
v 0.699075 -0.830117 2.846641
v 0.745256 -0.855693 2.831767
v 0.775739 -0.834705 2.803409
v 0.790407 -0.766706 2.762348
v 0.791243 -0.658918 2.712340
v 0.291890 -0.826830 2.760972
v 0.332329 -0.772730 2.773492
v 0.373670 -0.713292 2.783347
v 0.415987 -0.652171 2.790303
v 0.470392 -0.645100 2.798786
v 0.537557 -0.700075 2.809668
v 0.611890 -0.795096 2.823634
v 0.686785 -0.904040 2.838589
v 0.755468 -1.001169 2.848960
v 0.811921 -1.064351 2.848296
v 0.851911 -1.078196 2.831911
v 0.873848 -1.036854 2.798438
v 0.878964 -0.944665 2.750177
v 0.870479 -0.813211 2.692153
v 0.986077 -0.848718 2.537278
v 1.045776 -1.002292 2.537553
v 0.980637 -0.707020 2.443144
v 1.094225 -1.117888 2.525640
v 1.034199 -0.835617 2.431356
v 0.963137 -0.524828 2.334721
v 1.126623 -1.180235 2.495477
v 1.075456 -0.924270 2.407207
v 1.009835 -0.627093 2.309910
v 0.935907 -0.318808 2.217248
v 1.139923 -1.180985 2.443939
v 1.100705 -0.962270 2.366123
v 1.044063 -0.691644 2.274065
v 0.976007 -0.397684 2.180271
v 0.905054 -0.121232 2.095800
v 1.134130 -1.123569 2.372180
v 1.108253 -0.946854 2.306805
v 1.063370 -0.712846 2.224286
v 1.004527 -0.445942 2.134862
v 0.939874 -0.184572 2.049690
v 0.880933 0.023769 1.974638
v 1.112305 -1.022981 2.285382
v 1.099198 -0.886011 2.231878
v 1.067354 -0.693214 2.160883
v 1.020290 -0.462969 2.079790
v 0.965210 -0.229135 1.998394
v 0.912850 -0.036462 1.924382
v 0.874677 0.072902 1.863799
v 1.079679 -0.902174 2.191324
v 1.077320 -0.797679 2.147295
v 1.058141 -0.644771 2.087486
v 1.024101 -0.455792 2.016569
v 0.981000 -0.258449 1.942255
v 0.938294 -0.092559 1.872607
v 0.906252 0.002896 1.814995
v 0.876080 0.067534 1.761787
v 1.042625 -0.787930 2.098646
v 1.048265 -0.706276 2.060799
v 1.040110 -0.587463 2.010170
v 1.018902 -0.439012 1.949269
v 0.988908 -0.282212 1.883727
v 0.957949 -0.150618 1.821056
v 0.932839 -0.070656 1.767174
v 0.904496 -0.002639 1.713940
v 0.872118 0.060034 1.660778
v 1.007666 -0.706244 2.015073
v 1.018502 -0.637985 1.980193
v 1.019053 -0.545198 1.936038
v 1.009296 -0.432300 1.883670
v 0.992166 -0.315126 1.827120
v 0.973766 -0.220749 1.772903
v 0.953531 -0.146763 1.720850
v 0.927663 -0.076248 1.667677
v 0.897155 -0.010708 1.614491
v 0.863024 0.050313 1.562522
v 0.980482 -0.678074 1.946521
v 0.994175 -0.615837 1.912184
v 1.000969 -0.540878 1.871971
v 1.000577 -0.456320 1.826187
v 0.994962 -0.374134 1.777855
v 0.985020 -0.304669 1.727694
v 0.969256 -0.245397 1.674270
v 0.947477 -0.188315 1.619675
v 0.919967 -0.127532 1.565835
v 0.887548 -0.061185 1.514162
v 0.851472 0.008392 1.465419
v 0.964854 -0.715351 1.896947
v 0.979888 -0.655264 1.861856
v 0.990550 -0.590552 1.823467
v 0.995982 -0.521772 1.781116
v 0.996491 -0.464406 1.733711
v 0.991981 -0.424362 1.681343
v 0.981534 -0.391295 1.625983
v 0.964528 -0.354061 1.569877
v 0.940868 -0.303922 1.515111
v 0.911092 -0.237181 1.463268
v 0.876346 -0.156031 1.415242
v 0.838181 -0.067309 1.371222
v 0.951040 -0.773143 1.855990
v 0.967276 -0.717070 1.820572
v 0.979677 -0.656303 1.782379
v 0.988255 -0.603492 1.739332
v 0.993442 -0.576490 1.690138
v 0.994085 -0.567389 1.636127
v 0.988975 -0.563887 1.579280
v 0.977126 -0.551972 1.521851
v 0.958025 -0.519519 1.465994
v 0.931840 -0.459837 1.413452
v 0.899460 -0.373578 1.365339
v 0.862362 -0.268080 1.322047
v 0.822334 -0.154601 1.283304
v 0.933901 -0.826046 1.817555
v 0.950807 -0.773962 1.781941
v 0.964633 -0.720785 1.743680
v 0.976424 -0.693559 1.699382
v 0.985561 -0.694639 1.649080
v 0.990786 -0.715455 1.594095
v 0.990724 -0.742606 1.536313
v 0.984097 -0.759840 1.477905
v 0.970006 -0.751644 1.421021
v 0.948189 -0.707504 1.367509
v 0.919172 -0.625081 1.318680
v 0.884219 -0.510660 1.275175
v 0.845084 -0.376669 1.236963
v 0.803689 -0.237744 1.203432
v 0.697556 -0.227091 1.003878
v 0.694381 -0.374663 0.955932
v 0.645603 -0.138529 0.948632
v 0.688035 -0.535847 0.910453
v 0.637875 -0.264297 0.901295
v 0.588004 -0.050678 0.893336
v 0.677637 -0.702755 0.869002
v 0.626683 -0.401704 0.857223
v 0.575357 -0.153110 0.847526
v 0.525906 0.019446 0.838265
v 0.662315 -0.864911 0.833119
v 0.611294 -0.543801 0.818049
v 0.559096 -0.266033 0.805888
v 0.508284 -0.060997 0.794877
v 0.460858 0.052615 0.783907
v 0.641281 -1.009982 0.804205
v 0.591039 -0.681524 0.785325
v 0.538702 -0.383874 0.770033
v 0.487072 -0.151554 0.756661
v 0.438514 -0.009383 0.743801
v 0.393437 0.061395 0.730668
v 0.613991 -1.125508 0.783374
v 0.565408 -0.804469 0.760360
v 0.513769 -0.499336 0.741415
v 0.461997 -0.248138 0.725109
v 0.412923 -0.081573 0.709889
v 0.372185 -0.003044 0.693373
v 0.337712 0.066827 0.665216
v 0.580316 -1.201658 0.771272
v 0.534175 -0.902584 0.744053
v 0.484089 -0.604100 0.721146
v 0.432949 -0.345241 0.701455
v 0.384184 -0.161366 0.683445
v 0.347990 -0.074669 0.665029
v 0.320657 -0.007351 0.631105
v 0.307885 0.066390 0.562492
v 0.540710 -1.234138 0.767935
v 0.497539 -0.968549 0.736745
v 0.449749 -0.690313 0.709847
v 0.400017 -0.436499 0.686514
v 0.351253 -0.243885 0.665445
v 0.316386 -0.147471 0.644763
v 0.290471 -0.084421 0.615558
v 0.282106 -0.016504 0.539978
v 0.358373 0.043712 0.386757
v 0.496245 -1.225772 0.772712
v 0.456212 -1.000036 0.738108
v 0.411212 -0.752632 0.707510
v 0.363557 -0.515981 0.680546
v 0.315996 -0.325770 0.656239
v 0.277216 -0.218415 0.632975
v 0.248375 -0.156917 0.611184
v 0.232220 -0.095328 0.558690
v 0.241494 -0.041225 0.414139
v 0.333844 0.039378 0.117088
v 0.448481 -1.185773 0.784378
v 0.411397 -1.000683 0.747188
v 0.369359 -0.789992 0.713467
v 0.324228 -0.579890 0.683179
v 0.278447 -0.402364 0.655705
v 0.235329 -0.289306 0.630140
v 0.202022 -0.224095 0.608076
v 0.173474 -0.163121 0.584994
v 0.155787 -0.105880 0.503641
v 0.141034 -0.151714 0.319421
v 0.245896 -0.239084 -0.136027
v 0.399204 -1.127178 0.801345
v 0.364639 -0.979207 0.762531
v 0.325429 -0.806200 0.726492
v 0.282995 -0.627941 0.693451
v 0.239380 -0.471128 0.663117
v 0.196933 -0.364425 0.634939
v 0.156499 -0.291275 0.611212
v 0.121742 -0.226496 0.594020
v 0.086893 -0.165246 0.570605
v 0.041461 -0.121445 0.484476
v -0.026100 -0.207029 0.321383
v -0.257964 -0.217773 -0.057113
v 0.350157 -1.063815 0.821918
v 0.317582 -0.947130 0.782430
v 0.280860 -0.808982 0.744967
v 0.241037 -0.663668 0.709910
v 0.199755 -0.532242 0.677252
v 0.159012 -0.438869 0.646743
v 0.118150 -0.365197 0.620938
v 0.077105 -0.292698 0.602177
v 0.038613 -0.226692 0.590409
v -0.008978 -0.168601 0.572662
v -0.073825 -0.117063 0.508531
v -0.156679 -0.102799 0.407581
v -0.268374 -0.028478 0.300431
v 0.302826 -1.007876 0.844483
v 0.271745 -0.916156 0.805143
v 0.237083 -0.807966 0.767120
v 0.199614 -0.693475 0.730861
v 0.160624 -0.588693 0.696549
v 0.121592 -0.510509 0.664355
v 0.081701 -0.438826 0.636922
v 0.041093 -0.366704 0.615887
v 0.000506 -0.295531 0.602051
v -0.043078 -0.231399 0.595019
v -0.093669 -0.176082 0.587858
v -0.153042 -0.123458 0.558346
v -0.215245 -0.068597 0.518369
v -0.265141 -0.006658 0.503050
v -0.358563 0.004460 0.730179
v -0.399529 -0.058659 0.748962
v -0.410159 0.016202 0.778432
v -0.448343 -0.194701 0.764872
v -0.458355 -0.084176 0.794576
v -0.466597 0.012685 0.830516
v -0.502261 -0.412124 0.781102
v -0.512254 -0.269796 0.810481
v -0.519628 -0.132922 0.846920
v -0.524749 -0.011102 0.889494
v -0.559592 -0.698551 0.799120
v -0.570516 -0.533901 0.827228
v -0.577715 -0.361708 0.863346
v -0.581651 -0.195001 0.906627
v -0.582939 -0.046028 0.955691
v -0.617726 -1.028756 0.820940
v -0.630789 -0.856499 0.846865
v -0.638875 -0.659724 0.881548
v -0.642437 -0.453906 0.924419
v -0.642222 -0.255498 0.974265
v -0.639154 -0.079594 1.029254
v -0.673423 -1.366859 0.848169
v -0.689883 -1.204696 0.871414
v -0.700103 -0.998998 0.903859
v -0.704453 -0.766098 0.945159
v -0.703707 -0.525646 0.994421
v -0.698927 -0.297523 1.050102
v -0.691354 -0.099230 1.109969
v -0.723237 -1.671585 0.881751
v -0.744200 -1.537142 0.902117
v -0.757789 -1.340392 0.931977
v -0.764208 -1.096914 0.971062
v -0.764202 -0.828152 1.018618
v -0.758881 -0.557575 1.073460
v -0.749601 -0.307563 1.133785
v -0.737872 -0.096815 1.197009
v -0.763961 -1.902585 0.922276
v -0.790202 -1.810434 0.939673
v -0.808202 -1.639757 0.966774
v -0.817926 -1.404005 1.003357
v -0.820027 -1.124980 1.048643
v -0.815597 -0.828090 1.101553
v -0.806010 -0.539031 1.160708
v -0.792844 -0.281030 1.224077
v -0.777797 -0.072329 1.288748
v -0.793138 -2.027449 0.970001
v -0.824878 -1.985767 0.984533
v -0.847980 -1.855030 1.008752
v -0.862080 -1.644879 1.042568
v -0.867634 -1.375716 1.085208
v -0.865602 -1.072793 1.135584
v -0.857307 -0.763235 1.192462
v -0.844291 -0.473113 1.254318
v -0.828288 -0.224788 1.318827
v -0.811107 -0.034456 1.382754
v -0.810150 -2.037906 1.024088
v -0.846364 -2.037529 1.036654
v -0.874769 -1.955120 1.058001
v -0.894045 -1.786463 1.088740
v -0.904229 -1.546907 1.128310
v -0.906027 -1.259436 1.175675
v -0.900607 -0.950722 1.229622
v -0.889419 -0.647961 1.288846
v -0.874129 -0.376054 1.351591
v -0.856570 -0.155022 1.415114
v -0.838555 0.002233 1.475978
v -0.817105 -1.963066 1.081902
v -0.856060 -1.985243 1.093784
v -0.888671 -1.941423 1.113121
v -0.913083 -1.819372 1.140907
v -0.928523 -1.622883 1.177168
v -0.935200 -1.368774 1.221150
v -0.933976 -1.080798 1.271730
v -0.926120 -0.785332 1.327690
v -0.913156 -0.508106 1.387591
v -0.896826 -0.271458 1.449251
v -0.879007 -0.091820 1.509523
v -0.861373 0.021868 1.565092
v -0.816778 -1.839436 1.140646
v -0.857052 -1.870272 1.152747
v -0.892354 -1.849782 1.171114
v -0.920814 -1.764955 1.196738
v -0.941175 -1.612323 1.230006
v -0.953036 -1.400330 1.270579
v -0.956776 -1.146822 1.317607
v -0.953330 -0.874884 1.369996
v -0.943997 -0.609066 1.426484
v -0.930342 -0.372270 1.485286
v -0.914156 -0.183051 1.543720
v -0.897206 -0.053493 1.598547
v -0.880605 0.015606 1.647462
v -0.811568 -1.696081 1.198166
v -0.852070 -1.726254 1.211047
v -0.888775 -1.717248 1.229202
v -0.919978 -1.657493 1.253502
v -0.944276 -1.540928 1.284441
v -0.960867 -1.370061 1.321985
v -0.969639 -1.156264 1.365595
v -0.971101 -0.917562 1.414394
v -0.966221 -0.675389 1.467268
v -0.956314 -0.451417 1.522699
v -0.942979 -0.264696 1.578422
v -0.927930 -0.129273 1.631508
v -0.912605 -0.051666 1.679234
v -0.895290 0.004045 1.724330
v -0.298355 0.073665 3.114868
v -0.342333 -0.047250 3.039377
v -0.268197 -0.006991 3.101721
v -0.394668 -0.198474 2.966309
v -0.308351 -0.099694 3.042154
v -0.234985 -0.090624 3.084692
v -0.452139 -0.362810 2.911429
v -0.354796 -0.219846 2.979138
v -0.274112 -0.176369 3.032187
v -0.198821 -0.175424 3.064779
v -0.510399 -0.525885 2.875273
v -0.405433 -0.355083 2.924378
v -0.314629 -0.265150 2.980597
v -0.237520 -0.260037 3.017039
v -0.160077 -0.260353 3.042429
v -0.565018 -0.674047 2.849357
v -0.456365 -0.490102 2.881073
v -0.358230 -0.368891 2.929373
v -0.276699 -0.344084 2.970069
v -0.198088 -0.343894 2.998942
v -0.119298 -0.344429 3.017877
v -0.611968 -0.795066 2.823698
v -0.503631 -0.611830 2.844419
v -0.402098 -0.475875 2.882200
v -0.315596 -0.427273 2.923364
v -0.236474 -0.427029 2.955192
v -0.156447 -0.426833 2.977919
v -0.077182 -0.426711 2.991209
v -0.648266 -0.880491 2.790963
v -0.543952 -0.710350 2.807546
v -0.443012 -0.574560 2.837775
v -0.353624 -0.510200 2.876309
v -0.274484 -0.509182 2.910644
v -0.193914 -0.508749 2.936712
v -0.113376 -0.507766 2.953950
v -0.034512 -0.506297 2.962429
v -0.672684 -0.928090 2.747766
v -0.575336 -0.780669 2.765396
v -0.478549 -0.657575 2.792596
v -0.389983 -0.592104 2.828556
v -0.311320 -0.589562 2.864770
v -0.230966 -0.589375 2.893766
v -0.149871 -0.588050 2.914587
v -0.069734 -0.585663 2.927064
v 0.007905 -0.582353 2.931568
v -0.686009 -0.942726 2.694412
v -0.597500 -0.823933 2.716078
v -0.507590 -0.722761 2.744036
v -0.423129 -0.668315 2.779452
v -0.346207 -0.667237 2.817198
v -0.266842 -0.667758 2.848703
v -0.185960 -0.666605 2.872742
v -0.105269 -0.663836 2.888931
v -0.026386 -0.659609 2.897400
v 0.049308 -0.654158 2.898736
v -0.690675 -0.934983 2.633820
v -0.611790 -0.847037 2.660597
v -0.530457 -0.773263 2.691599
v -0.452551 -0.738392 2.728656
v -0.378473 -0.741238 2.767829
v -0.300822 -0.742880 2.801376
v -0.220925 -0.742387 2.828214
v -0.140441 -0.739771 2.847795
v -0.061017 -0.735178 2.860024
v 0.015874 -0.728864 2.865252
v 0.089044 -0.721150 2.864176
v -0.689993 -0.918280 2.570126
v -0.620686 -0.860610 2.601809
v -0.548663 -0.816280 2.636775
v -0.478696 -0.805288 2.676917
v -0.407608 -0.810683 2.716866
v -0.332292 -0.813777 2.751927
v -0.254097 -0.814368 2.781089
v -0.174577 -0.812407 2.803665
v -0.095350 -0.807996 2.819374
v -0.017935 -0.801378 2.828339
v 0.056376 -0.792898 2.831052
v 0.126600 -0.782953 2.828261
v -0.687355 -0.905837 2.507509
v -0.627084 -0.876238 2.543293
v -0.564377 -0.860828 2.582282
v -0.501246 -0.867632 2.624721
v -0.433303 -0.874876 2.664783
v -0.360807 -0.879641 2.700794
v -0.284923 -0.881649 2.731733
v -0.207061 -0.880772 2.756828
v -0.128755 -0.877048 2.775639
v -0.051516 -0.870679 2.788096
v 0.023304 -0.861996 2.794477
v 0.094614 -0.851417 2.795348
v 0.161626 -0.839390 2.791450
v -0.685664 -0.908394 2.449490
v -0.633671 -0.903984 2.488508
v -0.579299 -0.913086 2.530706
v -0.520067 -0.924284 2.572569
v -0.455453 -0.933371 2.612223
v -0.386109 -0.939909 2.648615
v -0.313007 -0.943547 2.680754
v -0.237390 -0.944081 2.707824
v -0.160665 -0.941469 2.729275
v -0.084283 -0.935848 2.744868
v -0.009605 -0.927509 2.754693
v 0.062205 -0.916854 2.759121
v 0.130251 -0.904350 2.758735
v 0.193922 -0.890474 2.754243
v 1.007576 -1.131167 2.689343
v 1.025127 -1.288706 2.756774
v 1.072739 -1.310198 2.701877
v 1.026646 -1.398602 2.810292
v 1.088421 -1.464151 2.768330
v 1.125308 -1.445762 2.699254
v 1.007106 -1.442431 2.843162
v 1.083851 -1.555636 2.815595
v 1.135404 -1.582965 2.759806
v 1.158509 -1.514530 2.673303
v 0.964760 -1.414027 2.852697
v 1.053821 -1.565275 2.836845
v 1.120686 -1.641278 2.795678
v 1.158313 -1.617708 2.722095
v 1.168377 -1.504201 2.619854
v 0.902068 -1.322960 2.841390
v 0.999154 -1.496966 2.832572
v 1.078243 -1.610337 2.802902
v 1.131399 -1.636061 2.744060
v 1.155883 -1.566816 2.654481
v 1.156084 -1.422564 2.541429
v 0.824421 -1.189172 2.815341
v 0.924767 -1.369582 2.808249
v 1.012008 -1.506061 2.785775
v 1.078024 -1.571571 2.739128
v 1.117809 -1.550539 2.663932
v 1.132046 -1.448864 2.563000
v 1.126083 -1.289762 2.444859
v 0.738813 -1.038011 2.782602
v 0.837633 -1.208745 2.771868
v 0.928364 -1.352511 2.751541
v 1.003213 -1.443812 2.712940
v 1.056152 -1.463647 2.650264
v 1.085138 -1.407875 2.563005
v 1.092746 -1.289423 2.456391
v 1.084522 -1.131861 2.339142
v 0.652743 -0.896915 2.751252
v 0.745748 -1.043346 2.732546
v 0.835292 -1.178724 2.709335
v 0.914354 -1.280152 2.673906
v 0.976688 -1.328006 2.620002
v 1.018638 -1.312348 2.545041
v 1.040291 -1.237012 2.451234
v 1.045082 -1.117944 2.344818
v 1.038272 -0.977302 2.233873
v 0.573309 -0.792810 2.726918
v 0.657085 -0.902643 2.698466
v 0.741309 -1.015508 2.668602
v 0.820011 -1.111662 2.631696
v 0.887318 -1.172594 2.582072
v 0.938852 -1.185722 2.516174
v 0.972936 -1.148494 2.434017
v 0.990914 -1.069311 2.339317
v 0.996415 -0.964538 2.238257
v 0.994118 -0.853608 2.137627
v 0.506517 -0.749163 2.711295
v 0.578724 -0.813601 2.674463
v 0.654415 -0.892448 2.636775
v 0.728781 -0.969642 2.595247
v 0.796693 -1.028858 2.545805
v 0.853720 -1.057028 2.485037
v 0.897188 -1.047865 2.411747
v 0.926785 -1.003776 2.327633
v 0.944443 -0.935012 2.236865
v 0.953562 -0.856487 2.144842
v 0.958048 -0.783841 2.056822
v 0.456432 -0.780611 2.704339
v 0.516202 -0.797341 2.661691
v 0.581272 -0.834787 2.617439
v 0.648269 -0.882367 2.570524
v 0.713015 -0.926876 2.518741
v 0.771477 -0.956301 2.459686
v 0.820615 -0.962751 2.391953
v 0.859051 -0.944595 2.316026
v 0.887276 -0.906824 2.234406
v 0.907320 -0.859427 2.151001
v 0.922067 -0.814508 2.070146
v 0.934520 -0.783347 1.995731
v 0.413034 -0.837557 2.698703
v 0.469335 -0.848795 2.658067
v 0.526437 -0.858685 2.611542
v 0.584327 -0.871246 2.560054
v 0.643093 -0.891512 2.505228
v 0.699501 -0.910293 2.445837
v 0.750620 -0.919818 2.380908
v 0.794546 -0.916288 2.310498
v 0.830751 -0.900847 2.236043
v 0.860056 -0.879067 2.160207
v 0.884248 -0.859195 2.086319
v 0.904976 -0.847577 2.017092
v 0.920776 -0.836434 1.951331
v 0.370284 -0.889196 2.690166
v 0.424386 -0.902294 2.652508
v 0.479676 -0.914087 2.609320
v 0.535285 -0.924151 2.560492
v 0.590183 -0.932071 2.506157
v 0.643242 -0.937487 2.446742
v 0.693335 -0.940182 2.382978
v 0.739443 -0.940106 2.315884
v 0.780601 -0.936733 2.246519
v 0.816397 -0.930874 2.176333
v 0.846521 -0.922598 2.106539
v 0.871020 -0.912291 2.038284
v 0.890182 -0.900385 1.972515
v 0.904481 -0.887317 1.909946
v 0.787364 -0.486154 1.083138
v 0.831265 -0.680660 1.111668
v 0.789959 -0.687123 1.034951
v 0.872913 -0.869702 1.145564
v 0.835139 -0.914200 1.063750
v 0.789193 -0.902489 0.989054
v 0.910025 -1.031974 1.185647
v 0.877155 -1.127434 1.098695
v 0.834941 -1.158184 1.018560
v 0.783895 -1.120449 0.946900
v 0.940383 -1.147029 1.232249
v 0.913338 -1.299925 1.140622
v 0.876442 -1.388818 1.054916
v 0.829242 -1.396648 0.977582
v 0.772800 -1.325377 0.909999
v 0.962310 -1.201641 1.285062
v 0.941195 -1.407145 1.189902
v 0.910619 -1.561379 1.099084
v 0.869090 -1.633590 1.015810
v 0.816490 -1.609006 0.942466
v 0.754657 -1.498780 0.879879
v 0.975113 -1.195252 1.342977
v 0.959116 -1.436426 1.246090
v 0.934761 -1.647825 1.151516
v 0.899966 -1.792076 1.062757
v 0.853296 -1.836482 0.983212
v 0.795167 -1.771600 0.914944
v 0.728459 -1.622167 0.857910
v 0.979198 -1.140488 1.404151
v 0.966902 -1.393449 1.307680
v 0.947603 -1.639603 1.211479
v 0.919112 -1.842445 1.118900
v 0.879445 -1.963297 1.033625
v 0.827340 -1.969171 0.959060
v 0.764174 -1.862771 0.896502
v 0.693827 -1.682493 0.844963
v 0.975819 -1.058432 1.466314
v 0.965654 -1.299432 1.372332
v 0.949773 -1.553104 1.276840
v 0.926094 -1.787081 1.182861
v 0.892546 -1.963822 1.093911
v 0.847425 -2.045967 1.013619
v 0.790235 -2.009531 0.944815
v 0.723555 -1.873729 0.887712
v 0.651363 -1.677903 0.841056
v 0.966662 -0.972113 1.527131
v 0.957234 -1.182327 1.437410
v 0.943176 -1.419374 1.344709
v 0.922638 -1.656644 1.251701
v 0.893656 -1.860746 1.161550
v 0.854458 -1.995824 1.077722
v 0.804038 -2.032303 1.003356
v 0.743186 -1.963850 0.940165
v 0.674844 -1.814383 0.887891
v 0.602634 -1.618405 0.845319
v 0.953479 -0.901357 1.584488
v 0.943719 -1.068802 1.500419
v 0.930187 -1.271676 1.412174
v 0.911311 -1.489669 1.322115
v 0.885363 -1.695326 1.233013
v 0.850691 -1.857067 1.147979
v 0.806131 -1.945478 1.070089
v 0.751634 -1.943484 1.001669
v 0.688784 -1.855753 0.943632
v 0.620443 -1.705398 0.895544
v 0.549780 -1.521267 0.856282
v 0.937849 -0.860018 1.636682
v 0.927044 -0.979497 1.559253
v 0.913112 -1.138045 1.476708
v 0.894752 -1.321293 1.391123
v 0.870524 -1.508189 1.304907
v 0.838988 -1.672842 1.220780
v 0.799008 -1.788757 1.141562
v 0.750165 -1.835623 1.069724
v 0.693165 -1.806651 1.006856
v 0.629898 -1.711239 0.953402
v 0.562973 -1.569839 0.908862
v 0.495063 -1.405775 0.872226
v 0.921037 -0.855365 1.682594
v 0.908812 -0.927268 1.612316
v 0.893912 -1.038012 1.536313
v 0.875293 -1.178260 1.456304
v 0.851785 -1.332913 1.374372
v 0.822204 -1.482048 1.292871
v 0.785542 -1.603589 1.214302
v 0.741254 -1.677838 1.141038
v 0.689560 -1.692848 1.074950
v 0.631599 -1.648212 1.017085
v 0.569279 -1.554527 0.967612
v 0.504868 -1.428910 0.926025
v 0.440556 -1.289605 0.891428
v 0.903908 -0.888762 1.722500
v 0.890213 -0.917501 1.658764
v 0.874094 -0.982162 1.589585
v 0.854770 -1.077336 1.515862
v 0.831327 -1.192968 1.439204
v 0.802820 -1.314626 1.361627
v 0.768413 -1.425106 1.285314
v 0.727572 -1.507324 1.212434
v 0.680279 -1.548121 1.144893
v 0.627187 -1.541678 1.084054
v 0.569606 -1.490847 1.030596
v 0.509297 -1.405617 0.984528
v 0.448162 -1.299663 0.945365
v 0.387944 -1.186827 0.912328
v -0.297379 -0.067978 0.660122
v -0.267724 -0.125053 0.645128
v -0.324818 -0.117923 0.685795
v -0.231030 -0.181882 0.634195
v -0.295645 -0.175642 0.667037
v -0.362401 -0.210753 0.703674
v -0.189802 -0.238660 0.625878
v -0.260697 -0.235447 0.653986
v -0.333695 -0.277592 0.686733
v -0.411715 -0.389552 0.721688
v -0.147454 -0.299329 0.624177
v -0.222988 -0.298852 0.647414
v -0.301396 -0.344716 0.675900
v -0.382923 -0.464240 0.707118
v -0.464950 -0.638899 0.741409
v -0.108342 -0.368236 0.629042
v -0.185443 -0.368313 0.647650
v -0.265571 -0.409920 0.672072
v -0.349783 -0.531319 0.699341
v -0.435495 -0.715074 0.729964
v -0.519749 -0.935868 0.764627
v -0.068368 -0.439556 0.641138
v -0.145904 -0.440334 0.655214
v -0.226564 -0.471922 0.675782
v -0.312340 -0.587380 0.699183
v -0.400750 -0.772316 0.726005
v -0.488717 -1.002009 0.757097
v -0.573052 -1.246489 0.793044
v -0.027694 -0.511359 0.660194
v -0.104898 -0.513329 0.670024
v -0.185067 -0.531512 0.687021
v -0.271027 -0.631393 0.706981
v -0.360824 -0.807206 0.730172
v -0.451370 -1.035801 0.757615
v -0.539319 -1.287493 0.790072
v -0.621528 -1.530993 0.827772
v 0.012941 -0.582271 0.685498
v -0.063179 -0.585859 0.691568
v -0.142145 -0.592528 0.705157
v -0.226758 -0.666216 0.722409
v -0.316385 -0.820978 0.742490
v -0.408051 -1.036187 0.766519
v -0.498371 -1.283583 0.795460
v -0.584011 -1.531790 0.829760
v -0.662120 -1.751333 0.869353
v 0.052809 -0.650993 0.716047
v -0.021543 -0.656512 0.718974
v -0.099122 -0.661201 0.729009
v -0.180910 -0.699237 0.744442
v -0.268709 -0.820741 0.762215
v -0.359833 -1.009273 0.783396
v -0.451000 -1.239168 0.809100
v -0.538803 -1.480191 0.840023
v -0.620165 -1.702421 0.876316
v -0.692692 -1.880529 0.917724
v 0.091263 -0.716413 0.750668
v 0.019249 -0.724036 0.751128
v -0.056478 -0.730620 0.757958
v -0.135187 -0.741578 0.771453
v -0.219577 -0.818969 0.787895
v -0.308468 -0.968184 0.807049
v -0.398819 -1.167234 0.830084
v -0.487299 -1.388376 0.857911
v -0.570727 -1.602548 0.890920
v -0.646482 -1.783834 0.929038
v -0.712755 -1.912931 0.971833
v 0.127914 -0.779787 0.788003
v 0.058531 -0.787436 0.786799
v -0.014768 -0.796036 0.791065
v -0.091199 -0.803117 0.801662
v -0.171030 -0.831176 0.817561
v -0.256146 -0.930717 0.835647
v -0.344047 -1.087003 0.856807
v -0.431626 -1.276007 0.882060
v -0.515751 -1.470903 0.912028
v -0.593671 -1.646351 0.946852
v -0.663337 -1.782235 0.986249
v -0.723572 -1.866246 1.029594
v 0.162841 -0.847546 0.826444
v 0.095780 -0.846033 0.824761
v 0.025337 -0.856627 0.827092
v -0.048616 -0.865615 0.835013
v -0.125038 -0.872610 0.849056
v -0.205140 -0.915645 0.866995
v -0.289148 -1.020005 0.887187
v -0.374306 -1.166243 0.910605
v -0.457667 -1.330951 0.938019
v -0.536482 -1.490516 0.969784
v -0.608536 -1.624787 1.005818
v -0.672360 -1.719804 1.045661
v -0.727320 -1.769169 1.088566
v 0.195362 -0.912446 0.865433
v 0.130635 -0.899457 0.863901
v 0.063323 -0.911910 0.864856
v -0.007735 -0.922751 0.870691
v -0.081680 -0.931531 0.881956
v -0.157464 -0.938974 0.898913
v -0.236457 -0.985919 0.918989
v -0.317864 -1.081469 0.941420
v -0.399047 -1.206452 0.966972
v -0.477384 -1.340008 0.996164
v -0.550599 -1.462889 1.029121
v -0.617004 -1.560198 1.065592
v -0.675621 -1.623025 1.105023
v -0.726177 -1.648715 1.146638
v -0.927656 -0.063330 1.838007
v -0.944613 -0.115987 1.794245
v -0.957342 -0.164592 1.889897
v -0.959475 -0.177868 1.750625
v -0.967737 -0.196865 1.841117
v -0.992652 -0.307811 1.950195
v -0.970763 -0.252594 1.705379
v -0.976533 -0.242399 1.792864
v -0.995128 -0.315758 1.895783
v -1.027974 -0.473977 2.015339
v -0.980058 -0.373415 1.655874
v -0.984882 -0.310072 1.747651
v -0.994777 -0.334028 1.840655
v -1.021251 -0.453723 1.953941
v -1.057263 -0.640519 2.080431
v -0.986091 -0.533152 1.604425
v -0.990402 -0.413557 1.699804
v -0.994760 -0.378671 1.789568
v -1.010897 -0.442538 1.891233
v -1.040461 -0.589869 2.010607
v -1.075428 -0.787117 2.139991
v -0.987343 -0.715989 1.553615
v -0.992006 -0.552404 1.649868
v -0.995661 -0.461173 1.743402
v -1.001090 -0.460378 1.832975
v -1.019988 -0.549860 1.939968
v -1.048597 -0.707767 2.061864
v -1.079699 -0.902164 2.191342
v -0.982592 -0.903569 1.505407
v -0.988296 -0.710485 1.600415
v -0.992217 -0.575089 1.695301
v -0.995670 -0.524562 1.784987
v -1.001180 -0.544760 1.875481
v -1.019057 -0.644094 1.984778
v -1.043677 -0.798658 2.106105
v -1.068105 -0.976394 2.230992
v -0.971050 -1.077841 1.461140
v -0.978263 -0.870202 1.553426
v -0.983175 -0.705619 1.647401
v -0.986868 -0.611720 1.738906
v -0.989601 -0.598271 1.824612
v -0.993012 -0.623411 1.916364
v -1.006836 -0.718885 2.024532
v -1.024834 -0.857051 2.141045
v -1.040829 -1.008264 2.257658
v -0.952446 -1.223921 1.421709
v -0.961417 -1.015464 1.510244
v -0.967807 -0.836761 1.601668
v -0.972459 -0.714330 1.692674
v -0.976425 -0.672606 1.779691
v -0.976689 -0.671356 1.864438
v -0.976057 -0.692354 1.954750
v -0.983503 -0.772318 2.058103
v -0.993351 -0.885090 2.166630
v -1.000377 -1.004746 2.272865
v -0.927061 -1.332382 1.387626
v -0.937843 -1.134300 1.471704
v -0.945961 -0.954886 1.559440
v -0.952044 -0.818395 1.648261
v -0.956961 -0.748722 1.735649
v -0.960152 -0.744376 1.819785
v -0.957207 -0.742392 1.903922
v -0.951263 -0.752169 1.990289
v -0.951056 -0.808770 2.086131
v -0.952348 -0.891578 2.184875
v -0.950910 -0.978862 2.280121
v -0.895720 -1.400324 1.359011
v -0.908173 -1.220437 1.438200
v -0.918045 -1.050825 1.521501
v -0.925782 -0.912676 1.607029
v -0.932060 -0.828200 1.693001
v -0.937395 -0.814012 1.776319
v -0.937659 -0.813194 1.859527
v -0.931800 -0.810052 1.942272
v -0.920912 -0.807851 2.023845
v -0.912775 -0.837171 2.110608
v -0.905990 -0.889134 2.198986
v -0.897225 -0.945993 2.283655
v -0.859656 -1.430800 1.335610
v -0.873488 -1.273423 1.409733
v -0.884954 -1.120678 1.488173
v -0.894339 -0.990329 1.569703
v -0.902171 -0.902504 1.652937
v -0.909243 -0.879190 1.734700
v -0.912413 -0.879884 1.816273
v -0.909746 -0.877885 1.898141
v -0.901414 -0.873282 1.978807
v -0.887883 -0.866300 2.056903
v -0.872443 -0.868251 2.134102
v -0.858582 -0.890925 2.212319
v -0.843835 -0.920580 2.287304
v -0.820314 -1.430920 1.316880
v -0.835139 -1.297399 1.385983
v -0.847900 -1.165302 1.459405
v -0.858760 -1.049026 1.536546
v -0.868134 -0.966540 1.616156
v -0.876742 -0.939145 1.695470
v -0.882390 -0.941577 1.774796
v -0.882630 -0.941058 1.855107
v -0.877459 -0.937597 1.934971
v -0.867169 -0.931360 2.013010
v -0.852304 -0.922648 2.088026
v -0.833582 -0.911858 2.159073
v -0.813833 -0.908054 2.227677
v -0.794376 -0.913965 2.293917
v -0.661495 -0.987341 2.379340
v -0.631781 -1.043542 2.357053
v -0.613089 -1.004301 2.420153
v -0.597454 -1.100139 2.331437
v -0.579811 -1.061691 2.397295
v -0.558986 -1.019805 2.460795
v -0.558397 -1.156150 2.302345
v -0.541804 -1.119103 2.370755
v -0.521977 -1.077923 2.437110
v -0.499260 -1.033280 2.500421
v -0.514701 -1.210451 2.269783
v -0.499071 -1.175433 2.340394
v -0.480239 -1.135605 2.409381
v -0.458491 -1.091573 2.475603
v -0.434268 -1.044150 2.538091
v -0.466703 -1.261850 2.233930
v -0.451857 -1.229456 2.306247
v -0.433929 -1.191649 2.377493
v -0.413142 -1.148910 2.446390
v -0.389890 -1.102005 2.511802
v -0.364688 -1.051897 2.572835
v -0.415004 -1.309195 2.195172
v -0.400682 -1.279930 2.268568
v -0.383474 -1.244761 2.341538
v -0.363554 -1.204017 2.412713
v -0.341257 -1.158349 2.480807
v -0.317057 -1.108683 2.544741
v -0.291511 -1.056116 2.603742
v -0.360440 -1.351487 2.154075
v -0.346324 -1.325698 2.227829
v -0.329580 -1.293684 2.301857
v -0.310342 -1.255578 2.374751
v -0.288899 -1.211877 2.445115
v -0.265673 -1.163408 2.511709
v -0.241183 -1.111238 2.573563
v -0.215985 -1.056573 2.630061
v -0.304021 -1.387976 2.111358
v -0.289773 -1.365831 2.184709
v -0.273192 -1.337319 2.259037
v -0.254388 -1.302376 2.332954
v -0.233614 -1.261304 2.405012
v -0.211249 -1.214781 2.473848
v -0.187766 -1.163789 2.538319
v -0.163684 -1.109521 2.597612
v -0.139514 -1.053239 2.651278
v -0.246836 -1.418239 2.067819
v -0.232145 -1.399707 2.140029
v -0.215420 -1.374849 2.213867
v -0.196768 -1.343415 2.288027
v -0.176422 -1.305503 2.361071
v -0.154728 -1.261600 2.431569
v -0.132121 -1.212549 2.498245
v -0.109077 -1.159470 2.560102
v -0.086072 -1.103625 2.616501
v -0.063532 -1.046291 2.667166
v -0.189959 -1.442189 2.024265
v -0.174573 -1.427064 2.094671
v -0.157433 -1.405816 2.167269
v -0.138659 -1.378037 2.240874
v -0.118479 -1.343632 2.314120
v -0.097221 -1.302881 2.385574
v -0.075288 -1.256449 2.453880
v -0.053124 -1.205319 2.517900
v -0.031167 -1.150697 2.576808
v -0.009812 -1.093871 2.630145
v 0.010623 -1.036085 2.677792
v -0.134355 -1.460052 1.981439
v -0.118103 -1.447996 2.049500
v -0.100345 -1.430142 2.120197
v -0.081220 -1.405965 2.192498
v -0.060962 -1.375207 2.265156
v -0.039892 -1.337955 2.336794
v -0.018398 -1.294665 2.406042
v 0.003103 -1.246150 2.471669
v 0.024201 -1.193499 2.532699
v 0.044533 -1.137950 2.588488
v 0.063806 -1.080764 2.638741
v 0.081819 -1.023114 2.683477
v -0.080818 -1.472299 1.939970
v -0.063620 -1.462893 2.005283
v -0.045121 -1.448094 2.073551
v -0.025484 -1.427306 2.143905
v -0.004953 -1.400146 2.215242
v 0.016147 -1.366529 2.286297
v 0.037438 -1.326716 2.355742
v 0.058517 -1.281325 2.422311
v 0.078992 -1.231283 2.484929
v 0.098521 -1.177723 2.542798
v 0.116836 -1.121870 2.595446
v 0.133756 -1.064917 2.642718
v 0.149187 -1.007936 2.684732
v -0.029941 -1.479565 1.900344
v -0.011797 -1.472360 1.962649
v 0.007481 -1.460205 2.028106
v 0.027715 -1.442477 2.096004
v 0.048644 -1.418709 2.165402
v 0.069942 -1.388681 2.235172
v 0.091232 -1.352481 2.304078
v 0.112116 -1.310534 2.370881
v 0.132213 -1.263581 2.434455
v 0.151193 -1.212611 2.493897
v 0.168799 -1.158755 2.548579
v 0.184865 -1.103181 2.598178
v 0.199315 -1.046985 2.642652
v 0.212149 -0.991124 2.682188
v 0.321030 -0.990402 2.643680
v 0.311504 -1.046300 2.603482
v 0.373647 -1.006507 2.605747
v 0.300049 -1.102545 2.558414
v 0.364846 -1.063573 2.562410
v 0.427612 -1.021033 2.562426
v 0.286554 -1.158177 2.508327
v 0.353801 -1.120635 2.513993
v 0.419371 -1.078829 2.515765
v 0.482105 -1.033449 2.513621
v 0.270984 -1.212097 2.453293
v 0.340363 -1.176615 2.460450
v 0.408520 -1.136190 2.463911
v 0.474167 -1.091447 2.463555
v 0.536145 -1.043235 2.459474
v 0.253407 -1.263134 2.393668
v 0.324483 -1.230309 2.402006
v 0.394885 -1.191939 2.406960
v 0.463216 -1.148521 2.408319
v 0.528168 -1.100850 2.406072
v 0.588642 -1.049933 2.400414
v 0.234005 -1.310153 2.330101
v 0.306239 -1.280489 2.339191
v 0.378414 -1.244798 2.345313
v 0.449066 -1.203415 2.348178
v 0.516758 -1.157016 2.347682
v 0.580226 -1.106563 2.343921
v 0.638488 -1.053209 2.337167
v 0.213069 -1.352162 2.263513
v 0.285847 -1.326011 2.272848
v 0.359213 -1.293518 2.279697
v 0.431684 -1.254822 2.283729
v 0.501738 -1.210433 2.284765
v 0.567967 -1.161211 2.282799
v 0.629210 -1.108274 2.278012
v 0.684657 -1.052887 2.270729
v 0.190982 -1.388419 2.195031
v 0.263655 -1.365948 2.204071
v 0.337554 -1.337003 2.211138
v 0.411229 -1.301524 2.215894
v 0.483125 -1.259820 2.218109
v 0.551730 -1.212592 2.217705
v 0.615730 -1.160866 2.214762
v 0.674126 -1.105888 2.209510
v 0.726301 -1.048985 2.202286
v 0.168183 -1.418499 2.125886
v 0.240116 -1.399679 2.134119
v 0.313858 -1.374439 2.140880
v 0.388046 -1.342524 2.145856
v 0.461149 -1.304043 2.148806
v 0.531605 -1.259497 2.149601
v 0.597980 -1.209762 2.148245
v 0.659114 -1.156001 2.144871
v 0.714202 -1.099537 2.139723
v 0.762840 -1.041710 2.133114
v 0.145123 -1.442311 2.057291
v 0.215737 -1.426937 2.064284
v 0.288657 -1.405355 2.070260
v 0.362647 -1.377156 2.074953
v 0.436250 -1.342247 2.078147
v 0.507918 -1.300921 2.079698
v 0.576150 -1.253867 2.079556
v 0.639653 -1.202104 2.077778
v 0.697454 -1.146889 2.074515
v 0.748966 -1.089562 2.069989
v 0.793982 -1.031433 2.064465
v 0.122232 -1.460080 1.990346
v 0.191034 -1.447810 1.995781
v 0.262537 -1.429670 2.000578
v 0.335649 -1.405132 2.004544
v 0.409034 -1.373939 2.007507
v 0.481209 -1.336183 2.009336
v 0.550667 -1.292341 2.009963
v 0.616035 -1.243255 2.009393
v 0.676201 -1.190052 2.007702
v 0.730402 -1.134020 2.005028
v 0.778254 -1.076471 2.001548
v 0.819724 -1.018633 1.997457
v 0.099878 -1.472266 1.925961
v 0.166489 -1.462681 1.929642
v 0.236078 -1.447643 1.932986
v 0.307712 -1.426552 1.935875
v 0.380202 -1.399021 1.938194
v 0.452172 -1.364974 1.939851
v 0.522169 -1.324682 1.940785
v 0.588794 -1.278789 1.940979
v 0.650842 -1.228251 1.940460
v 0.707401 -1.174241 1.939297
v 0.757918 -1.118031 1.937590
v 0.802185 -1.060862 1.935455
v 0.840308 -1.003849 1.933013
v 0.078357 -1.479499 1.864812
v 0.142507 -1.472148 1.866665
v 0.209806 -1.459798 1.868405
v 0.279473 -1.441820 1.869981
v 0.350477 -1.417744 1.871342
v 0.421581 -1.387355 1.872446
v 0.491427 -1.350752 1.873260
v 0.558648 -1.308374 1.873771
v 0.621996 -1.260988 1.873983
v 0.680458 -1.209615 1.873920
v 0.733325 -1.155427 1.873622
v 0.780225 -1.099630 1.873137
v 0.821101 -1.043364 1.872519
v 0.856154 -0.987623 1.871818
v 0.855824 -0.988249 1.756241
v 0.820777 -1.043877 1.753487
v 0.839636 -1.005045 1.694742
v 0.779915 -1.100035 1.750972
v 0.801532 -1.061824 1.690256
v 0.818752 -1.021081 1.630264
v 0.733030 -1.155730 1.748766
v 0.757296 -1.118773 1.686246
v 0.777271 -1.077812 1.624197
v 0.794013 -1.054916 1.562234
v 0.680185 -1.209827 1.746933
v 0.706819 -1.174780 1.682850
v 0.729472 -1.135026 1.618868
v 0.747814 -1.093649 1.555996
v 0.765354 -1.108565 1.491544
v 0.621749 -1.261119 1.745528
v 0.650307 -1.228606 1.680194
v 0.675339 -1.190753 1.614538
v 0.696227 -1.148081 1.549812
v 0.714006 -1.123218 1.485799
v 0.732146 -1.171694 1.419847
v 0.558429 -1.308437 1.744591
v 0.588316 -1.278988 1.678382
v 0.615255 -1.243689 1.611395
v 0.638531 -1.202896 1.544923
v 0.657635 -1.157698 1.480261
v 0.675656 -1.160474 1.415291
v 0.694003 -1.232973 1.348578
v 0.491237 -1.350758 1.744140
v 0.521751 -1.324750 1.677480
v 0.549978 -1.292547 1.609575
v 0.575149 -1.254312 1.541725
v 0.596625 -1.210575 1.475309
v 0.614510 -1.170325 1.411131
v 0.632625 -1.195253 1.346087
v 0.650781 -1.280896 1.279611
v 0.421422 -1.387316 1.744171
v 0.451817 -1.364933 1.677508
v 0.480618 -1.336203 1.609151
v 0.507048 -1.301079 1.540366
v 0.530415 -1.259897 1.472553
v 0.550176 -1.213367 1.407112
v 0.567296 -1.182156 1.344041
v 0.585151 -1.218865 1.279538
v 0.602737 -1.306353 1.214625
v 0.350348 -1.417670 1.744655
v 0.379911 -1.398901 1.678436
v 0.408545 -1.373814 1.610118
v 0.435521 -1.342175 1.540896
v 0.460137 -1.304109 1.472148
v 0.481788 -1.260132 1.405306
v 0.500033 -1.211125 1.341721
v 0.516546 -1.186789 1.280125
v 0.533840 -1.225233 1.217134
v 0.550588 -1.304669 1.154890
v 0.279373 -1.441722 1.745543
v 0.307484 -1.426372 1.680187
v 0.335258 -1.404900 1.612392
v 0.362056 -1.376910 1.543256
v 0.387216 -1.342331 1.474089
v 0.410117 -1.301468 1.406313
v 0.430248 -1.255015 1.341327
v 0.447267 -1.203986 1.280292
v 0.463153 -1.180762 1.220364
v 0.479670 -1.212335 1.159942
v 0.495464 -1.276460 1.101169
v 0.209734 -1.459685 1.746775
v 0.235909 -1.447424 1.682651
v 0.262242 -1.429363 1.615827
v 0.288202 -1.404986 1.547283
v 0.313207 -1.374056 1.478234
v 0.336668 -1.336672 1.410044
v 0.358052 -1.293326 1.344115
v 0.376935 -1.244865 1.281744
v 0.393083 -1.192240 1.223115
v 0.408251 -1.163814 1.165614
v 0.423901 -1.182319 1.108517
v 0.438764 -1.226979 1.053700
v 0.142459 -1.472027 1.748283
v 0.166373 -1.462440 1.685695
v 0.190827 -1.447456 1.620230
v 0.215409 -1.426489 1.552743
v 0.239636 -1.399167 1.484328
v 0.262988 -1.365422 1.416260
v 0.284954 -1.325541 1.349897
v 0.305080 -1.280167 1.286553
v 0.323027 -1.230221 1.227160
v 0.338653 -1.176504 1.170702
v 0.353100 -1.138592 1.116267
v 0.367904 -1.140500 1.062948
v 0.381965 -1.164330 1.012282
v 0.078332 -1.479375 1.749998
v 0.099812 -1.472014 1.689181
v 0.122104 -1.459702 1.625389
v 0.144912 -1.441820 1.559354
v 0.167860 -1.417911 1.492039
v 0.190517 -1.387770 1.424605
v 0.212429 -1.351502 1.358330
v 0.233153 -1.309559 1.294502
v 0.252305 -1.262709 1.234299
v 0.269643 -1.211726 1.177437
v 0.285032 -1.157558 1.123420
v 0.298933 -1.109609 1.072317
v 0.312987 -1.093701 1.022960
v 0.326420 -1.097351 0.976411
v -0.727915 -0.986922 2.283069
v -0.750108 -1.003414 2.221962
v -0.700332 -1.043069 2.258296
v -0.770241 -1.018423 2.155849
v -0.721117 -1.060710 2.194147
v -0.667950 -1.099634 2.230451
v -0.787556 -1.031404 2.085092
v -0.739568 -1.076418 2.124914
v -0.686936 -1.118069 2.163269
v -0.630576 -1.155632 2.199480
v -0.801306 -1.041815 2.010339
v -0.754921 -1.089563 2.051103
v -0.703337 -1.134044 2.091039
v -0.647409 -1.174386 2.129387
v -0.588229 -1.209936 2.165473
v -0.810824 -1.049176 1.932535
v -0.766450 -1.099543 1.973536
v -0.716412 -1.146856 2.014430
v -0.661460 -1.190091 2.054414
v -0.602637 -1.228434 2.092721
v -0.541185 -1.261356 2.128695
v -0.815610 -1.053123 1.852880
v -0.773553 -1.105859 1.893338
v -0.725493 -1.155872 1.934448
v -0.672040 -1.202000 1.975412
v -0.614143 -1.243261 2.015411
v -0.553014 -1.278960 2.053681
v -0.489995 -1.308733 2.089587
v -0.815395 -1.053455 1.772750
v -0.775831 -1.108178 1.811879
v -0.730074 -1.160607 1.852399
v -0.678574 -1.209481 1.893571
v -0.622149 -1.253663 1.934574
v -0.561927 -1.292282 1.974582
v -0.499237 -1.324805 2.012844
v -0.435471 -1.351065 2.048753
v -0.810177 -1.050169 1.693582
v -0.773141 -1.106380 1.730662
v -0.729880 -1.160803 1.769796
v -0.680677 -1.212115 1.810351
v -0.626193 -1.259066 1.851563
v -0.567435 -1.300614 1.892595
v -0.505663 -1.336048 1.932625
v -0.442269 -1.365028 1.970922
v -0.378621 -1.387602 2.006907
v -0.800251 -1.043776 1.616720
v -0.765628 -1.100579 1.651184
v -0.724913 -1.156456 1.688221
v -0.678216 -1.209755 1.727364
v -0.626031 -1.259153 1.767952
v -0.569212 -1.303478 1.809197
v -0.508912 -1.341841 1.850260
v -0.446465 -1.373725 1.890328
v -0.383251 -1.399003 1.928696
v -0.320561 -1.417914 1.964815
v -0.788333 -1.068247 1.541064
v -0.753708 -1.091293 1.574788
v -0.715450 -1.147828 1.609178
v -0.671326 -1.202550 1.646215
v -0.621662 -1.253927 1.685390
v -0.567145 -1.300706 1.726016
v -0.508784 -1.341853 1.767293
v -0.447819 -1.376669 1.808381
v -0.385589 -1.404847 1.848490
v -0.323399 -1.426462 1.886942
v -0.262412 -1.441912 1.923219
v -0.775658 -1.132607 1.467126
v -0.739907 -1.108294 1.500628
v -0.702001 -1.135399 1.533951
v -0.660397 -1.190918 1.568349
v -0.613337 -1.243705 1.605442
v -0.561348 -1.292470 1.644677
v -0.505284 -1.336083 1.685342
v -0.446247 -1.373693 1.726632
v -0.385497 -1.404810 1.767722
v -0.324312 -1.429328 1.807847
v -0.263880 -1.447494 1.846361
v -0.205200 -1.459822 1.882781
v -0.761747 -1.218699 1.396914
v -0.725461 -1.159788 1.429106
v -0.686526 -1.139435 1.462235
v -0.646008 -1.175490 1.494934
v -0.601518 -1.229061 1.529442
v -0.552154 -1.279248 1.566641
v -0.498608 -1.324871 1.605945
v -0.441835 -1.364968 1.646629
v -0.382978 -1.398893 1.687891
v -0.323250 -1.426357 1.728929
v -0.263821 -1.447430 1.769011
v -0.205724 -1.462485 1.807531
v -0.149792 -1.472114 1.844036
v -0.746366 -1.312112 1.331305
v -0.709986 -1.228864 1.361937
v -0.670635 -1.173796 1.393865
v -0.629367 -1.164939 1.426275
v -0.586807 -1.210755 1.458394
v -0.540051 -1.261754 1.493085
v -0.489121 -1.308839 1.530413
v -0.434826 -1.350987 1.569769
v -0.378168 -1.387426 1.610422
v -0.320265 -1.417708 1.651585
v -0.262236 -1.441723 1.692486
v -0.205112 -1.459680 1.732437
v -0.149760 -1.472039 1.770873
v -0.096849 -1.479420 1.807375
v 0.211990 -0.998383 0.944148
v 0.198428 -1.044355 0.987010
v 0.148871 -1.004435 0.943366
v 0.183975 -1.101274 1.033375
v 0.133366 -1.062208 0.987889
v 0.082074 -1.019616 0.945737
v 0.167946 -1.157475 1.083743
v 0.116404 -1.119937 1.036782
v 0.063939 -1.078124 0.992781
v 0.011466 -1.032766 0.952531
v 0.150426 -1.211754 1.137747
v 0.098089 -1.176431 1.089786
v 0.044576 -1.136114 1.044321
v -0.009150 -1.091451 1.002228
v -0.062111 -1.043329 0.964222
v 0.131589 -1.262851 1.194820
v 0.078614 -1.230381 1.146427
v 0.024202 -1.192287 1.099994
v -0.030649 -1.149081 1.056454
v -0.084897 -1.101574 1.016617
v -0.137553 -1.050808 0.981099
v 0.111668 -1.309699 1.254867
v 0.058253 -1.280478 1.206023
v 0.003119 -1.245270 1.159202
v -0.052698 -1.204278 1.114725
v -0.108106 -1.158185 1.073459
v -0.162037 -1.107974 1.036120
v -0.213556 -1.054933 1.003186
v 0.090929 -1.351620 1.318684
v 0.037299 -1.325803 1.269085
v -0.018308 -1.293772 1.221301
v -0.074891 -1.255649 1.176311
v -0.131295 -1.211761 1.134129
v -0.186384 -1.162935 1.095370
v -0.239128 -1.110304 1.060627
v -0.290438 -1.081942 1.028568
v 0.069753 -1.387864 1.385188
v 0.016100 -1.365639 1.335680
v -0.039739 -1.337045 1.287193
v -0.096803 -1.302035 1.240856
v -0.153977 -1.260937 1.197767
v -0.210065 -1.214306 1.158096
v -0.263940 -1.163052 1.121937
v -0.315369 -1.119104 1.089081
v -0.367422 -1.141086 1.056166
v 0.048539 -1.417983 1.453079
v -0.004937 -1.399336 1.404477
v -0.060774 -1.374353 1.356139
v -0.118062 -1.342796 1.309128
v -0.175714 -1.304785 1.264542
v -0.232552 -1.260834 1.223405
v -0.287413 -1.211761 1.186248
v -0.339270 -1.158929 1.152617
v -0.390646 -1.154119 1.119602
v -0.442149 -1.215442 1.086352
v 0.027669 -1.441869 1.521054
v -0.025429 -1.426610 1.474079
v -0.081020 -1.405212 1.426695
v -0.138264 -1.377273 1.379856
v -0.196123 -1.342719 1.334600
v -0.253437 -1.301851 1.291963
v -0.309031 -1.255365 1.252864
v -0.361829 -1.204276 1.217961
v -0.412083 -1.167306 1.185631
v -0.462834 -1.201411 1.152270
v -0.512567 -1.289304 1.119231
v 0.007473 -1.459731 1.587922
v -0.045048 -1.447530 1.543146
v -0.100152 -1.429513 1.497411
v -0.157077 -1.405160 1.451527
v -0.214853 -1.374224 1.406430
v -0.272363 -1.336809 1.363107
v -0.328439 -1.293402 1.322501
v -0.381974 -1.244849 1.285416
v -0.432056 -1.192670 1.252418
v -0.481199 -1.187326 1.220177
v -0.530131 -1.247517 1.187019
v -0.577145 -1.350393 1.154600
v -0.011786 -1.472021 1.652681
v -0.063546 -1.462471 1.610510
v -0.117933 -1.447504 1.566960
v -0.174269 -1.426531 1.522690
v -0.231666 -1.399178 1.478504
v -0.289072 -1.365374 1.435296
v -0.345356 -1.325404 1.393976
v -0.399405 -1.279915 1.355384
v -0.450232 -1.229867 1.320204
v -0.497753 -1.186914 1.288251
v -0.545099 -1.207798 1.256064
v -0.591305 -1.282731 1.223529
v -0.634962 -1.391031 1.191993
v -0.029924 -1.479361 1.714565
v -0.080756 -1.472014 1.675238
v -0.134219 -1.459697 1.634239
v -0.189716 -1.441785 1.592084
v -0.246449 -1.417820 1.549430
v -0.303450 -1.387594 1.507052
v -0.359645 -1.351215 1.465784
v -0.413945 -1.309130 1.426445
v -0.465342 -1.262110 1.389768
v -0.513008 -1.211178 1.356328
v -0.558128 -1.184633 1.324782
v -0.602838 -1.221096 1.292915
v -0.645735 -1.301644 1.261285
v -0.685695 -1.408196 1.230774
vn -0.0000 -1.0000 -0.0011
vn 0.5681 -0.3490 0.7453
vn -0.7106 -0.6154 -0.3410
vn 0.9009 -0.4340 0.0003
vn 0.2926 -0.5217 0.8013
vn -0.3859 -0.8751 0.2920
vn -0.9542 -0.0343 -0.2972
vn 0.8738 0.1872 -0.4487
vn 0.7997 0.3212 0.5073
vn -0.6164 -0.3026 0.7270
vn -0.9109 0.4126 -0.0012
vn -0.0031 0.9909 -0.1345
vn -0.6062 -0.7029 -0.3722
vn -0.3423 -0.7905 -0.5079
vn 0.0153 -0.7672 -0.6413
vn 0.2082 -0.6983 -0.6848
vn 0.2199 -0.7227 -0.6552
vn 0.2035 -0.7619 -0.6149
vn 0.1853 -0.8045 -0.5644
vn 0.1652 -0.8480 -0.5035
vn 0.1440 -0.8869 -0.4389
vn 0.1222 -0.9200 -0.3724
vn 0.1002 -0.9469 -0.3054
vn 0.0784 -0.9678 -0.2391
vn 0.0572 -0.9830 -0.1745
vn 0.0368 -0.9930 -0.1125
vn 0.0174 -0.9984 -0.0538
vn -0.0456 -0.9984 -0.0337
vn -0.0963 -0.9929 -0.0699
vn -0.1497 -0.9828 -0.1081
vn -0.2052 -0.9675 -0.1478
vn -0.2622 -0.9464 -0.1886
vn -0.3197 -0.9192 -0.2298
vn -0.3767 -0.8859 -0.2706
vn -0.4320 -0.8468 -0.3103
vn -0.4847 -0.8025 -0.3480
vn -0.5328 -0.7548 -0.3825
vn -0.4405 -0.8695 -0.2235
vn 0.0919 -0.9334 0.3468
vn 0.4418 -0.6239 0.6446
vn 0.5329 -0.4605 0.7099
vn 0.5606 -0.3852 0.7330
vn 0.6217 -0.3472 0.7021
vn 0.6728 -0.3526 0.6504
vn 0.7191 -0.3681 0.5894
vn 0.7607 -0.3979 0.5128
vn 0.7947 -0.4494 0.4081
vn 0.8069 -0.5364 0.2473
vn 0.7400 -0.6719 -0.0317
vn 0.4406 -0.7723 -0.4577
vn 0.0253 -0.6805 -0.7323
vn -0.1187 -0.6018 -0.7898
vn -0.0489 -0.5996 -0.7988
vn 0.0251 -0.5956 -0.8029
vn 0.0923 -0.5892 -0.8027
vn -0.0400 -0.6424 -0.7653
vn -0.4420 -0.6849 -0.5793
vn -0.5706 -0.7559 0.3210
vn -0.7261 -0.5925 0.3489
vn -0.7938 -0.5094 0.3321
vn -0.8199 -0.4960 0.2858
vn -0.8356 -0.5036 0.2195
vn -0.8476 -0.5093 0.1491
vn -0.8552 -0.5127 0.0761
vn -0.8581 -0.5136 0.0002
vn -0.8559 -0.5115 -0.0762
vn -0.8109 -0.5851 -0.0030
vn -0.5396 -0.7351 0.4105
vn -0.0412 -0.6641 0.7465
vn 0.2671 -0.5177 0.8128
vn 0.4194 -0.4268 0.8012
vn 0.5096 -0.3755 0.7742
vn -0.0456 -0.9985 0.0314
vn -0.0962 -0.9931 0.0675
vn -0.1496 -0.9831 0.1053
vn -0.2065 -0.9675 0.1457
vn -0.2630 -0.9468 0.1856
vn -0.3200 -0.9202 0.2256
vn -0.3765 -0.8877 0.2651
vn -0.4314 -0.8497 0.3032
vn -0.4837 -0.8068 0.3392
vn -0.5326 -0.7600 0.3725
vn -0.5774 -0.7103 0.4025
vn -0.6178 -0.6590 0.4291
vn -0.6536 -0.6071 0.4520
vn -0.6848 -0.5556 0.4715
vn -0.6948 -0.5380 0.4773
vn 0.8754 -0.4835 0.0003
vn 0.8435 -0.5371 0.0002
vn 0.8061 -0.5918 0.0001
vn 0.7628 -0.6467 -0.0001
vn 0.7134 -0.7007 -0.0002
vn 0.6583 -0.7527 -0.0004
vn 0.5979 -0.8015 -0.0005
vn 0.5331 -0.8460 -0.0006
vn 0.4650 -0.8853 -0.0008
vn 0.3948 -0.9188 -0.0009
vn 0.3239 -0.9461 -0.0010
vn 0.2536 -0.9673 -0.0010
vn 0.1850 -0.9827 -0.0011
vn 0.1190 -0.9929 -0.0011
vn 0.0563 -0.9984 -0.0011
vn -0.8047 -0.5777 -0.1367
vn -0.8468 -0.5262 0.0777
vn -0.8406 -0.4779 0.2551
vn -0.8065 -0.4394 0.3956
vn -0.7575 -0.4135 0.5052
vn -0.6994 -0.4016 0.5912
vn -0.6327 -0.4052 0.6599
vn -0.5515 -0.4277 0.7162
vn -0.4406 -0.4757 0.7613
vn -0.2657 -0.5591 0.7854
vn 0.0372 -0.6744 0.7374
vn 0.4717 -0.7250 0.5019
vn 0.7823 -0.6063 0.1426
vn 0.8730 -0.4849 -0.0525
vn 0.8924 -0.4483 -0.0516
vn 0.2812 -0.5593 0.7798
vn 0.2685 -0.5994 0.7540
vn 0.2546 -0.6420 0.7232
vn 0.2394 -0.6862 0.6869
vn 0.2228 -0.7310 0.6450
vn 0.2049 -0.7753 0.5975
vn 0.1856 -0.8178 0.5448
vn 0.1652 -0.8573 0.4876
vn 0.1440 -0.8927 0.4269
vn 0.1223 -0.9234 0.3639
vn 0.1005 -0.9487 0.2997
vn 0.0789 -0.9686 0.2357
vn 0.0578 -0.9833 0.1728
vn 0.0367 -0.9933 0.1097
vn 0.0174 -0.9985 0.0514
vn 0.8918 -0.4494 0.0519
vn 0.8779 -0.4657 0.1115
vn 0.8602 -0.4804 0.1710
vn 0.8378 -0.4940 0.2326
vn 0.8103 -0.5062 0.2953
vn 0.7777 -0.5166 0.3582
vn 0.7401 -0.5256 0.4195
vn 0.6976 -0.5321 0.4798
vn 0.6521 -0.5358 0.5363
vn 0.6032 -0.5380 0.5888
vn 0.5520 -0.5386 0.6366
vn 0.4996 -0.5375 0.6793
vn 0.4467 -0.5352 0.7170
vn 0.3942 -0.5317 0.7495
vn 0.3428 -0.5274 0.7774
vn 0.2337 -0.5380 0.8099
vn 0.1705 -0.5525 0.8159
vn 0.1027 -0.5650 0.8187
vn 0.0310 -0.5749 0.8177
vn -0.0438 -0.5816 0.8123
vn -0.1206 -0.5848 0.8021
vn -0.1980 -0.5843 0.7870
vn -0.2745 -0.5799 0.7670
vn -0.3487 -0.5720 0.7424
vn -0.4194 -0.5608 0.7138
vn -0.4856 -0.5470 0.6819
vn -0.5465 -0.5310 0.6476
vn -0.5946 -0.5236 0.6102
vn -0.5980 -0.5772 0.5561
vn -0.5130 -0.7384 0.4378
vn -0.9240 0.3811 -0.0324
vn -0.9376 0.3412 -0.0675
vn -0.9516 0.2826 -0.1208
vn -0.9578 0.2124 -0.1935
vn -0.9591 0.1521 -0.2388
vn -0.9651 0.1064 -0.2394
vn -0.9771 0.0630 -0.2031
vn -0.9928 0.0113 -0.1189
vn -0.9965 -0.0660 0.0505
vn -0.9090 -0.1932 0.3693
vn -0.5512 -0.3363 0.7636
vn -0.0403 -0.3810 0.9237
vn 0.2800 -0.3621 0.8891
vn 0.4381 -0.3462 0.8296
vn 0.5220 -0.3431 0.7809
vn 0.1695 -0.9801 -0.1034
vn 0.4855 -0.7871 -0.3806
vn 0.5641 -0.6660 -0.4882
vn 0.5648 -0.6105 -0.5552
vn 0.5192 -0.5881 -0.6201
vn 0.4100 -0.5838 -0.7007
vn 0.1635 -0.5797 -0.7983
vn -0.3620 -0.4797 -0.7993
vn -0.8581 -0.1789 -0.4813
vn -0.9867 0.0669 -0.1480
vn -0.9831 0.1818 0.0213
vn -0.9661 0.2390 0.0981
vn -0.9528 0.2758 0.1267
vn -0.9433 0.3114 0.1151
vn -0.9311 0.3588 0.0652
vn -0.9071 -0.2528 -0.3365
vn -0.7536 -0.4531 -0.4763
vn -0.5274 -0.4911 -0.6933
vn -0.3207 -0.3321 -0.8870
vn -0.2011 -0.1846 -0.9620
vn -0.1380 -0.1790 -0.9741
vn -0.0824 -0.2245 -0.9710
vn -0.0256 -0.2814 -0.9593
vn 0.0275 -0.3319 -0.9429
vn 0.0596 -0.3768 -0.9244
vn -0.0009 -0.4091 -0.9125
vn -0.1660 -0.4500 -0.8775
vn -0.3621 -0.4934 -0.7909
vn -0.5263 -0.5403 -0.6566
vn -0.6441 -0.5828 -0.4955
vn 0.5981 -0.3293 0.7306
vn 0.6348 -0.3239 0.7015
vn 0.6823 -0.3426 0.6459
vn 0.7580 -0.4171 0.5015
vn 0.7717 -0.6291 -0.0934
vn 0.1222 -0.4031 -0.9070
vn -0.3097 -0.1222 -0.9429
vn -0.4365 -0.0332 -0.8991
vn -0.4927 0.0074 -0.8702
vn -0.5260 0.0331 -0.8498
vn -0.5487 0.0539 -0.8343
vn -0.5627 0.0749 -0.8233
vn -0.5783 0.0976 -0.8100
vn -0.6534 0.0850 -0.7522
vn -0.8207 0.0109 -0.5713
vn 0.8811 0.1647 -0.4433
vn 0.8880 0.1454 -0.4363
vn 0.8965 0.1290 -0.4240
vn 0.9082 0.1139 -0.4027
vn 0.9248 0.0981 -0.3677
vn 0.9472 0.0784 -0.3109
vn 0.9741 0.0492 -0.2209
vn 0.9964 0.0022 -0.0847
vn 0.9931 -0.0697 0.0948
vn 0.9497 -0.1609 0.2688
vn 0.8989 -0.2523 0.3582
vn 0.8918 -0.3259 0.3138
vn 0.9225 -0.3588 0.1425
vn 0.9308 -0.3654 -0.0114
vn 0.9192 -0.3926 -0.0317
vn -0.8093 -0.5274 -0.2586
vn -0.8487 -0.4563 -0.2673
vn -0.8415 -0.4074 -0.3548
vn -0.7712 -0.3672 -0.5200
vn -0.5879 -0.3158 -0.7448
vn -0.2579 -0.2323 -0.9378
vn 0.1231 -0.1281 -0.9841
vn 0.4083 -0.0437 -0.9118
vn 0.5831 0.0110 -0.8123
vn 0.6891 0.0465 -0.7231
vn 0.7563 0.0724 -0.6502
vn 0.8007 0.0940 -0.5916
vn 0.8308 0.1146 -0.5446
vn 0.8514 0.1361 -0.5065
vn 0.8651 0.1604 -0.4753
vn 0.7744 0.3234 0.5438
vn 0.7400 0.3212 0.5910
vn 0.6883 0.3091 0.6563
vn 0.5835 0.2711 0.7655
vn 0.3027 0.1456 0.9419
vn -0.2808 -0.1365 0.9500
vn -0.7164 -0.3643 0.5950
vn -0.8317 -0.4535 0.3202
vn -0.8259 -0.5090 0.2425
vn -0.7328 -0.5949 0.3304
vn -0.3578 -0.6781 0.6420
vn 0.2241 -0.5207 0.8238
vn 0.4241 -0.4143 0.8053
vn 0.3803 -0.4503 0.8078
vn 0.3352 -0.4873 0.8063
vn 0.9188 -0.3933 0.0322
vn 0.9356 -0.3467 0.0673
vn 0.9397 -0.3351 0.0679
vn 0.8352 -0.4946 -0.2403
vn 0.4392 -0.6411 -0.6294
vn 0.1739 -0.6013 -0.7799
vn 0.1636 -0.5483 -0.8201
vn 0.3635 -0.4791 -0.7990
vn 0.7257 -0.3167 -0.6108
vn 0.9810 -0.0389 -0.1901
vn 0.9657 0.1804 0.1866
vn 0.8922 0.2727 0.3601
vn 0.8444 0.3088 0.4377
vn 0.8161 0.3235 0.4789
vn 0.8009 0.3270 0.5017
vn -0.6365 -0.2672 0.7235
vn -0.6244 -0.2027 0.7544
vn -0.5570 -0.1190 0.8220
vn -0.4276 -0.0217 0.9037
vn -0.2436 -0.0118 0.9698
vn 0.1109 -0.1229 0.9862
vn 0.5827 -0.3246 0.7451
vn 0.8318 -0.4545 0.3188
vn 0.8676 -0.4968 0.0211
vn 0.8435 -0.5187 -0.1395
vn 0.8061 -0.5454 -0.2296
vn 0.7612 -0.5860 -0.2777
vn 0.6962 -0.6571 -0.2890
vn 0.5596 -0.7934 -0.2397
vn 0.1710 -0.9847 -0.0337
vn 0.2682 -0.4956 0.8261
vn 0.2409 -0.4698 0.8493
vn 0.2107 -0.4448 0.8705
vn 0.1772 -0.4217 0.8893
vn 0.1401 -0.4019 0.9049
vn 0.0988 -0.3868 0.9168
vn 0.0525 -0.3774 0.9245
vn 0.0004 -0.3741 0.9274
vn -0.0586 -0.3760 0.9248
vn -0.1248 -0.3810 0.9161
vn -0.1997 -0.3861 0.9006
vn -0.2797 -0.3872 0.8786
vn -0.3637 -0.3810 0.8500
vn -0.4499 -0.3651 0.8151
vn -0.5369 -0.3380 0.7730
vn -0.8990 0.4335 -0.0615
vn -0.8890 0.4453 -0.1066
vn -0.8791 0.4500 -0.1573
vn -0.8724 0.4289 -0.2346
vn -0.8699 0.3796 -0.3149
vn -0.8666 0.3293 -0.3749
vn -0.8600 0.2970 -0.4150
vn -0.8487 0.2825 -0.4471
vn -0.8304 0.2824 -0.4803
vn -0.8003 0.2974 -0.5207
vn -0.7536 0.3246 -0.5716
vn -0.6913 0.3470 -0.6338
vn -0.6604 0.3322 -0.6735
vn -0.7181 0.2545 -0.6477
vn -0.8557 0.1223 -0.5028
vn -0.9701 -0.2021 0.1341
vn -0.7278 -0.5904 0.3488
vn -0.8308 -0.4574 -0.3170
vn -0.1810 -0.2339 -0.9553
vn 0.8484 -0.1460 -0.5088
vn 0.9156 -0.3977 -0.0596
vn 0.8725 -0.2617 0.4126
vn 0.9659 0.2167 -0.1421
vn 0.7842 0.3051 -0.5404
vn 0.6493 0.3678 -0.6656
vn 0.6641 0.3714 -0.6488
vn 0.7428 0.3127 -0.5920
vn 0.8065 0.2493 -0.5361
vn 0.8402 0.2153 -0.4977
vn 0.8604 0.1972 -0.4698
vn 0.8835 0.2032 -0.4220
vn 0.8907 0.2281 -0.3931
vn 0.8950 0.2679 -0.3567
vn 0.8933 0.3397 -0.2943
vn 0.8806 0.4266 -0.2064
vn 0.8723 0.4732 -0.1233
vn 0.8737 0.4815 -0.0691
vn 0.8749 0.4841 -0.0151
vn 0.8878 0.4530 0.0813
vn 0.8991 0.3872 0.2042
vn 0.8958 0.3412 0.2849
vn 0.8831 0.3210 0.3422
vn 0.8655 0.3146 0.3899
vn 0.8437 0.3160 0.4340
vn 0.8214 0.3185 0.4731
vn 0.7899 0.3082 0.5302
vn 0.7870 0.2828 0.5483
vn 0.7959 0.2361 0.5574
vn 0.8138 0.1599 0.5587
vn 0.8435 0.0531 0.5346
vn 0.8517 -0.0640 0.5201
vn 0.7987 -0.1690 0.5774
vn 0.6804 -0.2601 0.6851
vn 0.5193 -0.3328 0.7871
vn 0.3258 -0.3821 0.8648
vn 0.1214 -0.4100 0.9040
vn -0.0763 -0.4195 0.9046
vn -0.2557 -0.4114 0.8749
vn -0.4083 -0.3862 0.8271
vn -0.5292 -0.3468 0.7744
vn -0.7108 -0.2387 0.6617
vn -0.7839 -0.1524 0.6020
vn -0.8150 -0.0517 0.5772
vn -0.8185 0.0528 0.5720
vn -0.8141 0.1452 0.5623
vn -0.8138 0.2141 0.5403
vn -0.8219 0.2622 0.5057
vn -0.8326 0.2881 0.4731
vn -0.8475 0.3014 0.4370
vn -0.8657 0.3105 0.3926
vn -0.8812 0.3198 0.3482
vn -0.8941 0.3321 0.3004
vn -0.9040 0.3491 0.2469
vn -0.9103 0.3728 0.1801
vn -0.9119 0.4011 0.0867
vn -0.0239 0.9888 -0.1475
vn -0.0479 0.9849 -0.1665
vn -0.0740 0.9787 -0.1916
vn -0.1024 0.9694 -0.2232
vn -0.1337 0.9558 -0.2617
vn -0.1682 0.9366 -0.3074
vn -0.2057 0.9099 -0.3603
vn -0.2466 0.8760 -0.4146
vn -0.3155 0.8605 -0.3999
vn -0.4410 0.8413 -0.3127
vn -0.6149 0.7628 -0.2001
vn -0.7905 0.6012 -0.1165
vn -0.9040 0.4233 -0.0601
vn -0.9628 0.2650 -0.0527
vn -0.9861 0.0876 -0.1414
vn -0.8881 0.4593 -0.0161
vn -0.8590 0.5112 -0.0294
vn -0.8276 0.5601 -0.0365
vn -0.7911 0.6100 -0.0448
vn -0.7489 0.6605 -0.0545
vn -0.7003 0.7108 -0.0656
vn -0.6453 0.7600 -0.0774
vn -0.5837 0.8070 -0.0895
vn -0.5163 0.8504 -0.1010
vn -0.4442 0.8890 -0.1114
vn -0.3687 0.9218 -0.1201
vn -0.2917 0.9481 -0.1268
vn -0.2150 0.9677 -0.1314
vn -0.1400 0.9810 -0.1341
vn -0.0680 0.9885 -0.1350
vn 0.0475 0.9888 -0.1413
vn 0.1046 0.9832 -0.1493
vn 0.1647 0.9733 -0.1595
vn 0.2278 0.9584 -0.1722
vn 0.2934 0.9374 -0.1876
vn 0.3609 0.9096 -0.2057
vn 0.4289 0.8745 -0.2266
vn 0.4960 0.8316 -0.2498
vn 0.5603 0.7814 -0.2746
vn 0.6199 0.7250 -0.3002
vn 0.6733 0.6638 -0.3257
vn 0.7195 0.5998 -0.3501
vn 0.7823 0.4927 -0.3812
vn 0.8477 0.3299 -0.4155
vn 0.8695 0.2332 -0.4354
vn 0.0498 0.9906 -0.1273
vn 0.1113 0.9864 -0.1209
vn 0.1784 0.9772 -0.1150
vn 0.2518 0.9616 -0.1089
vn 0.3320 0.9378 -0.1016
vn 0.4187 0.9036 -0.0907
vn 0.5103 0.8569 -0.0726
vn 0.6026 0.7969 -0.0434
vn 0.6885 0.7253 -0.0007
vn 0.7680 0.6377 0.0595
vn 0.8698 0.4624 0.1720
vn 0.9058 0.3104 0.2885
vn 0.8846 0.2683 0.3814
vn 0.8483 0.2787 0.4502
vn 0.8193 0.3030 0.4868
vn -0.0213 0.9917 -0.1267
vn -0.0438 0.9912 -0.1252
vn -0.0704 0.9885 -0.1341
vn -0.1036 0.9816 -0.1607
vn -0.1484 0.9649 -0.2166
vn -0.2146 0.9239 -0.3169
vn -0.3163 0.8288 -0.4616
vn -0.4619 0.6611 -0.5913
vn -0.6776 0.4674 -0.5679
vn -0.9531 0.2507 -0.1695
vn -0.9554 0.0260 0.2941
vn -0.8405 -0.1229 0.5276
vn -0.7535 -0.2076 0.6238
vn -0.6927 -0.2586 0.6732
vn -0.6473 -0.2898 0.7050
vn -0.0960 0.9873 -0.1263
vn -0.1720 0.9773 -0.1237
vn -0.1242 0.9844 -0.1243
vn -0.2507 0.9608 -0.1185
vn -0.2059 0.9712 -0.1197
vn -0.1586 0.9784 -0.1328
vn -0.3307 0.9372 -0.1106
vn -0.2900 0.9505 -0.1113
vn -0.2478 0.9607 -0.1253
vn -0.2030 0.9663 -0.1584
vn -0.4099 0.9066 -0.0999
vn -0.3744 0.9220 -0.0987
vn -0.3389 0.9342 -0.1116
vn -0.3029 0.9418 -0.1455
vn -0.2645 0.9411 -0.2105
vn -0.4864 0.8694 -0.0866
vn -0.4567 0.8858 -0.0822
vn -0.4287 0.8988 -0.0917
vn -0.4029 0.9070 -0.1224
vn -0.3792 0.9065 -0.1858
vn -0.3544 0.8867 -0.2969
vn -0.5582 0.8266 -0.0715
vn -0.5343 0.8430 -0.0624
vn -0.5136 0.8555 -0.0663
vn -0.4978 0.8626 -0.0899
vn -0.4888 0.8604 -0.1443
vn -0.4863 0.8387 -0.2450
vn -0.4834 0.7778 -0.4017
vn -0.6238 0.7797 -0.0553
vn -0.6050 0.7952 -0.0407
vn -0.5905 0.8062 -0.0372
vn -0.5830 0.8109 -0.0505
vn -0.5856 0.8055 -0.0901
vn -0.6010 0.7813 -0.1687
vn -0.6265 0.7209 -0.2963
vn -0.6507 0.6080 -0.4549
vn -0.6823 0.7300 -0.0392
vn -0.6676 0.7443 -0.0187
vn -0.6577 0.7533 -0.0069
vn -0.6556 0.7551 -0.0084
vn -0.6652 0.7461 -0.0301
vn -0.6904 0.7188 -0.0810
vn -0.7325 0.6598 -0.1676
vn -0.7864 0.5530 -0.2753
vn -0.8524 0.4015 -0.3348
vn -0.7337 0.6790 -0.0242
vn -0.7219 0.6920 0.0021
vn -0.7147 0.6991 0.0221
vn -0.7150 0.6984 0.0324
vn -0.7268 0.6863 0.0283
vn -0.7542 0.6567 0.0044
vn -0.7995 0.5991 -0.0421
vn -0.8603 0.5000 -0.0994
vn -0.9277 0.3535 -0.1197
vn -0.9832 0.1819 -0.0161
vn -0.7783 0.6278 -0.0110
vn -0.7685 0.6395 0.0206
vn -0.7681 0.6377 0.0585
vn -0.7839 0.6138 0.0934
vn -0.8072 0.5796 0.1117
vn -0.8338 0.5410 0.1095
vn -0.8661 0.4920 0.0877
vn -0.9050 0.4217 0.0556
vn -0.9478 0.3158 0.0444
vn -0.9797 0.1684 0.1090
vn -0.9605 0.0128 0.2779
vn -0.8173 0.5762 0.0017
vn -0.8179 0.5724 0.0576
vn -0.8310 0.5429 0.1210
vn -0.8482 0.4981 0.1799
vn -0.8693 0.4443 0.2167
vn -0.8907 0.3928 0.2289
vn -0.9120 0.3446 0.2226
vn -0.9338 0.2940 0.2037
vn -0.9546 0.2304 0.1887
vn -0.9670 0.1386 0.2139
vn -0.9520 0.0226 0.3051
vn -0.8832 -0.1000 0.4582
vn -0.8557 0.5167 0.0290
vn -0.8626 0.4936 0.1109
vn -0.8732 0.4463 0.1957
vn -0.8822 0.3954 0.2559
vn -0.8881 0.3539 0.2933
vn -0.8939 0.3166 0.3174
vn -0.9017 0.2772 0.3317
vn -0.9130 0.2304 0.3367
vn -0.9268 0.1718 0.3341
vn -0.9376 0.1000 0.3331
vn -0.9337 0.0175 0.3576
vn -0.8973 -0.0753 0.4349
vn -0.8151 -0.1712 0.5534
vn -0.8878 0.4555 0.0653
vn -0.8931 0.4206 0.1598
vn -0.8935 0.3810 0.2377
vn -0.8901 0.3506 0.2910
vn -0.8845 0.3262 0.3335
vn -0.8779 0.3039 0.3701
vn -0.8721 0.2795 0.4017
vn -0.8693 0.2473 0.4280
vn -0.8712 0.2009 0.4479
vn -0.8778 0.1356 0.4594
vn -0.8845 0.0537 0.4634
vn -0.8792 -0.0364 0.4751
vn -0.8418 -0.1274 0.5246
vn -0.7630 -0.2120 0.6106
vn 0.0357 0.9917 -0.1236
vn 0.0156 0.9914 -0.1297
vn 0.1007 0.9873 -0.1227
vn -0.0082 0.9883 -0.1520
vn 0.0855 0.9867 -0.1384
vn 0.1733 0.9771 -0.1234
vn -0.0386 0.9784 -0.2029
vn 0.0683 0.9815 -0.1790
vn 0.1664 0.9743 -0.1518
vn 0.2550 0.9588 -0.1252
vn -0.0813 0.9499 -0.3019
vn 0.0470 0.9633 -0.2642
vn 0.1614 0.9628 -0.2165
vn 0.2611 0.9505 -0.1683
vn 0.3468 0.9295 -0.1255
vn -0.1466 0.8732 -0.4648
vn 0.0162 0.9075 -0.4197
vn 0.1580 0.9254 -0.3444
vn 0.2762 0.9253 -0.2597
vn 0.3719 0.9102 -0.1822
vn 0.4486 0.8857 -0.1195
vn -0.2472 0.7150 -0.6540
vn -0.0356 0.7707 -0.6362
vn 0.1499 0.8212 -0.5506
vn 0.3013 0.8540 -0.4241
vn 0.4159 0.8612 -0.2921
vn 0.4977 0.8482 -0.1813
vn 0.5569 0.8246 -0.0997
vn -0.4044 0.5331 -0.7431
vn -0.1221 0.5812 -0.8046
vn 0.1242 0.6337 -0.7636
vn 0.3330 0.6964 -0.6357
vn 0.4845 0.7463 -0.4565
vn 0.5777 0.7657 -0.2828
vn 0.6301 0.7620 -0.1498
vn 0.6629 0.7463 -0.0594
vn -0.8241 0.4502 -0.3437
vn -0.3892 0.7091 -0.5880
vn 0.1275 0.6448 -0.7536
vn 0.4223 0.5315 -0.7342
vn 0.6007 0.5507 -0.5796
vn 0.6986 0.6055 -0.3812
vn 0.7370 0.6434 -0.2070
vn 0.7487 0.6580 -0.0808
vn 0.7538 0.6571 0.0020
vn -0.9019 0.1352 0.4103
vn -0.6886 0.4762 0.5468
vn -0.0067 0.9104 0.4137
vn 0.7242 0.6807 -0.1102
vn 0.8452 0.3894 -0.3660
vn 0.8605 0.3860 -0.3326
vn 0.8649 0.4582 -0.2050
vn 0.8517 0.5180 -0.0797
vn 0.8409 0.5409 0.0201
vn 0.8504 0.5164 0.1007
vn -0.7255 -0.1138 0.6788
vn -0.4796 -0.0315 0.8769
vn -0.1073 0.0909 0.9901
vn 0.3699 0.1777 0.9119
vn 0.8599 0.1616 0.4842
vn 0.9849 0.1519 0.0834
vn 0.9708 0.2372 -0.0351
vn 0.9423 0.3346 -0.0029
vn 0.9235 0.3771 0.0704
vn 0.9202 0.3586 0.1568
vn 0.9170 0.3248 0.2317
vn -0.6377 -0.2326 0.7344
vn -0.4407 -0.2237 0.8693
vn -0.1651 -0.1787 0.9700
vn 0.1592 -0.1303 0.9786
vn 0.5165 -0.1044 0.8499
vn 0.8244 -0.0717 0.5614
vn 0.9528 0.0148 0.3031
vn 0.9737 0.1321 0.1855
vn 0.9640 0.2030 0.1719
vn 0.9498 0.2131 0.2292
vn 0.9288 0.2229 0.2960
vn 0.9053 0.2455 0.3466
vn -0.5855 -0.2965 0.7545
vn -0.4220 -0.3172 0.8493
vn -0.2042 -0.3136 0.9273
vn 0.0542 -0.2914 0.9550
vn 0.3333 -0.2617 0.9058
vn 0.6042 -0.2205 0.7657
vn 0.8096 -0.1476 0.5681
vn 0.9130 -0.0442 0.4057
vn 0.9476 0.0459 0.3162
vn 0.9421 0.0984 0.3206
vn 0.9158 0.1509 0.3722
vn 0.8855 0.2039 0.4174
vn 0.8627 0.2475 0.4410
vn -0.5498 -0.3329 0.7661
vn -0.4101 -0.3650 0.8358
vn -0.2306 -0.3794 0.8960
vn -0.0187 -0.3754 0.9267
vn 0.2129 -0.3552 0.9102
vn 0.4460 -0.3180 0.8366
vn 0.6524 -0.2575 0.7128
vn 0.8006 -0.1711 0.5742
vn 0.8848 -0.0782 0.4594
vn 0.9058 0.0060 0.4236
vn 0.8850 0.0945 0.4558
vn 0.8531 0.1769 0.4908
vn 0.8294 0.2389 0.5050
vn 0.8190 0.2787 0.5016
vn 0.1115 0.9851 -0.1312
vn 0.1757 0.9770 -0.1211
vn 0.1712 0.9757 -0.1365
vn 0.2447 0.9633 -0.1105
vn 0.2378 0.9635 -0.1230
vn 0.2334 0.9616 -0.1441
vn 0.3184 0.9428 -0.0986
vn 0.3079 0.9452 -0.1082
vn 0.3014 0.9449 -0.1275
vn 0.2977 0.9421 -0.1544
vn 0.3968 0.9141 -0.0841
vn 0.3813 0.9199 -0.0915
vn 0.3716 0.9219 -0.1092
vn 0.3661 0.9207 -0.1351
vn 0.3634 0.9164 -0.1676
vn 0.4786 0.8756 -0.0652
vn 0.4570 0.8866 -0.0716
vn 0.4434 0.8920 -0.0885
vn 0.4354 0.8930 -0.1139
vn 0.4313 0.8903 -0.1460
vn 0.4299 0.8840 -0.1838
vn 0.5617 0.8264 -0.0396
vn 0.5336 0.8444 -0.0472
vn 0.5154 0.8545 -0.0646
vn 0.5044 0.8588 -0.0901
vn 0.4984 0.8583 -0.1224
vn 0.4959 0.8535 -0.1602
vn 0.4956 0.8445 -0.2028
vn 0.6419 0.7668 -0.0052
vn 0.6087 0.7932 -0.0169
vn 0.5862 0.8093 -0.0365
vn 0.5719 0.8178 -0.0633
vn 0.5638 0.8203 -0.0964
vn 0.5599 0.8176 -0.1348
vn 0.5588 0.8101 -0.1777
vn 0.5592 0.7981 -0.2242
vn 0.7141 0.6990 0.0382
vn 0.6788 0.7340 0.0199
vn 0.6534 0.7570 -0.0037
vn 0.6364 0.7706 -0.0331
vn 0.6261 0.7768 -0.0678
vn 0.6207 0.7767 -0.1073
vn 0.6186 0.7711 -0.1508
vn 0.6184 0.7606 -0.1978
vn 0.6190 0.7454 -0.2474
vn 0.8023 0.5855 0.1164
vn 0.7440 0.6649 0.0656
vn 0.7144 0.6990 0.0337
vn 0.6961 0.7179 0.0007
vn 0.6843 0.7283 -0.0365
vn 0.6776 0.7314 -0.0776
vn 0.6744 0.7282 -0.1222
vn 0.6734 0.7196 -0.1698
vn 0.6734 0.7059 -0.2198
vn 0.6734 0.6877 -0.2715
vn 0.8855 0.3996 0.2370
vn 0.8374 0.5200 0.1685
vn 0.7812 0.6177 0.0909
vn 0.7491 0.6613 0.0375
vn 0.7370 0.6759 -0.0026
vn 0.7295 0.6824 -0.0459
vn 0.7255 0.6821 -0.0920
vn 0.7237 0.6756 -0.1405
vn 0.7231 0.6638 -0.1910
vn 0.7225 0.6473 -0.2429
vn 0.7212 0.6264 -0.2956
vn 0.8933 0.3059 0.3293
vn 0.8880 0.3642 0.2809
vn 0.8620 0.4633 0.2059
vn 0.8147 0.5690 0.1118
vn 0.7831 0.6210 0.0330
vn 0.7758 0.6309 -0.0126
vn 0.7714 0.6334 -0.0604
vn 0.7692 0.6295 -0.1100
vn 0.7680 0.6199 -0.1612
vn 0.7669 0.6052 -0.2134
vn 0.7653 0.5860 -0.2663
vn 0.7697 0.5499 -0.3243
vn 0.8695 0.2891 0.4004
vn 0.8825 0.3110 0.3529
vn 0.8867 0.3511 0.3010
vn 0.8756 0.4271 0.2257
vn 0.8422 0.5265 0.1165
vn 0.8158 0.5779 0.0217
vn 0.8118 0.5832 -0.0278
vn 0.8095 0.5819 -0.0787
vn 0.8079 0.5746 -0.1307
vn 0.8064 0.5622 -0.1834
vn 0.8099 0.5348 -0.2408
vn 0.8237 0.4749 -0.3099
vn 0.8388 0.3989 -0.3704
vn 0.8417 0.3020 0.4477
vn 0.8621 0.3058 0.4041
vn 0.8789 0.3178 0.3558
vn 0.8885 0.3461 0.3013
vn 0.8864 0.4050 0.2244
vn 0.8657 0.4895 0.1047
vn 0.8465 0.5323 0.0051
vn 0.8445 0.5335 -0.0470
vn 0.8430 0.5286 -0.0998
vn 0.8413 0.5185 -0.1529
vn 0.8488 0.4795 -0.2230
vn 0.8659 0.3989 -0.3019
vn 0.8758 0.3167 -0.3642
vn 0.8754 0.2670 -0.4030
vn 0.0294 0.9869 -0.1589
vn 0.0875 0.9813 -0.1716
vn 0.0065 0.9832 -0.1826
vn 0.1494 0.9710 -0.1868
vn 0.0662 0.9775 -0.2001
vn -0.0184 0.9769 -0.2127
vn 0.2151 0.9549 -0.2046
vn 0.1307 0.9666 -0.2205
vn 0.0430 0.9709 -0.2356
vn -0.0459 0.9672 -0.2498
vn 0.2839 0.9320 -0.2254
vn 0.1997 0.9490 -0.2440
vn 0.1101 0.9588 -0.2619
vn 0.0173 0.9602 -0.2788
vn -0.0764 0.9526 -0.2944
vn 0.3549 0.9011 -0.2489
vn 0.2726 0.9233 -0.2705
vn 0.1828 0.9389 -0.2915
vn 0.0872 0.9462 -0.3116
vn -0.0116 0.9438 -0.3303
vn -0.1102 0.9314 -0.3469
vn 0.4266 0.8617 -0.2749
vn 0.3482 0.8882 -0.2997
vn 0.2602 0.9094 -0.3243
vn 0.1638 0.9230 -0.3482
vn 0.0611 0.9268 -0.3705
vn -0.0441 0.9197 -0.3902
vn -0.1464 0.9028 -0.4043
vn 0.4968 0.8135 -0.3025
vn 0.4241 0.8430 -0.3308
vn 0.3404 0.8688 -0.3595
vn 0.2459 0.8884 -0.3876
vn 0.1448 0.9035 -0.4034
vn 0.0344 0.9182 -0.3947
vn -0.0864 0.9221 -0.3773
vn -0.2046 0.9034 -0.3768
vn 0.5631 0.7573 -0.3309
vn 0.4975 0.7879 -0.3628
vn 0.4205 0.8164 -0.3958
vn 0.3323 0.8436 -0.4218
vn 0.2456 0.8785 -0.4099
vn 0.1538 0.9250 -0.3475
vn 0.0325 0.9681 -0.2483
vn -0.1507 0.9710 -0.1855
vn -0.3277 0.9180 -0.2232
vn 0.6235 0.6947 -0.3588
vn 0.5657 0.7244 -0.3941
vn 0.4966 0.7532 -0.4314
vn 0.4244 0.7840 -0.4530
vn 0.3679 0.8324 -0.4145
vn 0.3129 0.9076 -0.2799
vn 0.2290 0.9724 -0.0444
vn 0.0065 0.9885 0.1511
vn -0.3007 0.9397 0.1627
vn -0.5198 0.8542 0.0100
vn 0.6762 0.6279 -0.3853
vn 0.6261 0.6547 -0.4235
vn 0.5654 0.6815 -0.4645
vn 0.5076 0.7095 -0.4889
vn 0.4839 0.7539 -0.4444
vn 0.5019 0.8177 -0.2819
vn 0.5065 0.8605 0.0550
vn 0.3093 0.8855 0.3467
vn -0.0910 0.9071 0.4110
vn -0.3756 0.8145 0.4423
vn -0.7305 0.6279 0.2685
vn 0.7264 0.5507 -0.4111
vn 0.6774 0.5821 -0.4498
vn 0.6247 0.6050 -0.4937
vn 0.5723 0.6262 -0.5295
vn 0.5694 0.6514 -0.5015
vn 0.6307 0.6881 -0.3587
vn 0.7188 0.6949 0.0196
vn 0.4946 0.6534 0.5732
vn 0.0477 0.9341 0.3538
vn -0.0734 0.9729 0.2194
vn -0.3103 0.7892 0.5299
vn -0.8085 0.2915 0.5113
vn 0.8026 0.4038 -0.4391
vn 0.7405 0.4773 -0.4731
vn 0.6746 0.5254 -0.5185
vn 0.6211 0.5434 -0.5647
vn 0.6108 0.5520 -0.5676
vn 0.6892 0.5557 -0.4650
vn 0.8386 0.5204 -0.1612
vn 0.6454 0.2847 0.7088
vn 0.2666 0.8353 0.4809
vn 0.0614 0.9637 -0.2597
vn -0.1667 0.9181 -0.3596
vn -0.8297 0.4549 0.3235
vn -0.8573 -0.0104 0.5146
vn 0.8498 0.2632 -0.4568
vn 0.8132 0.3156 -0.4889
vn 0.7479 0.3953 -0.5333
vn 0.6689 0.4543 -0.5883
vn 0.6280 0.4672 -0.6224
vn 0.6869 0.4452 -0.5744
vn 0.8354 0.4124 -0.3633
vn 0.9186 0.1953 0.3435
vn 0.8066 -0.0611 0.5880
vn 0.5941 0.5782 -0.5591
vn 0.1142 0.6560 -0.7460
vn -0.5677 0.3588 -0.7409
vn -0.9538 -0.2730 0.1252
vn -0.9120 -0.0163 0.4098
vn -0.0966 0.9841 -0.1490
vn -0.1232 0.9779 -0.1690
vn -0.1703 0.9741 -0.1485
vn -0.1523 0.9688 -0.1953
vn -0.1994 0.9652 -0.1694
vn -0.2465 0.9580 -0.1466
vn -0.1841 0.9560 -0.2284
vn -0.2313 0.9527 -0.1971
vn -0.2776 0.9458 -0.1686
vn -0.3238 0.9353 -0.1430
vn -0.2190 0.9380 -0.2685
vn -0.2661 0.9357 -0.2317
vn -0.3116 0.9294 -0.1977
vn -0.3562 0.9194 -0.1664
vn -0.4006 0.9058 -0.1378
vn -0.2569 0.9134 -0.3157
vn -0.3038 0.9126 -0.2734
vn -0.3485 0.9077 -0.2338
vn -0.3915 0.8988 -0.1970
vn -0.4335 0.8863 -0.1629
vn -0.4751 0.8701 -0.1311
vn -0.2973 0.8803 -0.3696
vn -0.3441 0.8820 -0.3220
vn -0.3879 0.8791 -0.2769
vn -0.4293 0.8721 -0.2346
vn -0.4690 0.8614 -0.1951
vn -0.5076 0.8470 -0.1581
vn -0.5457 0.8289 -0.1232
vn -0.3412 0.8383 -0.4253
vn -0.3859 0.8422 -0.3766
vn -0.4289 0.8423 -0.3263
vn -0.4689 0.8381 -0.2788
vn -0.5065 0.8299 -0.2340
vn -0.5423 0.8180 -0.1920
vn -0.5770 0.8024 -0.1522
vn -0.6111 0.7832 -0.1144
vn -0.4064 0.8029 -0.4362
vn -0.4285 0.7921 -0.4347
vn -0.4701 0.7962 -0.3809
vn -0.5089 0.7957 -0.3285
vn -0.5447 0.7909 -0.2789
vn -0.5782 0.7822 -0.2321
vn -0.6100 0.7698 -0.1878
vn -0.6406 0.7539 -0.1456
vn -0.6704 0.7345 -0.1053
vn -0.5149 0.7544 -0.4071
vn -0.4819 0.7385 -0.4716
vn -0.5095 0.7401 -0.4390
vn -0.5477 0.7441 -0.3825
vn -0.5822 0.7436 -0.3286
vn -0.6139 0.7390 -0.2775
vn -0.6433 0.7306 -0.2289
vn -0.6711 0.7185 -0.1828
vn -0.6977 0.7028 -0.1387
vn -0.7232 0.6838 -0.0964
vn -0.6386 0.6697 -0.3790
vn -0.5571 0.6719 -0.4881
vn -0.5488 0.6755 -0.4924
vn -0.5831 0.6837 -0.4387
vn -0.6172 0.6882 -0.3814
vn -0.6478 0.6882 -0.3267
vn -0.6756 0.6843 -0.2745
vn -0.7012 0.6765 -0.2248
vn -0.7253 0.6652 -0.1773
vn -0.7480 0.6505 -0.1318
vn -0.7695 0.6325 -0.0881
vn -0.7511 0.5407 -0.3788
vn -0.6391 0.5819 -0.5030
vn -0.5926 0.6008 -0.5366
vn -0.6132 0.6157 -0.4949
vn -0.6476 0.6253 -0.4354
vn -0.6780 0.6304 -0.3781
vn -0.7050 0.6313 -0.3231
vn -0.7294 0.6283 -0.2704
vn -0.7518 0.6216 -0.2200
vn -0.7725 0.6114 -0.1717
vn -0.7917 0.5979 -0.1252
vn -0.8097 0.5813 -0.0806
vn -0.8294 0.3912 -0.3989
vn -0.7016 0.4673 -0.5379
vn -0.6310 0.5160 -0.5793
vn -0.6367 0.5422 -0.5483
vn -0.6735 0.5551 -0.4882
vn -0.7088 0.5592 -0.4300
vn -0.7379 0.5601 -0.3764
vn -0.7588 0.5657 -0.3229
vn -0.7767 0.5703 -0.2673
vn -0.7953 0.5670 -0.2147
vn -0.8130 0.5581 -0.1660
vn -0.8293 0.5460 -0.1191
vn -0.8441 0.5310 -0.0741
vn -0.8632 0.2561 -0.4351
vn -0.7249 0.3566 -0.5894
vn -0.6517 0.4294 -0.6252
vn -0.6631 0.4546 -0.5947
vn -0.7145 0.4462 -0.5389
vn -0.7597 0.4329 -0.4852
vn -0.7933 0.4242 -0.4368
vn -0.8131 0.4293 -0.3931
vn -0.8246 0.4502 -0.3426
vn -0.8307 0.4796 -0.2826
vn -0.8359 0.5035 -0.2185
vn -0.8475 0.5059 -0.1605
vn -0.8612 0.4953 -0.1136
vn -0.8735 0.4821 -0.0685
vn -0.9271 0.3394 0.1591
vn -0.9341 0.3060 0.1841
vn -0.9176 0.3275 0.2251
vn -0.9425 0.2791 0.1840
vn -0.9207 0.3039 0.2450
vn -0.9043 0.3198 0.2828
vn -0.9571 0.2467 0.1521
vn -0.9268 0.2857 0.2438
vn -0.9024 0.3064 0.3029
vn -0.8871 0.3154 0.3371
vn -0.9804 0.1861 0.0648
vn -0.9423 0.2574 0.2140
vn -0.9053 0.2951 0.3056
vn -0.8792 0.3121 0.3600
vn -0.8656 0.3154 0.3889
vn -0.9880 0.0414 -0.1491
vn -0.9728 0.1943 0.1262
vn -0.9195 0.2710 0.2846
vn -0.8774 0.3055 0.3698
vn -0.8515 0.3184 0.4166
vn -0.8412 0.3163 0.4385
vn -0.7472 -0.2998 -0.5931
vn -0.9891 -0.0033 -0.1473
vn -0.9555 0.2052 0.2118
vn -0.8857 0.2859 0.3658
vn -0.8425 0.3150 0.4369
vn -0.8198 0.3230 0.4729
vn -0.8158 0.3146 0.4853
vn -0.0562 -0.5655 -0.8228
vn -0.5774 -0.4539 -0.6787
vn -0.9822 -0.1140 -0.1492
vn -0.9177 0.2176 0.3325
vn -0.8382 0.2979 0.4568
vn -0.8006 0.3214 0.5057
vn -0.7861 0.3236 0.5266
vn -0.7926 0.3050 0.5281
vn 0.3951 -0.5760 -0.7156
vn 0.2633 -0.6101 -0.7473
vn -0.3814 -0.6586 -0.6486
vn -0.8755 -0.4760 -0.0838
vn -0.8360 0.2243 0.5009
vn -0.7726 0.3037 0.5575
vn -0.7528 0.3218 0.5742
vn -0.7528 0.3150 0.5780
vn -0.7728 0.2821 0.5685
vn 0.5536 -0.5589 -0.6173
vn 0.5659 -0.5558 -0.6090
vn 0.5406 -0.5981 -0.5916
vn -0.0576 -0.9647 -0.2568
vn -0.3107 -0.7681 0.5599
vn -0.6824 0.2234 0.6960
vn -0.6922 0.3010 0.6559
vn -0.7011 0.3118 0.6413
vn -0.7204 0.2929 0.6287
vn -0.7589 0.2399 0.6054
vn 0.6178 -0.5597 -0.5523
vn 0.6530 -0.5364 -0.5348
vn 0.6817 -0.5326 -0.5016
vn 0.7132 -0.5636 -0.4168
vn 0.6229 -0.7445 0.2403
vn 0.1046 -0.3419 0.9339
vn -0.5055 0.2047 0.8382
vn -0.6050 0.2832 0.7442
vn -0.6488 0.2859 0.7052
vn -0.6931 0.2490 0.6764
vn -0.7529 0.1696 0.6359
vn 0.6412 -0.5826 -0.4994
vn 0.6870 -0.5412 -0.4849
vn 0.7225 -0.5210 -0.4544
vn 0.7607 -0.5169 -0.3926
vn 0.8131 -0.5328 -0.2345
vn 0.7708 -0.5120 0.3792
vn 0.2006 -0.1571 0.9670
vn -0.3586 0.1779 0.9164
vn -0.5209 0.2476 0.8169
vn -0.6027 0.2354 0.7625
vn -0.6753 0.1727 0.7171
vn -0.7533 0.0664 0.6543
vn 0.6306 -0.6397 -0.4394
vn 0.6958 -0.5697 -0.4375
vn 0.7375 -0.5332 -0.4146
vn 0.7751 -0.5146 -0.3666
vn 0.8184 -0.5067 -0.2711
vn 0.8642 -0.5005 -0.0519
vn 0.7636 -0.4139 0.4956
vn 0.2156 -0.1031 0.9710
vn -0.2659 0.1375 0.9541
vn -0.4567 0.1877 0.8696
vn -0.5713 0.1500 0.8069
vn -0.6699 0.0575 0.7402
vn -0.7467 -0.0550 0.6629
vn 0.5519 -0.7644 -0.3333
vn 0.6763 -0.6356 -0.3723
vn 0.7358 -0.5697 -0.3661
vn 0.7776 -0.5341 -0.3319
vn 0.8167 -0.5134 -0.2636
vn 0.8565 -0.4981 -0.1353
vn 0.8716 -0.4735 0.1269
vn 0.7001 -0.3577 0.6180
vn 0.1903 -0.0986 0.9768
vn -0.2223 0.0720 0.9723
vn -0.4229 0.0915 0.9015
vn -0.5562 0.0260 0.8307
vn -0.6563 -0.0780 0.7505
vn -0.7121 -0.1723 0.6806
vn -0.4263 -0.3847 0.8187
vn -0.3328 -0.4058 0.8512
vn -0.2968 -0.4188 0.8582
vn -0.2427 -0.4144 0.8772
vn -0.1992 -0.4343 0.8785
vn -0.1418 -0.4382 0.8876
vn -0.1577 -0.4119 0.8975
vn -0.1083 -0.4353 0.8938
vn -0.0454 -0.4473 0.8932
vn 0.0325 -0.4402 0.8973
vn -0.0799 -0.4015 0.9124
vn -0.0259 -0.4237 0.9054
vn 0.0410 -0.4399 0.8971
vn 0.1218 -0.4418 0.8888
vn 0.2173 -0.4233 0.8796
vn -0.0101 -0.3884 0.9215
vn 0.0466 -0.4042 0.9135
vn 0.1157 -0.4191 0.9005
vn 0.1977 -0.4253 0.8832
vn 0.2925 -0.4155 0.8613
vn 0.4001 -0.3851 0.8316
vn 0.0504 -0.3762 0.9252
vn 0.1089 -0.3833 0.9172
vn 0.1783 -0.3913 0.9028
vn 0.2594 -0.3958 0.8809
vn 0.3516 -0.3898 0.8511
vn 0.4538 -0.3672 0.8120
vn 0.5640 -0.3244 0.7593
vn 0.1030 -0.3693 0.9236
vn 0.1613 -0.3655 0.9167
vn 0.2291 -0.3644 0.9026
vn 0.3076 -0.3618 0.8801
vn 0.3943 -0.3538 0.8481
vn 0.4879 -0.3337 0.8066
vn 0.5914 -0.2957 0.7502
vn 0.6986 -0.2405 0.6739
vn 0.1489 -0.3696 0.9172
vn 0.2058 -0.3555 0.9117
vn 0.2709 -0.3436 0.8992
vn 0.3410 -0.3325 0.8793
vn 0.4018 -0.3213 0.8575
vn 0.4744 -0.2919 0.8305
vn 0.5757 -0.2427 0.7808
vn 0.6852 -0.1828 0.7050
vn 0.7784 -0.1238 0.6154
vn 0.1892 -0.3776 0.9065
vn 0.2441 -0.3547 0.9025
vn 0.3057 -0.3330 0.8920
vn 0.3462 -0.3154 0.8836
vn 0.3605 -0.2943 0.8851
vn 0.3776 -0.2602 0.8887
vn 0.4832 -0.1783 0.8572
vn 0.6095 -0.0925 0.7874
vn 0.7111 -0.0270 0.7026
vn 0.7849 0.0162 0.6194
vn 0.2250 -0.3923 0.8919
vn 0.2777 -0.3629 0.8895
vn 0.3339 -0.3335 0.8816
vn 0.3194 -0.3255 0.8899
vn 0.2417 -0.3181 0.9167
vn 0.2081 -0.2604 0.9428
vn 0.3266 -0.1283 0.9364
vn 0.4862 0.0039 0.8739
vn 0.6040 0.0888 0.7920
vn 0.6893 0.1289 0.7129
vn 0.7593 0.1448 0.6344
vn 0.2571 -0.4122 0.8741
vn 0.3076 -0.3785 0.8730
vn 0.3551 -0.3453 0.8687
vn 0.2638 -0.3683 0.8915
vn 0.0308 -0.3979 0.9169
vn -0.1002 -0.3271 0.9396
vn 0.0242 -0.1703 0.9851
vn 0.2703 0.0104 0.9627
vn 0.4704 0.1413 0.8711
vn 0.5925 0.2041 0.7793
vn 0.6778 0.2284 0.6989
vn 0.7388 0.2352 0.6315
vn 0.2860 -0.4356 0.8535
vn 0.3345 -0.3995 0.8535
vn 0.3750 -0.3671 0.8513
vn 0.2051 -0.4286 0.8799
vn -0.1864 -0.4963 0.8479
vn -0.4284 -0.4373 0.7908
vn -0.3898 -0.3081 0.8678
vn -0.1100 -0.1084 0.9880
vn 0.2469 0.0969 0.9642
vn 0.4806 0.2178 0.8495
vn 0.6084 0.2657 0.7479
vn 0.6869 0.2834 0.6692
vn 0.7395 0.2860 0.6093
vn 0.3121 -0.4610 0.8307
vn 0.3588 -0.4239 0.8316
vn 0.3990 -0.3912 0.8293
vn 0.1835 -0.4866 0.8541
vn -0.3231 -0.5916 0.7387
vn -0.6456 -0.5324 0.5475
vn -0.7098 -0.4432 0.5475
vn -0.5919 -0.3227 0.7386
vn -0.2103 -0.1011 0.9724
vn 0.2570 0.1355 0.9569
vn 0.5207 0.2544 0.8150
vn 0.6436 0.2962 0.7058
vn 0.7091 0.3103 0.6331
vn 0.7523 0.3118 0.5803
vn 0.8278 0.3242 0.4580
vn 0.8442 0.3205 0.4296
vn 0.8512 0.3200 0.4160
vn 0.8728 0.3050 0.3810
vn 0.8682 0.3153 0.3833
vn 0.8734 0.3161 0.3706
vn 0.9168 0.2688 0.2952
vn 0.8958 0.2989 0.3291
vn 0.8899 0.3098 0.3348
vn 0.8928 0.3176 0.3194
vn 0.9726 0.1910 0.1324
vn 0.9345 0.2635 0.2394
vn 0.9153 0.2924 0.2769
vn 0.9087 0.3085 0.2812
vn 0.9066 0.3326 0.2597
vn 0.9881 0.0367 -0.1492
vn 0.9761 0.1968 0.0923
vn 0.9478 0.2583 0.1871
vn 0.9314 0.2894 0.2210
vn 0.9226 0.3185 0.2178
vn 0.9133 0.3683 0.1741
vn 0.8594 -0.1783 -0.4792
vn 0.9892 0.0817 -0.1218
vn 0.9780 0.2003 0.0578
vn 0.9572 0.2562 0.1347
vn 0.9425 0.2955 0.1563
vn 0.9299 0.3448 0.1283
vn 0.9085 0.4147 0.0520
vn 0.6421 -0.3541 -0.6799
vn 0.9329 -0.0725 -0.3529
vn 0.9885 0.1115 -0.1018
vn 0.9791 0.2023 0.0222
vn 0.9630 0.2582 0.0766
vn 0.9479 0.3112 0.0686
vn 0.9284 0.3713 0.0140
vn 0.9009 0.4322 -0.0390
vn 0.5297 -0.4563 -0.7150
vn 0.8429 -0.2145 -0.4934
vn 0.9655 -0.0078 -0.2603
vn 0.9879 0.1237 -0.0940
vn 0.9794 0.2018 -0.0088
vn 0.9650 0.2622 0.0056
vn 0.9472 0.3195 -0.0279
vn 0.9244 0.3755 -0.0674
vn 0.8998 0.4255 -0.0963
vn 0.6351 -0.4918 -0.5956
vn 0.8229 -0.3015 -0.4815
vn 0.9448 -0.1086 -0.3093
vn 0.9867 0.0353 -0.1588
vn 0.9890 0.1311 -0.0683
vn 0.9791 0.1962 -0.0535
vn 0.9649 0.2473 -0.0885
vn 0.9471 0.2923 -0.1323
vn 0.9275 0.3344 -0.1671
vn 0.9056 0.3785 -0.1913
vn 0.8626 -0.4185 -0.2842
vn 0.9205 -0.2867 -0.2655
vn 0.9689 -0.1464 -0.1994
vn 0.9921 -0.0301 -0.1215
vn 0.9953 0.0602 -0.0760
vn 0.9877 0.1271 -0.0916
vn 0.9734 0.1743 -0.1484
vn 0.9563 0.2068 -0.2066
vn 0.9397 0.2331 -0.2504
vn 0.9247 0.2602 -0.2779
vn 0.9101 0.2948 -0.2911
vn 0.9573 -0.2890 0.0017
vn 0.9736 -0.2251 -0.0378
vn 0.9878 -0.1489 -0.0464
vn 0.9971 -0.0705 -0.0283
vn 0.9994 0.0039 -0.0350
vn 0.9938 0.0652 -0.0898
vn 0.9796 0.1115 -0.1674
vn 0.9609 0.1436 -0.2366
vn 0.9430 0.1670 -0.2877
vn 0.9282 0.1871 -0.3216
vn 0.9163 0.2083 -0.3421
vn 0.9059 0.2345 -0.3525
vn 0.9552 -0.2938 0.0353
vn 0.9709 -0.2396 0.0048
vn 0.9812 -0.1927 0.0141
vn 0.9899 -0.1333 0.0479
vn 0.9971 -0.0651 0.0392
vn 0.9994 0.0045 -0.0349
vn 0.9891 0.0595 -0.1347
vn 0.9698 0.0974 -0.2237
vn 0.9491 0.1231 -0.2898
vn 0.9316 0.1424 -0.3344
vn 0.9181 0.1597 -0.3627
vn 0.9079 0.1782 -0.3794
vn 0.8994 0.2005 -0.3883
vn 0.9391 -0.3437 0.0003
vn 0.9540 -0.2996 -0.0086
vn 0.9607 -0.2695 0.0658
vn 0.9618 -0.2219 0.1604
vn 0.9742 -0.1481 0.1704
vn 0.9946 -0.0666 0.0801
vn 0.9986 0.0038 -0.0533
vn 0.9828 0.0539 -0.1765
vn 0.9595 0.0865 -0.2682
vn 0.9377 0.1085 -0.3299
vn 0.9207 0.1255 -0.3696
vn 0.9081 0.1414 -0.3941
vn 0.8989 0.1584 -0.4086
vn 0.8913 0.1787 -0.4166
vn 0.8482 0.1660 -0.5030
vn 0.8291 0.1394 -0.5414
vn 0.8251 0.1777 -0.5363
vn 0.8003 0.1156 -0.5883
vn 0.8001 0.1460 -0.5818
vn 0.7903 0.1982 -0.5798
vn 0.7583 0.0925 -0.6453
vn 0.7619 0.1179 -0.6369
vn 0.7597 0.1564 -0.6312
vn 0.7308 0.2380 -0.6398
vn 0.6972 0.0676 -0.7136
vn 0.7064 0.0904 -0.7020
vn 0.7114 0.1203 -0.6924
vn 0.6995 0.1754 -0.6927
vn 0.6553 0.2818 -0.7008
vn 0.6076 0.0376 -0.7934
vn 0.6275 0.0607 -0.7762
vn 0.6420 0.0857 -0.7619
vn 0.6449 0.1232 -0.7543
vn 0.6312 0.1942 -0.7509
vn 0.6761 0.2532 -0.6919
vn 0.4744 -0.0025 -0.8803
vn 0.5167 0.0253 -0.8558
vn 0.5467 0.0491 -0.8359
vn 0.5661 0.0760 -0.8208
vn 0.5860 0.1121 -0.8025
vn 0.6854 0.1259 -0.7172
vn 0.8635 0.1328 -0.4866
vn 0.2777 -0.0592 -0.9588
vn 0.3640 -0.0199 -0.9312
vn 0.4206 0.0071 -0.9072
vn 0.4603 0.0287 -0.8873
vn 0.5097 0.0407 -0.8594
vn 0.6279 0.0040 -0.7783
vn 0.8503 -0.0950 -0.5176
vn 0.9922 -0.1237 -0.0175
vn 0.0082 -0.1357 -0.9907
vn 0.1631 -0.0785 -0.9835
vn 0.2616 -0.0434 -0.9642
vn 0.3311 -0.0212 -0.9433
vn 0.4019 -0.0209 -0.9154
vn 0.4944 -0.0729 -0.8662
vn 0.6890 -0.2714 -0.6721
vn 0.8481 -0.4879 -0.2067
vn 0.8043 -0.5686 0.1728
vn -0.2943 -0.2221 -0.9295
vn -0.0749 -0.1505 -0.9858
vn 0.0755 -0.1041 -0.9917
vn 0.1834 -0.0777 -0.9800
vn 0.2774 -0.0761 -0.9577
vn 0.3544 -0.1117 -0.9284
vn 0.4391 -0.2757 -0.8551
vn 0.5797 -0.6246 -0.5233
vn 0.6385 -0.7670 -0.0633
vn 0.7190 -0.6890 0.0908
vn -0.5435 -0.2994 -0.7842
vn -0.3095 -0.2287 -0.9230
vn -0.1183 -0.1742 -0.9776
vn 0.0300 -0.1418 -0.9894
vn 0.1592 -0.1343 -0.9781
vn 0.2471 -0.1538 -0.9567
vn 0.2613 -0.1947 -0.9454
vn 0.2814 -0.4829 -0.8292
vn 0.3530 -0.8869 -0.2981
vn 0.5123 -0.8290 0.2242
vn 0.5177 -0.8545 -0.0421
vn -0.6916 -0.3627 -0.6246
vn -0.4898 -0.3046 -0.8169
vn -0.2869 -0.2500 -0.9248
vn -0.1076 -0.2134 -0.9710
vn 0.0590 -0.2031 -0.9774
vn 0.1711 -0.1991 -0.9649
vn 0.1742 -0.1916 -0.9659
vn 0.1192 -0.2332 -0.9651
vn 0.0954 -0.6089 -0.7875
vn 0.0990 -0.9908 -0.0926
vn -0.0556 -0.9534 0.2965
vn -0.5360 -0.8442 0.0087
vn -0.7494 -0.4229 -0.5094
vn -0.5890 -0.3777 -0.7144
vn -0.3975 -0.3285 -0.8568
vn -0.2023 -0.2911 -0.9351
vn -0.0075 -0.2773 -0.9607
vn 0.1154 -0.2615 -0.9583
vn 0.1196 -0.2283 -0.9662
vn 0.0595 -0.1846 -0.9810
vn -0.0000 -0.2371 -0.9715
vn -0.0628 -0.6057 -0.7932
vn -0.1773 -0.9593 -0.2197
vn -0.4965 -0.8607 0.1131
vn -0.6504 -0.7458 0.1437
vn -0.7349 -0.4936 -0.4650
vn -0.6022 -0.4546 -0.6563
vn -0.4264 -0.4100 -0.8063
vn -0.2257 -0.3725 -0.9002
vn -0.0254 -0.3490 -0.9368
vn 0.0803 -0.3235 -0.9428
vn 0.0716 -0.2824 -0.9566
vn 0.0169 -0.2277 -0.9736
vn -0.0411 -0.1770 -0.9834
vn -0.0973 -0.2132 -0.9721
vn -0.1804 -0.4903 -0.8527
vn -0.3509 -0.7805 -0.5174
vn -0.6429 -0.7323 -0.2246
vn -0.8005 -0.5993 -0.0099
vn -0.6956 0.1664 -0.6989
vn -0.6279 0.1585 -0.7620
vn -0.6544 0.2397 -0.7171
vn -0.6320 0.1168 -0.7661
vn -0.6790 0.1690 -0.7144
vn -0.6998 0.2439 -0.6714
vn -0.6326 0.0884 -0.7694
vn -0.6949 0.1239 -0.7084
vn -0.7380 0.1659 -0.6541
vn -0.7608 0.2250 -0.6088
vn -0.6248 0.0672 -0.7779
vn -0.6964 0.0975 -0.7110
vn -0.7480 0.1281 -0.6512
vn -0.7833 0.1639 -0.5997
vn -0.8031 0.2128 -0.5566
vn -0.6132 0.0466 -0.7886
vn -0.6945 0.0768 -0.7154
vn -0.7511 0.1035 -0.6520
vn -0.7906 0.1309 -0.5982
vn -0.8171 0.1633 -0.5529
vn -0.8318 0.2077 -0.5147
vn -0.5979 0.0218 -0.8013
vn -0.6933 0.0571 -0.7183
vn -0.7544 0.0838 -0.6510
vn -0.7954 0.1079 -0.5964
vn -0.8234 0.1337 -0.5514
vn -0.8419 0.1651 -0.5138
vn -0.8516 0.2087 -0.4808
vn -0.5742 -0.0186 -0.8185
vn -0.6959 0.0336 -0.7173
vn -0.7623 0.0651 -0.6439
vn -0.8031 0.0892 -0.5891
vn -0.8300 0.1120 -0.5463
vn -0.8482 0.1376 -0.5114
vn -0.8600 0.1700 -0.4811
vn -0.8655 0.2161 -0.4519
vn -0.5157 -0.1248 -0.8476
vn -0.7076 -0.0064 -0.7066
vn -0.7803 0.0425 -0.6239
vn -0.8180 0.0712 -0.5707
vn -0.8411 0.0940 -0.5326
vn -0.8565 0.1169 -0.5027
vn -0.8670 0.1439 -0.4771
vn -0.8737 0.1792 -0.4523
vn -0.8760 0.2312 -0.4233
vn -0.1678 -0.6819 -0.7119
vn -0.7474 -0.1302 -0.6515
vn -0.8212 0.0020 -0.5707
vn -0.8466 0.0482 -0.5301
vn -0.8608 0.0760 -0.5033
vn -0.8702 0.0991 -0.4826
vn -0.8769 0.1236 -0.4645
vn -0.8818 0.1535 -0.4459
vn -0.8851 0.1939 -0.4231
vn -0.8851 0.2567 -0.3882
vn 0.5209 -0.7429 0.4204
vn -0.6870 -0.7224 -0.0787
vn -0.9143 -0.1159 -0.3880
vn -0.8999 0.0062 -0.4360
vn -0.8943 0.0517 -0.4444
vn -0.8927 0.0804 -0.4434
vn -0.8927 0.1055 -0.4382
vn -0.8935 0.1330 -0.4289
vn -0.8949 0.1675 -0.4137
vn -0.8963 0.2161 -0.3873
vn -0.8942 0.2985 -0.3336
vn 0.5814 -0.4027 0.7070
vn 0.1084 -0.5905 0.7997
vn -0.8460 -0.4314 0.3133
vn -0.9781 -0.0968 -0.1840
vn -0.9467 0.0081 -0.3220
vn -0.9273 0.0543 -0.3702
vn -0.9167 0.0853 -0.3903
vn -0.9110 0.1137 -0.3964
vn -0.9084 0.1457 -0.3919
vn -0.9082 0.1871 -0.3745
vn -0.9090 0.2494 -0.3340
vn -0.9019 0.3559 -0.2449
vn 0.5636 -0.3400 0.7528
vn 0.3788 -0.3894 0.8395
vn -0.1840 -0.4604 0.8684
vn -0.8713 -0.2925 0.3941
vn -0.9949 -0.0823 -0.0579
vn -0.9723 0.0094 -0.2336
vn -0.9499 0.0569 -0.3073
vn -0.9355 0.0913 -0.3412
vn -0.9272 0.1241 -0.3534
vn -0.9235 0.1623 -0.3477
vn -0.9233 0.2141 -0.3187
vn -0.9229 0.2984 -0.2434
vn -0.9075 0.3916 -0.1520
vn 0.5428 -0.3294 0.7726
vn 0.4286 -0.3465 0.8344
vn 0.1682 -0.3832 0.9082
vn -0.3959 -0.3837 0.8343
vn -0.8907 -0.2274 0.3937
vn -0.9973 -0.0719 0.0125
vn -0.9857 0.0106 -0.1680
vn -0.9656 0.0599 -0.2529
vn -0.9512 0.0984 -0.2926
vn -0.9428 0.1368 -0.3040
vn -0.9399 0.1834 -0.2880
vn -0.9404 0.2523 -0.2282
vn -0.9313 0.3355 -0.1421
vn -0.9149 0.3933 -0.0907
vn -0.5497 -0.3037 0.7782
vn -0.5270 -0.2547 0.8108
vn -0.4684 -0.3327 0.8185
vn -0.4370 -0.2005 0.8768
vn -0.4507 -0.2965 0.8420
vn -0.3924 -0.3488 0.8511
vn -0.2896 -0.1599 0.9437
vn -0.3582 -0.2712 0.8934
vn -0.3964 -0.3217 0.8599
vn -0.3144 -0.3575 0.8794
vn -0.0105 -0.1916 0.9814
vn -0.2004 -0.2717 0.9413
vn -0.3568 -0.2990 0.8850
vn -0.3431 -0.3322 0.8786
vn -0.2380 -0.3623 0.9012
vn 0.3833 -0.3131 0.8689
vn 0.0917 -0.3310 0.9392
vn -0.2433 -0.3199 0.9157
vn -0.3470 -0.3169 0.8827
vn -0.2735 -0.3441 0.8982
vn -0.1670 -0.3654 0.9158
vn 0.7112 -0.4447 0.5445
vn 0.4280 -0.4382 0.7904
vn -0.0347 -0.3973 0.9170
vn -0.3193 -0.3266 0.8896
vn -0.3050 -0.3345 0.8917
vn -0.2050 -0.3566 0.9115
vn -0.1022 -0.3700 0.9234
vn 0.8317 -0.5096 0.2205
vn 0.6637 -0.5351 0.5227
vn 0.1994 -0.5014 0.8419
vn -0.2608 -0.3697 0.8918
vn -0.3318 -0.3358 0.8816
vn -0.2395 -0.3570 0.9029
vn -0.1417 -0.3716 0.9175
vn -0.0437 -0.3784 0.9246
vn 0.8408 -0.5411 0.0168
vn 0.7504 -0.5958 0.2862
vn 0.3533 -0.6058 0.7129
vn -0.1968 -0.4360 0.8781
vn -0.3529 -0.3495 0.8680
vn -0.2712 -0.3674 0.8896
vn -0.1782 -0.3818 0.9069
vn -0.0838 -0.3900 0.9170
vn 0.0089 -0.3916 0.9201
vn 0.8122 -0.5758 -0.0941
vn 0.7447 -0.6509 0.1474
vn 0.3778 -0.6958 0.6108
vn -0.1766 -0.5022 0.8465
vn -0.3751 -0.3751 0.8477
vn -0.3009 -0.3872 0.8715
vn -0.2120 -0.4009 0.8913
vn -0.1212 -0.4093 0.9043
vn -0.0310 -0.4122 0.9106
vn 0.0563 -0.4096 0.9105
vn 0.7617 -0.6314 -0.1455
vn 0.6717 -0.7332 0.1059
vn 0.2650 -0.7651 0.5868
vn -0.2336 -0.5378 0.8101
vn -0.4033 -0.4046 0.8207
vn -0.3287 -0.4149 0.8484
vn -0.2437 -0.4275 0.8706
vn -0.1563 -0.4357 0.8864
vn -0.0687 -0.4391 0.8958
vn 0.0171 -0.4376 0.8990
vn 0.0990 -0.4318 0.8965
vn 0.6693 -0.7306 -0.1355
vn 0.4840 -0.8561 0.1812
vn 0.0405 -0.7905 0.6112
vn -0.3591 -0.5288 0.7690
vn -0.4303 -0.4350 0.7910
vn -0.3546 -0.4482 0.8206
vn -0.2733 -0.4599 0.8449
vn -0.1893 -0.4677 0.8634
vn -0.1042 -0.4713 0.8758
vn -0.0203 -0.4704 0.8822
vn 0.0609 -0.4654 0.8830
vn 0.1377 -0.4568 0.8788
vn 0.4365 -0.8997 -0.0103
vn 0.1121 -0.9238 0.3660
vn -0.2537 -0.7197 0.6463
vn -0.4768 -0.5023 0.7214
vn -0.4517 -0.4709 0.7578
vn -0.3785 -0.4849 0.7884
vn -0.3008 -0.4960 0.8146
vn -0.2200 -0.5036 0.8355
vn -0.1377 -0.5072 0.8507
vn -0.0558 -0.5068 0.8603
vn 0.0242 -0.5024 0.8643
vn 0.1008 -0.4944 0.8633
vn 0.1728 -0.4835 0.8581
vn -0.0488 -0.9657 0.2551
vn -0.3116 -0.8027 0.5084
vn -0.5118 -0.5728 0.6403
vn -0.5294 -0.4995 0.6857
vn -0.4698 -0.5091 0.7212
vn -0.4002 -0.5228 0.7527
vn -0.3260 -0.5337 0.7803
vn -0.2485 -0.5413 0.8033
vn -0.1691 -0.5452 0.8211
vn -0.0894 -0.5452 0.8336
vn -0.0109 -0.5413 0.8407
vn 0.0650 -0.5340 0.8430
vn 0.1371 -0.5236 0.8409
vn 0.2046 -0.5107 0.8351
vn 0.7791 0.3255 0.5358
vn 0.7469 0.3161 0.5849
vn 0.8000 0.3148 0.5108
vn 0.6820 0.2873 0.6726
vn 0.7713 0.2903 0.5664
vn 0.8425 0.2844 0.4575
vn 0.4566 0.1626 0.8747
vn 0.6645 0.1778 0.7259
vn 0.8432 0.1846 0.5049
vn 0.9316 0.1842 0.3133
vn -0.2714 -0.2018 0.9411
vn -0.1704 -0.3927 0.9038
vn 0.2673 -0.8058 0.5285
vn 0.8161 -0.5630 -0.1306
vn 0.9613 -0.1754 -0.2123
vn -0.7800 -0.4261 0.4583
vn -0.7874 -0.5243 0.3242
vn -0.6650 -0.7330 0.1435
vn -0.0735 -0.9484 -0.3085
vn 0.3188 -0.6802 -0.6600
vn 0.5405 -0.4755 -0.6940
vn -0.8718 -0.4739 0.1243
vn -0.8635 -0.5012 -0.0565
vn -0.8124 -0.5320 -0.2389
vn -0.7138 -0.5618 -0.4181
vn -0.5457 -0.5951 -0.5900
vn -0.2752 -0.6097 -0.7433
vn 0.0477 -0.5675 -0.8220
vn -0.8668 -0.4973 0.0350
vn -0.8570 -0.4990 -0.1286
vn -0.8192 -0.5066 -0.2689
vn -0.7611 -0.5166 -0.3922
vn -0.6810 -0.5324 -0.5028
vn -0.5631 -0.5559 -0.6115
vn -0.3876 -0.5771 -0.7188
vn -0.1443 -0.5793 -0.8022
vn -0.8345 -0.5476 0.0615
vn -0.8430 -0.5244 -0.1199
vn -0.8174 -0.5166 -0.2550
vn -0.7755 -0.5163 -0.3633
vn -0.7216 -0.5224 -0.4543
vn -0.6494 -0.5385 -0.5369
vn -0.5446 -0.5628 -0.6219
vn -0.3886 -0.5900 -0.7077
vn -0.1561 -0.6091 -0.7775
vn -0.7057 -0.6652 0.2440
vn -0.8012 -0.5974 -0.0344
vn -0.8028 -0.5607 -0.2026
vn -0.7753 -0.5449 -0.3195
vn -0.7344 -0.5413 -0.4095
vn -0.6813 -0.5494 -0.4838
vn -0.6057 -0.5707 -0.5544
vn -0.4923 -0.6033 -0.6275
vn -0.3111 -0.6453 -0.6977
vn -0.0088 -0.6811 -0.7322
vn -0.1734 -0.7122 0.6802
vn -0.5751 -0.7721 0.2703
vn -0.7257 -0.6861 -0.0517
vn -0.7434 -0.6284 -0.2290
vn -0.7206 -0.6030 -0.3423
vn -0.6790 -0.5988 -0.4247
vn -0.6162 -0.6147 -0.4925
vn -0.5170 -0.6502 -0.5567
vn -0.3493 -0.7065 -0.6154
vn -0.0388 -0.7708 -0.6359
vn 0.4653 -0.7239 -0.5094
vn 0.3829 -0.4833 0.7873
vn 0.1131 -0.6852 0.7195
vn -0.2348 -0.8612 0.4508
vn -0.5082 -0.8580 0.0745
vn -0.6004 -0.7824 -0.1654
vn -0.5970 -0.7434 -0.3017
vn -0.5434 -0.7437 -0.3894
vn -0.4336 -0.7798 -0.4516
vn -0.2232 -0.8461 -0.4840
vn 0.1704 -0.8829 -0.4375
vn 0.6371 -0.7224 -0.2688
vn 0.8778 -0.4757 -0.0567
vn 0.4358 -0.4491 0.7800
vn 0.4731 -0.4651 0.7483
vn 0.4187 -0.5660 0.7102
vn 0.2247 -0.7669 0.6011
vn 0.0343 -0.9197 0.3911
vn -0.0744 -0.9851 0.1549
vn -0.0858 -0.9961 -0.0191
vn 0.0303 -0.9937 -0.1078
vn 0.2726 -0.9542 -0.1233
vn 0.5704 -0.8180 -0.0742
vn 0.7949 -0.6053 0.0418
vn 0.8925 -0.4324 0.1287
vn 0.9233 -0.3638 0.1231
vn 0.3887 -0.4897 0.7804
vn 0.4422 -0.4910 0.7506
vn 0.4963 -0.4913 0.7158
vn 0.5392 -0.5019 0.6763
vn 0.5512 -0.5514 0.6263
vn 0.5413 -0.6409 0.5444
vn 0.5385 -0.7188 0.4396
vn 0.5849 -0.7323 0.3487
vn 0.6796 -0.6715 0.2952
vn 0.7772 -0.5686 0.2696
vn 0.8416 -0.4811 0.2455
vn 0.8748 -0.4373 0.2088
vn 0.8949 -0.4201 0.1505
vn 0.9094 -0.4059 0.0911
vn 0.8718 0.1385 -0.4698
vn 0.8798 0.1218 -0.4595
vn 0.8582 0.1172 -0.4997
vn 0.8908 0.1068 -0.4417
vn 0.8680 0.1018 -0.4860
vn 0.8382 0.0975 -0.5365
vn 0.9067 0.0916 -0.4117
vn 0.8826 0.0868 -0.4620
vn 0.8506 0.0824 -0.5194
vn 0.8086 0.0776 -0.5832
vn 0.9296 0.0734 -0.3613
vn 0.9048 0.0696 -0.4200
vn 0.8705 0.0658 -0.4877
vn 0.8238 0.0610 -0.5636
vn 0.7629 0.0546 -0.6442
vn 0.9600 0.0463 -0.2760
vn 0.9378 0.0444 -0.3444
vn 0.9032 0.0422 -0.4271
vn 0.8514 0.0387 -0.5230
vn 0.7791 0.0324 -0.6261
vn 0.6875 0.0229 -0.7258
vn 0.9912 0.0006 -0.1324
vn 0.9792 -0.0004 -0.2031
vn 0.9534 -0.0015 -0.3018
vn 0.9029 -0.0034 -0.4299
vn 0.8155 -0.0082 -0.5787
vn 0.6913 -0.0174 -0.7223
vn 0.5491 -0.0300 -0.8352
vn 0.9931 -0.0758 0.0899
vn 0.9949 -0.0842 0.0557
vn 0.9951 -0.0957 -0.0233
vn 0.9791 -0.1121 -0.1696
vn 0.9036 -0.1332 -0.4071
vn 0.7078 -0.1431 -0.6917
vn 0.4648 -0.1344 -0.8752
vn 0.2680 -0.1284 -0.9548
vn 0.9196 -0.1792 0.3496
vn 0.8865 -0.2060 0.4144
vn 0.8566 -0.2466 0.4533
vn 0.8325 -0.3211 0.4514
vn 0.7959 -0.4949 0.3488
vn 0.5556 -0.8158 -0.1606
vn 0.0176 -0.6298 -0.7766
vn -0.1616 -0.3663 -0.9163
vn -0.2216 -0.2705 -0.9369
vn 0.7995 -0.2814 0.5306
vn 0.6613 -0.3136 0.6815
vn 0.4966 -0.3477 0.7953
vn 0.3083 -0.3938 0.8659
vn 0.0783 -0.4691 0.8797
vn -0.2356 -0.6014 0.7634
vn -0.6422 -0.7013 0.3095
vn -0.7957 -0.5740 -0.1932
vn -0.7425 -0.4424 -0.5030
vn -0.6570 -0.3601 -0.6624
vn 0.7352 -0.3679 0.5693
vn 0.4974 -0.3931 0.7734
vn 0.2329 -0.3946 0.8889
vn -0.0154 -0.3866 0.9221
vn -0.2389 -0.3810 0.8932
vn -0.4455 -0.3833 0.8091
vn -0.6396 -0.3950 0.6595
vn -0.8030 -0.4109 0.4317
vn -0.8965 -0.4178 0.1478
vn -0.9035 -0.4071 -0.1339
vn -0.8486 -0.3855 -0.3624
vn 0.7762 -0.4343 0.4570
vn 0.4880 -0.4708 0.7350
vn 0.1580 -0.4495 0.8792
vn -0.1125 -0.4071 0.9064
vn -0.3134 -0.3714 0.8740
vn -0.4695 -0.3494 0.8109
vn -0.6014 -0.3411 0.7225
vn -0.7186 -0.3451 0.6038
vn -0.8189 -0.3587 0.4481
vn -0.8905 -0.3764 0.2556
vn -0.9193 -0.3915 0.0401
vn -0.8998 -0.4003 -0.1734
vn 0.8702 -0.4510 0.1984
vn 0.6286 -0.5442 0.5557
vn 0.2472 -0.5397 0.8047
vn -0.0834 -0.4720 0.8776
vn -0.3040 -0.4087 0.8606
vn -0.4533 -0.3669 0.8123
vn -0.5663 -0.3442 0.7489
vn -0.6614 -0.3365 0.6703
vn -0.7461 -0.3414 0.5717
vn -0.8201 -0.3564 0.4477
vn -0.8772 -0.3786 0.2951
vn -0.9072 -0.4043 0.1164
vn -0.8997 -0.4294 -0.0786
vn 0.9032 -0.4285 -0.0225
vn 0.8127 -0.5443 0.2080
vn 0.5015 -0.6402 0.5819
vn 0.0833 -0.5953 0.7992
vn -0.2189 -0.4991 0.8385
vn -0.4015 -0.4270 0.8102
vn -0.5217 -0.3838 0.7619
vn -0.6124 -0.3619 0.7028
vn -0.6888 -0.3560 0.6315
vn -0.7566 -0.3632 0.5438
vn -0.8159 -0.3816 0.4344
vn -0.8620 -0.4095 0.2989
vn -0.8856 -0.4444 0.1347
vn -0.8739 -0.4829 -0.0560
vn -0.7412 -0.1309 -0.6584
vn -0.5942 -0.1950 -0.7804
vn -0.5806 0.0126 -0.8141
vn -0.4306 -0.1716 -0.8861
vn -0.4807 -0.0362 -0.8762
vn -0.5072 0.0462 -0.8606
vn -0.3167 -0.1507 -0.9365
vn -0.3812 -0.0805 -0.9210
vn -0.4149 -0.0038 -0.9099
vn -0.4720 0.0355 -0.8809
vn -0.2406 -0.1747 -0.9548
vn -0.2948 -0.1284 -0.9469
vn -0.3079 -0.0564 -0.9497
vn -0.3580 -0.0095 -0.9337
vn -0.4380 0.0160 -0.8989
vn -0.1803 -0.2166 -0.9595
vn -0.2247 -0.1814 -0.9574
vn -0.2008 -0.1179 -0.9725
vn -0.2196 -0.0643 -0.9735
vn -0.2921 -0.0317 -0.9559
vn -0.3879 -0.0095 -0.9217
vn -0.1216 -0.2758 -0.9535
vn -0.1689 -0.2516 -0.9530
vn -0.1052 -0.1929 -0.9756
vn -0.0658 -0.1309 -0.9892
vn -0.1070 -0.0935 -0.9899
vn -0.1929 -0.0684 -0.9788
vn -0.3061 -0.0495 -0.9507
vn -0.0650 -0.3297 -0.9418
vn -0.1295 -0.3202 -0.9385
vn -0.0431 -0.2749 -0.9605
vn 0.0795 -0.2097 -0.9745
vn 0.1024 -0.1700 -0.9801
vn 0.0637 -0.1474 -0.9870
vn -0.0192 -0.1344 -0.9907
vn -0.1427 -0.1271 -0.9816
vn -0.0118 -0.3774 -0.9260
vn -0.0948 -0.3745 -0.9224
vn -0.0337 -0.3512 -0.9357
vn 0.1764 -0.2990 -0.9378
vn 0.2941 -0.2569 -0.9206
vn 0.3375 -0.2381 -0.9107
vn 0.3402 -0.2379 -0.9098
vn 0.3124 -0.2562 -0.9148
vn 0.2503 -0.3012 -0.9201
vn 0.0362 -0.4194 -0.9071
vn -0.0481 -0.4198 -0.9063
vn -0.0598 -0.4163 -0.9073
vn 0.1747 -0.3937 -0.9025
vn 0.4130 -0.3495 -0.8410
vn 0.5461 -0.3261 -0.7717
vn 0.6315 -0.3255 -0.7038
vn 0.6973 -0.3468 -0.6273
vn 0.7529 -0.3943 -0.5270
vn 0.7902 -0.4809 -0.3798
vn 0.0362 -0.4578 -0.8883
vn 0.0014 -0.4598 -0.8880
vn -0.0702 -0.4596 -0.8854
vn 0.0650 -0.4693 -0.8806
vn 0.4100 -0.4487 -0.7941
vn 0.6417 -0.4122 -0.6467
vn 0.7768 -0.3914 -0.4934
vn 0.8609 -0.3862 -0.3313
vn 0.9079 -0.3916 -0.1494
vn 0.9141 -0.4016 0.0565
vn 0.8681 -0.4112 0.2779
vn -0.0459 -0.5038 -0.8626
vn 0.0415 -0.4954 -0.8677
vn -0.0330 -0.4978 -0.8667
vn -0.0527 -0.5066 -0.8606
vn 0.2353 -0.5365 -0.8104
vn 0.6070 -0.5121 -0.6077
vn 0.8056 -0.4623 -0.3706
vn 0.8936 -0.4220 -0.1533
vn 0.9185 -0.3929 0.0439
vn 0.9011 -0.3716 0.2235
vn 0.8521 -0.3559 0.3838
vn 0.7790 -0.3459 0.5230
vn -0.1819 -0.5597 -0.8085
vn 0.0471 -0.5332 -0.8447
vn 0.0129 -0.5316 -0.8469
vn -0.0657 -0.5335 -0.8433
vn -0.0038 -0.5671 -0.8237
vn 0.3827 -0.6153 -0.6892
vn 0.7303 -0.5682 -0.3792
vn 0.8676 -0.4884 -0.0934
vn 0.8965 -0.4256 0.1233
vn 0.8776 -0.3819 0.2898
vn 0.8350 -0.3526 0.4225
vn 0.7788 -0.3343 0.5308
vn 0.7131 -0.3249 0.6212
vn -0.3164 -0.6228 -0.7155
vn 0.0164 -0.5841 -0.8115
vn 0.0550 -0.5615 -0.8256
vn -0.0198 -0.5662 -0.8240
vn -0.0938 -0.5673 -0.8182
vn 0.0347 -0.6283 -0.7772
vn 0.4587 -0.6946 -0.5541
vn 0.7687 -0.6160 -0.1723
vn 0.8547 -0.5064 0.1143
vn 0.8515 -0.4300 0.3001
vn 0.8184 -0.3818 0.4295
vn 0.7733 -0.3520 0.5273
vn 0.7218 -0.3351 0.6056
vn 0.6650 -0.3277 0.6711
vn -0.9434 0.3311 0.0199
vn -0.9559 0.2922 -0.0294
vn -0.9571 0.2841 0.0573
vn -0.9675 0.2386 -0.0843
vn -0.9696 0.2448 -0.0056
vn -0.9691 0.2417 0.0491
vn -0.9737 0.1775 -0.1430
vn -0.9796 0.1919 -0.0602
vn -0.9811 0.1911 -0.0290
vn -0.9819 0.1893 -0.0026
vn -0.9775 0.1185 -0.1747
vn -0.9868 0.1290 -0.0980
vn -0.9883 0.1274 -0.0843
vn -0.9872 0.1149 -0.1109
vn -0.9873 0.0976 -0.1254
vn -0.9856 0.0674 -0.1552
vn -0.9921 0.0715 -0.1032
vn -0.9939 0.0622 -0.0915
vn -0.9845 0.0327 -0.1723
vn -0.9667 -0.0064 -0.2559
vn -0.9287 -0.0790 -0.3623
vn -0.9965 0.0117 -0.0824
vn -0.9983 0.0113 -0.0579
vn -0.9986 0.0086 -0.0517
vn -0.9904 -0.0292 -0.1353
vn -0.9412 -0.1131 -0.3185
vn -0.8380 -0.2197 -0.4994
vn -0.6353 -0.3583 -0.6842
vn -0.9957 -0.0642 0.0673
vn -0.9963 -0.0630 0.0588
vn -0.9978 -0.0624 0.0226
vn -0.9967 -0.0710 -0.0395
vn -0.9664 -0.1521 -0.2071
vn -0.8107 -0.3135 -0.4944
vn -0.4985 -0.4708 -0.7279
vn -0.1296 -0.5561 -0.8210
vn -0.9247 -0.1781 0.3364
vn -0.9478 -0.1668 0.2719
vn -0.9730 -0.1551 0.1712
vn -0.9892 -0.1393 0.0444
vn -0.9867 -0.1557 -0.0475
vn -0.9147 -0.3015 -0.2691
vn -0.5933 -0.5207 -0.6139
vn -0.1100 -0.6159 -0.7801
vn 0.2139 -0.6054 -0.7666
vn -0.6570 -0.3127 0.6860
vn -0.7652 -0.2961 0.5716
vn -0.8733 -0.2752 0.4019
vn -0.9530 -0.2433 0.1806
vn -0.9777 -0.2094 0.0165
vn -0.9708 -0.2382 -0.0293
vn -0.8516 -0.4453 -0.2764
vn -0.3849 -0.6753 -0.6291
vn 0.1186 -0.6779 -0.7255
vn 0.3738 -0.6259 -0.6845
vn -0.2161 -0.3848 0.8974
vn -0.4118 -0.3947 0.8214
vn -0.6410 -0.3967 0.6571
vn -0.8491 -0.3671 0.3799
vn -0.9495 -0.3031 0.0807
vn -0.9638 -0.2666 0.0058
vn -0.9508 -0.3089 0.0242
vn -0.8284 -0.5194 -0.2097
vn -0.3267 -0.7778 -0.5369
vn 0.1993 -0.7417 -0.6404
vn 0.4382 -0.6608 -0.6093
vn 0.1352 -0.3857 0.9127
vn -0.0509 -0.4241 0.9042
vn -0.3204 -0.4713 0.8217
vn -0.6546 -0.4868 0.5784
vn -0.8909 -0.4133 0.1884
vn -0.9406 -0.3394 -0.0101
vn -0.9421 -0.3330 0.0398
vn -0.9282 -0.3599 0.0944
vn -0.8394 -0.5394 -0.0661
vn -0.4466 -0.8269 -0.3419
vn 0.1350 -0.8467 -0.5147
vn 0.4246 -0.7361 -0.5272
vn 0.3315 -0.3736 0.8663
vn 0.1889 -0.4217 0.8868
vn -0.0426 -0.4967 0.8669
vn -0.4142 -0.5725 0.7076
vn -0.7901 -0.5333 0.3023
vn -0.9065 -0.4222 -0.0072
vn -0.9181 -0.3964 0.0003
vn -0.9148 -0.3962 0.0782
vn -0.9040 -0.4003 0.1499
vn -0.8593 -0.4975 0.1185
vn -0.6322 -0.7711 -0.0760
vn -0.1585 -0.9514 -0.2640
vn 0.2705 -0.8861 -0.3763
vn 0.4388 -0.3707 0.8185
vn 0.3277 -0.4210 0.8458
vn 0.1416 -0.5069 0.8503
vn -0.2056 -0.6258 0.7524
vn -0.6662 -0.6416 0.3802
vn -0.8627 -0.5057 0.0011
vn -0.8892 -0.4559 -0.0384
vn -0.8888 -0.4566 0.0388
vn -0.8831 -0.4549 0.1147
vn -0.8725 -0.4510 0.1879
vn -0.8488 -0.4714 0.2396
vn -0.7707 -0.6049 0.2005
vn -0.5273 -0.8465 0.0731
vn -0.1678 -0.9852 -0.0361
vn -0.6674 -0.5289 0.5243
vn -0.6383 -0.5776 0.5089
vn -0.6210 -0.5462 0.5621
vn -0.6033 -0.6299 0.4892
vn -0.5866 -0.5982 0.5459
vn -0.5674 -0.5652 0.5988
vn -0.5637 -0.6823 0.4656
vn -0.5477 -0.6509 0.5257
vn -0.5290 -0.6173 0.5823
vn -0.5080 -0.5826 0.6345
vn -0.5196 -0.7336 0.4381
vn -0.5043 -0.7032 0.5012
vn -0.4862 -0.6698 0.5613
vn -0.4656 -0.6343 0.6172
vn -0.4430 -0.5978 0.6681
vn -0.4712 -0.7826 0.4067
vn -0.4565 -0.7540 0.4724
vn -0.4390 -0.7214 0.5357
vn -0.4189 -0.6858 0.5952
vn -0.3968 -0.6483 0.6498
vn -0.3731 -0.6102 0.6989
vn -0.4192 -0.8282 0.3720
vn -0.4048 -0.8018 0.4396
vn -0.3878 -0.7708 0.5055
vn -0.3682 -0.7359 0.5682
vn -0.3466 -0.6982 0.6264
vn -0.3234 -0.6588 0.6793
vn -0.2991 -0.6192 0.7261
vn -0.3642 -0.8692 0.3343
vn -0.3500 -0.8456 0.4031
vn -0.3332 -0.8168 0.4709
vn -0.3142 -0.7834 0.5363
vn -0.2931 -0.7461 0.5978
vn -0.2704 -0.7063 0.6542
vn -0.2467 -0.6652 0.7047
vn -0.2224 -0.6243 0.7489
vn -0.3074 -0.9048 0.2945
vn -0.2930 -0.8842 0.3637
vn -0.2763 -0.8582 0.4327
vn -0.2575 -0.8268 0.5000
vn -0.2368 -0.7910 0.5642
vn -0.2147 -0.7515 0.6238
vn -0.1916 -0.7098 0.6779
vn -0.1679 -0.6673 0.7256
vn -0.1442 -0.6254 0.7669
vn -0.2498 -0.9346 0.2534
vn -0.2349 -0.9171 0.3221
vn -0.2180 -0.8940 0.3914
vn -0.1993 -0.8653 0.4599
vn -0.1789 -0.8314 0.5261
vn -0.1572 -0.7932 0.5883
vn -0.1347 -0.7517 0.6456
vn -0.1117 -0.7085 0.6968
vn -0.0887 -0.6649 0.7416
vn -0.0661 -0.6224 0.7799
vn -0.1925 -0.9582 0.2118
vn -0.1769 -0.9438 0.2793
vn -0.1595 -0.9238 0.3481
vn -0.1406 -0.8980 0.4169
vn -0.1203 -0.8667 0.4842
vn -0.0989 -0.8303 0.5484
vn -0.0769 -0.7900 0.6083
vn -0.0545 -0.7469 0.6627
vn -0.0323 -0.7026 0.7109
vn -0.0106 -0.6583 0.7526
vn 0.0105 -0.6156 0.7880
vn -0.1363 -0.9759 0.1705
vn -0.1199 -0.9643 0.2362
vn -0.1019 -0.9473 0.3038
vn -0.0826 -0.9245 0.3721
vn -0.0621 -0.8960 0.4396
vn -0.0409 -0.8621 0.5050
vn -0.0192 -0.8236 0.5668
vn 0.0026 -0.7816 0.6238
vn 0.0240 -0.7373 0.6751
vn 0.0450 -0.6923 0.7202
vn 0.0651 -0.6479 0.7589
vn 0.0842 -0.6053 0.7915
vn -0.0822 -0.9881 0.1302
vn -0.0648 -0.9789 0.1937
vn -0.0461 -0.9647 0.2594
vn -0.0263 -0.9449 0.3264
vn -0.0056 -0.9193 0.3934
vn 0.0157 -0.8882 0.4591
vn 0.0372 -0.8521 0.5221
vn 0.0586 -0.8118 0.5810
vn 0.0796 -0.7685 0.6349
vn 0.0997 -0.7236 0.6830
vn 0.1190 -0.6784 0.7250
vn 0.1371 -0.6343 0.7609
vn 0.1542 -0.5922 0.7909
vn -0.0307 -0.9953 0.0915
vn -0.0124 -0.9883 0.1523
vn 0.0071 -0.9764 0.2157
vn 0.0275 -0.9594 0.2808
vn 0.0486 -0.9367 0.3467
vn 0.0701 -0.9085 0.4119
vn 0.0916 -0.8751 0.4752
vn 0.1128 -0.8371 0.5354
vn 0.1333 -0.7954 0.5912
vn 0.1529 -0.7514 0.6418
vn 0.1714 -0.7064 0.6868
vn 0.1887 -0.6615 0.7258
vn 0.2048 -0.6180 0.7590
vn 0.2197 -0.5768 0.7868
vn 0.3324 -0.5673 0.7534
vn 0.3206 -0.6100 0.7247
vn 0.3848 -0.5742 0.7226
vn 0.3074 -0.6548 0.6905
vn 0.3738 -0.6192 0.6906
vn 0.4382 -0.5800 0.6867
vn 0.2925 -0.7009 0.6505
vn 0.3611 -0.6660 0.6527
vn 0.4279 -0.6269 0.6511
vn 0.4919 -0.5843 0.6455
vn 0.2760 -0.7471 0.6047
vn 0.3464 -0.7136 0.6090
vn 0.4155 -0.6752 0.6094
vn 0.4821 -0.6327 0.6060
vn 0.5449 -0.5869 0.5989
vn 0.2578 -0.7920 0.5534
vn 0.3297 -0.7606 0.5593
vn 0.4008 -0.7237 0.5617
vn 0.4699 -0.6820 0.5604
vn 0.5354 -0.6362 0.5556
vn 0.5964 -0.5872 0.5473
vn 0.2379 -0.8344 0.4971
vn 0.3108 -0.8057 0.5042
vn 0.3837 -0.7710 0.5083
vn 0.4549 -0.7308 0.5089
vn 0.5230 -0.6857 0.5062
vn 0.5868 -0.6368 0.5001
vn 0.6453 -0.5852 0.4911
vn 0.2166 -0.8731 0.4367
vn 0.2901 -0.8475 0.4445
vn 0.3640 -0.8156 0.4497
vn 0.4370 -0.7777 0.4520
vn 0.5074 -0.7342 0.4511
vn 0.5739 -0.6860 0.4472
vn 0.6352 -0.6344 0.4405
vn 0.6906 -0.5806 0.4312
vn 0.1943 -0.9071 0.3734
vn 0.2677 -0.8849 0.3813
vn 0.3421 -0.8562 0.3871
vn 0.4163 -0.8211 0.3905
vn 0.4885 -0.7799 0.3912
vn 0.5574 -0.7334 0.3892
vn 0.6214 -0.6826 0.3846
vn 0.6798 -0.6287 0.3777
vn 0.7317 -0.5733 0.3687
vn 0.1713 -0.9357 0.3084
vn 0.2439 -0.9169 0.3158
vn 0.3183 -0.8918 0.3217
vn 0.3930 -0.8600 0.3256
vn 0.4665 -0.8217 0.3274
vn 0.5372 -0.7775 0.3270
vn 0.6036 -0.7283 0.3243
vn 0.6647 -0.6753 0.3195
vn 0.7196 -0.6199 0.3128
vn 0.7680 -0.5634 0.3047
vn 0.1480 -0.9587 0.2430
vn 0.2193 -0.9432 0.2495
vn 0.2929 -0.9215 0.2549
vn 0.3675 -0.8933 0.2588
vn 0.4415 -0.8584 0.2612
vn 0.5135 -0.8172 0.2618
vn 0.5819 -0.7703 0.2606
vn 0.6454 -0.7190 0.2577
vn 0.7031 -0.6645 0.2532
vn 0.7544 -0.6081 0.2473
vn 0.7990 -0.5512 0.2404
vn 0.1249 -0.9760 0.1786
vn 0.1944 -0.9636 0.1837
vn 0.2667 -0.9453 0.1881
vn 0.3404 -0.9205 0.1916
vn 0.4143 -0.8892 0.1940
vn 0.4869 -0.8514 0.1952
vn 0.5566 -0.8076 0.1950
vn 0.6221 -0.7586 0.1936
vn 0.6822 -0.7058 0.1909
vn 0.7362 -0.6504 0.1871
vn 0.7838 -0.5936 0.1824
vn 0.8248 -0.5369 0.1770
vn 0.1023 -0.9880 0.1160
vn 0.1697 -0.9782 0.1196
vn 0.2400 -0.9630 0.1227
vn 0.3124 -0.9417 0.1253
vn 0.3855 -0.9139 0.1273
vn 0.4579 -0.8797 0.1285
vn 0.5283 -0.8392 0.1288
vn 0.5951 -0.7933 0.1284
vn 0.6572 -0.7429 0.1271
vn 0.7137 -0.6892 0.1251
vn 0.7640 -0.6335 0.1224
vn 0.8079 -0.5771 0.1192
vn 0.8456 -0.5211 0.1155
vn 0.0805 -0.9952 0.0562
vn 0.1454 -0.9877 0.0580
vn 0.2135 -0.9751 0.0597
vn 0.2840 -0.9569 0.0611
vn 0.3557 -0.9325 0.0623
vn 0.4273 -0.9019 0.0631
vn 0.4977 -0.8650 0.0635
vn 0.5652 -0.8225 0.0636
vn 0.6287 -0.7750 0.0632
vn 0.6872 -0.7237 0.0625
vn 0.7400 -0.6698 0.0615
vn 0.7866 -0.6145 0.0601
vn 0.8272 -0.5589 0.0585
vn 0.8618 -0.5041 0.0567
vn 0.8623 -0.5032 -0.0565
vn 0.8277 -0.5582 -0.0585
vn 0.8401 -0.5343 -0.0937
vn 0.7871 -0.6138 -0.0604
vn 0.8084 -0.5767 -0.1185
vn 0.7751 -0.6318 0.0074
vn 0.7404 -0.6693 -0.0620
vn 0.7649 -0.6322 -0.1236
vn 0.7661 -0.6301 -0.1266
vn 0.5421 -0.7882 0.2914
vn 0.6876 -0.7233 -0.0634
vn 0.7145 -0.6881 -0.1266
vn 0.7354 -0.6521 -0.1842
vn 0.6415 -0.7671 0.0060
vn 0.1243 -0.8028 0.5832
vn 0.6291 -0.7747 -0.0644
vn 0.6579 -0.7419 -0.1289
vn 0.6832 -0.7040 -0.1940
vn 0.6770 -0.7082 -0.2003
vn 0.3568 -0.8995 0.2522
vn -0.2229 -0.6842 0.6944
vn 0.5655 -0.8222 -0.0650
vn 0.5957 -0.7925 -0.1305
vn 0.6230 -0.7570 -0.1969
vn 0.6462 -0.7168 -0.2620
vn 0.5441 -0.8283 -0.1341
vn -0.0105 -0.8922 0.4514
vn -0.4256 -0.5800 0.6947
vn 0.4979 -0.8648 -0.0652
vn 0.5288 -0.8385 -0.1312
vn 0.5574 -0.8062 -0.1986
vn 0.5829 -0.7678 -0.2661
vn 0.5966 -0.7396 -0.3114
vn 0.3330 -0.9428 -0.0146
vn -0.2885 -0.7999 0.5263
vn -0.5469 -0.5200 0.6561
vn 0.4275 -0.9017 -0.0650
vn 0.4583 -0.8791 -0.1310
vn 0.4875 -0.8501 -0.1989
vn 0.5143 -0.8149 -0.2674
vn 0.5380 -0.7735 -0.3350
vn 0.5167 -0.7833 -0.3455
vn 0.1045 -0.9928 0.0580
vn -0.4574 -0.7258 0.5138
vn -0.6302 -0.4944 0.5987
vn 0.3558 -0.9323 -0.0643
vn 0.3858 -0.9134 -0.1299
vn 0.4148 -0.8881 -0.1978
vn 0.4422 -0.8563 -0.2668
vn 0.4671 -0.8181 -0.3354
vn 0.4891 -0.7739 -0.4023
vn 0.4158 -0.8282 -0.3758
vn -0.0790 -0.9955 0.0532
vn -0.5598 -0.6945 0.4520
vn -0.6943 -0.4944 0.5230
vn 0.2841 -0.9567 -0.0633
vn 0.3126 -0.9412 -0.1281
vn 0.3408 -0.9196 -0.1955
vn 0.3680 -0.8914 -0.2644
vn 0.3935 -0.8567 -0.3335
vn 0.4167 -0.8156 -0.4014
vn 0.4371 -0.7690 -0.4664
vn 0.3230 -0.8490 -0.4181
vn -0.1912 -0.9813 -0.0216
vn -0.6216 -0.7012 0.3491
vn -0.7449 -0.5160 0.4229
vn 0.2136 -0.9750 -0.0620
vn 0.2402 -0.9626 -0.1256
vn 0.2670 -0.9444 -0.1920
vn 0.2933 -0.9199 -0.2604
vn 0.3187 -0.8888 -0.3294
vn 0.3425 -0.8512 -0.3977
vn 0.3642 -0.8076 -0.4638
vn 0.3831 -0.7600 -0.5250
vn 0.2623 -0.8363 -0.4816
vn -0.2273 -0.9609 -0.1579
vn -0.6460 -0.7371 0.1984
vn -0.7786 -0.5571 0.2890
vn 0.1455 -0.9875 -0.0604
vn 0.1698 -0.9778 -0.1225
vn 0.1947 -0.9628 -0.1876
vn 0.2196 -0.9417 -0.2549
vn 0.2443 -0.9142 -0.3233
vn 0.2680 -0.8803 -0.3915
vn 0.2902 -0.8402 -0.4581
vn 0.3105 -0.7948 -0.5214
vn 0.3281 -0.7489 -0.5758
vn 0.2349 -0.7958 -0.5582
vn -0.1912 -0.9233 -0.3332
vn -0.6171 -0.7869 -0.0086
vn -0.7816 -0.6139 0.1105
vn 0.0805 -0.9950 -0.0586
vn 0.1023 -0.9876 -0.1189
vn 0.1250 -0.9752 -0.1824
vn 0.1482 -0.9573 -0.2483
vn 0.1715 -0.9333 -0.3156
vn 0.1945 -0.9030 -0.3832
vn 0.2168 -0.8665 -0.4497
vn 0.2378 -0.8243 -0.5138
vn 0.2570 -0.7790 -0.5719
vn 0.2735 -0.7368 -0.6183
vn 0.2234 -0.7437 -0.6301
vn -0.0950 -0.8569 -0.5066
vn -0.5089 -0.8200 -0.2620
vn -0.7279 -0.6755 -0.1173
vn -0.7324 -0.5233 0.4357
vn -0.7560 -0.5303 0.3837
vn -0.7066 -0.5704 0.4187
vn -0.7757 -0.5417 0.3238
vn -0.7270 -0.5842 0.3608
vn -0.6741 -0.6236 0.3958
vn -0.7929 -0.5518 0.2587
vn -0.7452 -0.5968 0.2973
vn -0.6929 -0.6388 0.3344
vn -0.6367 -0.6769 0.3694
vn -0.8068 -0.5599 0.1888
vn -0.7607 -0.6076 0.2285
vn -0.7093 -0.6523 0.2674
vn -0.6535 -0.6930 0.3046
vn -0.5943 -0.7291 0.3395
vn -0.8166 -0.5656 0.1151
vn -0.7724 -0.6158 0.1553
vn -0.7226 -0.6632 0.1952
vn -0.6677 -0.7067 0.2342
vn -0.6088 -0.7454 0.2714
vn -0.5472 -0.7789 0.3063
vn -0.8219 -0.5683 0.0388
vn -0.7800 -0.6209 0.0786
vn -0.7320 -0.6708 0.1190
vn -0.6785 -0.7171 0.1591
vn -0.6205 -0.7587 0.1982
vn -0.5592 -0.7949 0.2355
vn -0.4959 -0.8252 0.2704
vn -0.8222 -0.5678 -0.0387
vn -0.7827 -0.6223 -0.0000
vn -0.7370 -0.6747 0.0399
vn -0.6854 -0.7237 0.0805
vn -0.6289 -0.7681 0.1207
vn -0.5684 -0.8071 0.1598
vn -0.5054 -0.8401 0.1972
vn -0.4412 -0.8669 0.2322
vn -0.8176 -0.5642 -0.1152
vn -0.7806 -0.6200 -0.0792
vn -0.7373 -0.6744 -0.0404
vn -0.6880 -0.7257 -0.0003
vn -0.6333 -0.7729 0.0403
vn -0.5742 -0.8147 0.0807
vn -0.5121 -0.8505 0.1200
vn -0.4482 -0.8799 0.1574
vn -0.3841 -0.9030 0.1926
vn -0.7558 -0.6546 -0.0173
vn -0.7731 -0.6147 -0.1562
vn -0.7328 -0.6697 -0.1204
vn -0.6859 -0.7231 -0.0815
vn -0.6335 -0.7726 -0.0413
vn -0.5764 -0.8172 -0.0006
vn -0.5156 -0.8559 0.0399
vn -0.4527 -0.8881 0.0793
vn -0.3889 -0.9138 0.1169
vn -0.3256 -0.9332 0.1523
vn -0.4265 -0.8075 0.4075
vn -0.6998 -0.7119 -0.0586
vn -0.7234 -0.6614 -0.1981
vn -0.6794 -0.7158 -0.1615
vn -0.6295 -0.7673 -0.1225
vn -0.5746 -0.8143 -0.0822
vn -0.5158 -0.8557 -0.0414
vn -0.4543 -0.8908 -0.0008
vn -0.3915 -0.9194 0.0387
vn -0.3286 -0.9414 0.0765
vn -0.2669 -0.9572 0.1121
vn 0.0798 -0.6929 0.7166
vn -0.3463 -0.8742 0.3404
vn -0.6562 -0.7411 -0.1423
vn -0.6688 -0.7041 -0.2386
vn -0.6214 -0.7571 -0.2017
vn -0.5691 -0.8060 -0.1626
vn -0.5125 -0.8499 -0.1222
vn -0.4530 -0.8878 -0.0813
vn -0.3916 -0.9192 -0.0406
vn -0.3297 -0.9441 -0.0010
vn -0.2686 -0.9625 0.0370
vn -0.2091 -0.9752 0.0728
vn 0.3529 -0.5319 0.7698
vn 0.1601 -0.7410 0.6521
vn -0.3324 -0.9235 0.1916
vn -0.6189 -0.7459 -0.2462
vn -0.6098 -0.7425 -0.2773
vn -0.5601 -0.7929 -0.2401
vn -0.5060 -0.8388 -0.2009
vn -0.4487 -0.8791 -0.1605
vn -0.3892 -0.9134 -0.1195
vn -0.3288 -0.9411 -0.0788
vn -0.2686 -0.9624 -0.0391
vn -0.2098 -0.9777 -0.0011
vn -0.1531 -0.9876 0.0349
vn 0.4834 -0.4391 0.7573
vn 0.4156 -0.5638 0.7138
vn 0.1670 -0.8280 0.5353
vn -0.3778 -0.9256 -0.0208
vn -0.5796 -0.7439 -0.3326
vn -0.5481 -0.7755 -0.3135
vn -0.4967 -0.8228 -0.2762
vn -0.4418 -0.8653 -0.2369
vn -0.3845 -0.9020 -0.1964
vn -0.3259 -0.9325 -0.1555
vn -0.2671 -0.9568 -0.1148
vn -0.2093 -0.9750 -0.0752
vn -0.1531 -0.9875 -0.0372
vn -0.0995 -0.9950 -0.0011
vn -0.1649 -0.7198 -0.6743
vn 0.0882 -0.6876 -0.7207
vn 0.1083 -0.6260 -0.7723
vn 0.1792 -0.6679 -0.7223
vn 0.1307 -0.6451 -0.7529
vn 0.0771 -0.6216 -0.7796
vn 0.1674 -0.7032 -0.6910
vn 0.1142 -0.6805 -0.7238
vn 0.0597 -0.6556 -0.7527
vn 0.0045 -0.6287 -0.7776
vn 0.1506 -0.7412 -0.6542
vn 0.0966 -0.7175 -0.6898
vn 0.0413 -0.6913 -0.7214
vn -0.0147 -0.6629 -0.7486
vn -0.0707 -0.6325 -0.7713
vn 0.1325 -0.7812 -0.6101
vn 0.0781 -0.7559 -0.6500
vn 0.0220 -0.7286 -0.6846
vn -0.0348 -0.6987 -0.7146
vn -0.0915 -0.6665 -0.7399
vn -0.1443 -0.6350 -0.7589
vn 0.1126 -0.8247 -0.5543
vn 0.0584 -0.7970 -0.6011
vn 0.0018 -0.7672 -0.6414
vn -0.0555 -0.7358 -0.6749
vn -0.1129 -0.7020 -0.7032
vn -0.1691 -0.6663 -0.7263
vn -0.0444 -0.7105 -0.7023
vn 0.0916 -0.8668 -0.4903
vn 0.0372 -0.8408 -0.5401
vn -0.0193 -0.8092 -0.5872
vn -0.0769 -0.7746 -0.6277
vn -0.1347 -0.7387 -0.6604
vn -0.1917 -0.7011 -0.6868
vn -0.1520 -0.7185 -0.6787
vn 0.3196 -0.8444 -0.4299
vn 0.0701 -0.9032 -0.4234
vn 0.0157 -0.8808 -0.4732
vn -0.0409 -0.8520 -0.5219
vn -0.0988 -0.8169 -0.5683
vn -0.1567 -0.7778 -0.6087
vn -0.2141 -0.7372 -0.6409
vn -0.2456 -0.7177 -0.6516
vn 0.1043 -0.8780 -0.4671
vn 0.6506 -0.7591 0.0240
vn 0.0486 -0.9335 -0.3553
vn -0.0056 -0.9147 -0.4041
vn -0.0622 -0.8895 -0.4526
vn -0.1202 -0.8577 -0.4998
vn -0.1786 -0.8194 -0.5446
vn -0.2362 -0.7762 -0.5845
vn -0.2913 -0.7320 -0.6158
vn -0.1479 -0.8320 -0.5347
vn 0.4556 -0.8895 -0.0359
vn 0.7365 -0.5976 0.3169
vn 0.0275 -0.9575 -0.2872
vn -0.0263 -0.9421 -0.3343
vn -0.0827 -0.9205 -0.3818
vn -0.1407 -0.8924 -0.4288
vn -0.1993 -0.8576 -0.4742
vn -0.2573 -0.8164 -0.5170
vn -0.3137 -0.7699 -0.5558
vn -0.3248 -0.7624 -0.5596
vn 0.1030 -0.9682 -0.2280
vn 0.6167 -0.7223 0.3129
vn 0.7298 -0.4955 0.4710
vn 0.0071 -0.9754 -0.2204
vn -0.0462 -0.9631 -0.2651
vn -0.1020 -0.9449 -0.3109
vn -0.1597 -0.9204 -0.3569
vn -0.2183 -0.8892 -0.4021
vn -0.2765 -0.8515 -0.4455
vn -0.3332 -0.8078 -0.4863
vn -0.3866 -0.7597 -0.5228
vn -0.2619 -0.8733 -0.4108
vn 0.3447 -0.9257 0.1561
vn 0.6391 -0.5923 0.4906
vn 0.6990 -0.4380 0.5653
vn -0.0124 -0.9877 -0.1557
vn -0.0649 -0.9781 -0.1978
vn -0.1200 -0.9630 -0.2413
vn -0.1771 -0.9418 -0.2856
vn -0.2352 -0.9143 -0.3298
vn -0.2934 -0.8802 -0.3731
vn -0.3503 -0.8399 -0.4145
vn -0.4050 -0.7941 -0.4532
vn -0.4320 -0.7687 -0.4717
vn -0.1194 -0.9799 -0.1599
vn 0.4517 -0.7900 0.4146
vn 0.6181 -0.5197 0.5898
vn 0.6594 -0.4066 0.6323
vn -0.0308 -0.9951 -0.0942
vn -0.0823 -0.9877 -0.1333
vn -0.1365 -0.9752 -0.1742
vn -0.1927 -0.9571 -0.2163
vn -0.2502 -0.9329 -0.2589
vn -0.3079 -0.9025 -0.3013
vn -0.3647 -0.8658 -0.3425
vn -0.4197 -0.8234 -0.3819
vn -0.4716 -0.7761 -0.4186
vn -0.4515 -0.8118 -0.3703
vn 0.0052 -0.9936 0.1124
vn 0.4657 -0.6898 0.5544
vn 0.5808 -0.4822 0.6558
vn 0.6140 -0.3918 0.6852
vt 0.181819 0.000000
vt 0.187501 0.009841
vt 0.176137 0.009841
vt 0.272728 0.157461
vt 0.278410 0.147620
vt 0.284092 0.157461
vt 0.909091 0.000000
vt 0.914773 0.009841
vt 0.903409 0.009841
vt 0.727273 0.000000
vt 0.732955 0.009841
vt 0.721591 0.009841
vt 0.545455 0.000000
vt 0.551137 0.009841
vt 0.539773 0.009841
vt 0.278410 0.167302
vt 0.090910 0.157461
vt 0.102274 0.157461
vt 0.096592 0.167302
vt 0.818182 0.157461
vt 0.829546 0.157461
vt 0.823864 0.167302
vt 0.636364 0.157461
vt 0.647728 0.157461
vt 0.642046 0.167302
vt 0.454546 0.157461
vt 0.465910 0.157461
vt 0.460228 0.167302
vt 0.267046 0.167302
vt 0.085228 0.167302
vt 0.812500 0.167302
vt 0.630682 0.167302
vt 0.448864 0.167302
vt 0.181819 0.314921
vt 0.193183 0.314921
vt 0.187501 0.324762
vt 0.000000 0.314921
vt 0.011364 0.314921
vt 0.005682 0.324762
vt 0.727273 0.314921
vt 0.738637 0.314921
vt 0.732955 0.324762
vt 0.545455 0.314921
vt 0.556819 0.314921
vt 0.551137 0.324762
vt 0.363637 0.314921
vt 0.375001 0.314921
vt 0.369319 0.324762
vt 0.448864 0.462541
vt 0.460228 0.462541
vt 0.454546 0.472382
vt 0.443182 0.452699
vt 0.454546 0.452699
vt 0.437501 0.442858
vt 0.448864 0.442858
vt 0.431819 0.433017
vt 0.443182 0.433017
vt 0.426137 0.423175
vt 0.437501 0.423176
vt 0.420455 0.413334
vt 0.431819 0.413334
vt 0.414773 0.403493
vt 0.426137 0.403493
vt 0.409092 0.393652
vt 0.420455 0.393652
vt 0.403410 0.383810
vt 0.414773 0.383810
vt 0.397728 0.373969
vt 0.409092 0.373969
vt 0.392046 0.364128
vt 0.403410 0.364128
vt 0.386364 0.354286
vt 0.397728 0.354286
vt 0.380682 0.344445
vt 0.392046 0.344445
vt 0.375001 0.334604
vt 0.386364 0.334604
vt 0.380682 0.324762
vt 0.465910 0.452699
vt 0.460228 0.442858
vt 0.471591 0.442858
vt 0.454546 0.433017
vt 0.465910 0.433017
vt 0.477273 0.433017
vt 0.448864 0.423175
vt 0.460228 0.423175
vt 0.471591 0.423175
vt 0.482955 0.423175
vt 0.443182 0.413334
vt 0.454546 0.413334
vt 0.465910 0.413334
vt 0.477273 0.413334
vt 0.488637 0.413334
vt 0.437501 0.403493
vt 0.448864 0.403493
vt 0.460228 0.403493
vt 0.471591 0.403493
vt 0.482955 0.403493
vt 0.494319 0.403493
vt 0.431819 0.393652
vt 0.443182 0.393652
vt 0.454546 0.393652
vt 0.465910 0.393652
vt 0.477273 0.393652
vt 0.488637 0.393652
vt 0.500000 0.393652
vt 0.426137 0.383810
vt 0.437501 0.383810
vt 0.448864 0.383810
vt 0.460228 0.383810
vt 0.471591 0.383810
vt 0.482955 0.383810
vt 0.494319 0.383810
vt 0.505682 0.383810
vt 0.420455 0.373969
vt 0.431819 0.373969
vt 0.443182 0.373969
vt 0.454546 0.373969
vt 0.465910 0.373969
vt 0.477273 0.373969
vt 0.488637 0.373969
vt 0.500000 0.373969
vt 0.511364 0.373969
vt 0.414773 0.364128
vt 0.426137 0.364128
vt 0.437501 0.364128
vt 0.448864 0.364128
vt 0.460228 0.364128
vt 0.471591 0.364128
vt 0.482955 0.364128
vt 0.494319 0.364128
vt 0.505682 0.364128
vt 0.517046 0.364128
vt 0.409092 0.354286
vt 0.420455 0.354286
vt 0.431819 0.354286
vt 0.443182 0.354286
vt 0.454546 0.354286
vt 0.465910 0.354286
vt 0.477273 0.354286
vt 0.488637 0.354286
vt 0.500000 0.354286
vt 0.511364 0.354286
vt 0.522728 0.354286
vt 0.403410 0.344445
vt 0.414773 0.344445
vt 0.426137 0.344445
vt 0.437501 0.344445
vt 0.448864 0.344445
vt 0.460228 0.344445
vt 0.471591 0.344445
vt 0.482955 0.344445
vt 0.494319 0.344445
vt 0.505682 0.344445
vt 0.517046 0.344445
vt 0.528410 0.344445
vt 0.397728 0.334604
vt 0.409092 0.334604
vt 0.420455 0.334604
vt 0.431819 0.334604
vt 0.443182 0.334604
vt 0.454546 0.334604
vt 0.465910 0.334604
vt 0.477273 0.334604
vt 0.488637 0.334604
vt 0.500000 0.334604
vt 0.511364 0.334604
vt 0.522728 0.334604
vt 0.534091 0.334604
vt 0.392046 0.324762
vt 0.403410 0.324762
vt 0.414773 0.324762
vt 0.426137 0.324762
vt 0.437501 0.324762
vt 0.448864 0.324762
vt 0.460228 0.324762
vt 0.471591 0.324762
vt 0.482955 0.324762
vt 0.494319 0.324762
vt 0.505682 0.324762
vt 0.517046 0.324762
vt 0.528410 0.324762
vt 0.539773 0.324762
vt 0.386364 0.314921
vt 0.397728 0.314921
vt 0.409092 0.314921
vt 0.420455 0.314921
vt 0.431819 0.314921
vt 0.443182 0.314921
vt 0.454546 0.314921
vt 0.465910 0.314921
vt 0.477273 0.314921
vt 0.488637 0.314921
vt 0.500000 0.314921
vt 0.511364 0.314921
vt 0.522728 0.314921
vt 0.534091 0.314921
vt 0.630682 0.462541
vt 0.642046 0.462541
vt 0.636364 0.472382
vt 0.625000 0.452699
vt 0.636364 0.452699
vt 0.619318 0.442858
vt 0.630682 0.442858
vt 0.613637 0.433017
vt 0.625000 0.433017
vt 0.607955 0.423175
vt 0.619318 0.423175
vt 0.602273 0.413334
vt 0.613637 0.413334
vt 0.596591 0.403493
vt 0.607955 0.403493
vt 0.590909 0.393652
vt 0.602273 0.393652
vt 0.585228 0.383810
vt 0.596591 0.383810
vt 0.579546 0.373969
vt 0.590909 0.373969
vt 0.573864 0.364128
vt 0.585228 0.364128
vt 0.568182 0.354286
vt 0.579546 0.354286
vt 0.562500 0.344445
vt 0.573864 0.344445
vt 0.556819 0.334604
vt 0.568182 0.334604
vt 0.562500 0.324762
vt 0.647728 0.452699
vt 0.642046 0.442858
vt 0.653409 0.442858
vt 0.636364 0.433017
vt 0.647728 0.433017
vt 0.659091 0.433017
vt 0.630682 0.423175
vt 0.642046 0.423175
vt 0.653409 0.423175
vt 0.664773 0.423175
vt 0.625000 0.413334
vt 0.636364 0.413334
vt 0.647728 0.413334
vt 0.659091 0.413334
vt 0.670455 0.413334
vt 0.619318 0.403493
vt 0.630682 0.403493
vt 0.642046 0.403493
vt 0.653409 0.403493
vt 0.664773 0.403493
vt 0.676137 0.403493
vt 0.613637 0.393652
vt 0.625000 0.393652
vt 0.636364 0.393652
vt 0.647728 0.393652
vt 0.659091 0.393652
vt 0.670455 0.393652
vt 0.681818 0.393652
vt 0.607955 0.383810
vt 0.619319 0.383810
vt 0.630682 0.383810
vt 0.642046 0.383810
vt 0.653409 0.383810
vt 0.664773 0.383810
vt 0.676137 0.383810
vt 0.687500 0.383810
vt 0.602273 0.373969
vt 0.613637 0.373969
vt 0.625000 0.373969
vt 0.636364 0.373969
vt 0.647728 0.373969
vt 0.659091 0.373969
vt 0.670455 0.373969
vt 0.681818 0.373969
vt 0.693182 0.373969
vt 0.596591 0.364128
vt 0.607955 0.364128
vt 0.619318 0.364128
vt 0.630682 0.364128
vt 0.642046 0.364128
vt 0.653409 0.364128
vt 0.664773 0.364128
vt 0.676137 0.364128
vt 0.687500 0.364128
vt 0.698864 0.364128
vt 0.590909 0.354286
vt 0.602273 0.354286
vt 0.613637 0.354286
vt 0.625000 0.354286
vt 0.636364 0.354286
vt 0.647728 0.354286
vt 0.659091 0.354286
vt 0.670455 0.354286
vt 0.681818 0.354286
vt 0.693182 0.354286
vt 0.704546 0.354286
vt 0.585228 0.344445
vt 0.596591 0.344445
vt 0.607955 0.344445
vt 0.619319 0.344445
vt 0.630682 0.344445
vt 0.642046 0.344445
vt 0.653409 0.344445
vt 0.664773 0.344445
vt 0.676137 0.344445
vt 0.687500 0.344445
vt 0.698864 0.344445
vt 0.710228 0.344445
vt 0.579546 0.334604
vt 0.590909 0.334604
vt 0.602273 0.334604
vt 0.613637 0.334604
vt 0.625000 0.334604
vt 0.636364 0.334604
vt 0.647728 0.334604
vt 0.659091 0.334604
vt 0.670455 0.334604
vt 0.681818 0.334604
vt 0.693182 0.334604
vt 0.704546 0.334604
vt 0.715909 0.334604
vt 0.573864 0.324762
vt 0.585228 0.324762
vt 0.596591 0.324762
vt 0.607955 0.324762
vt 0.619319 0.324762
vt 0.630682 0.324762
vt 0.642046 0.324762
vt 0.653409 0.324762
vt 0.664773 0.324762
vt 0.676137 0.324762
vt 0.687500 0.324762
vt 0.698864 0.324762
vt 0.710227 0.324762
vt 0.721591 0.324762
vt 0.568182 0.314921
vt 0.579546 0.314921
vt 0.590909 0.314921
vt 0.602273 0.314921
vt 0.613637 0.314921
vt 0.625000 0.314921
vt 0.636364 0.314921
vt 0.647728 0.314921
vt 0.659091 0.314921
vt 0.670455 0.314921
vt 0.681818 0.314921
vt 0.693182 0.314921
vt 0.704546 0.314921
vt 0.715909 0.314921
vt 0.812500 0.462541
vt 0.823864 0.462541
vt 0.818182 0.472382
vt 0.806818 0.452699
vt 0.818182 0.452699
vt 0.801137 0.442858
vt 0.812500 0.442858
vt 0.795455 0.433017
vt 0.806818 0.433017
vt 0.789773 0.423175
vt 0.801137 0.423175
vt 0.784091 0.413334
vt 0.795455 0.413334
vt 0.778409 0.403493
vt 0.789773 0.403493
vt 0.772727 0.393652
vt 0.784091 0.393652
vt 0.767046 0.383810
vt 0.778409 0.383810
vt 0.761364 0.373969
vt 0.772727 0.373969
vt 0.755682 0.364128
vt 0.767046 0.364128
vt 0.750000 0.354286
vt 0.761364 0.354286
vt 0.744318 0.344445
vt 0.755682 0.344445
vt 0.738637 0.334604
vt 0.750000 0.334604
vt 0.744318 0.324762
vt 0.829546 0.452699
vt 0.823864 0.442858
vt 0.835227 0.442858
vt 0.818182 0.433017
vt 0.829546 0.433017
vt 0.840909 0.433017
vt 0.812500 0.423175
vt 0.823864 0.423175
vt 0.835227 0.423175
vt 0.846591 0.423175
vt 0.806818 0.413334
vt 0.818182 0.413334
vt 0.829546 0.413334
vt 0.840909 0.413334
vt 0.852273 0.413334
vt 0.801137 0.403493
vt 0.812500 0.403493
vt 0.823864 0.403493
vt 0.835227 0.403493
vt 0.846591 0.403493
vt 0.857955 0.403493
vt 0.795455 0.393652
vt 0.806818 0.393652
vt 0.818182 0.393652
vt 0.829546 0.393652
vt 0.840909 0.393652
vt 0.852273 0.393652
vt 0.863636 0.393652
vt 0.789773 0.383810
vt 0.801137 0.383810
vt 0.812500 0.383810
vt 0.823864 0.383810
vt 0.835227 0.383810
vt 0.846591 0.383810
vt 0.857955 0.383810
vt 0.869318 0.383810
vt 0.784091 0.373969
vt 0.795455 0.373969
vt 0.806818 0.373969
vt 0.818182 0.373969
vt 0.829546 0.373969
vt 0.840909 0.373969
vt 0.852273 0.373969
vt 0.863636 0.373969
vt 0.875000 0.373969
vt 0.778409 0.364128
vt 0.789773 0.364128
vt 0.801136 0.364128
vt 0.812500 0.364128
vt 0.823864 0.364128
vt 0.835227 0.364128
vt 0.846591 0.364128
vt 0.857955 0.364128
vt 0.869318 0.364128
vt 0.880682 0.364128
vt 0.772727 0.354286
vt 0.784091 0.354286
vt 0.795455 0.354286
vt 0.806818 0.354286
vt 0.818182 0.354286
vt 0.829546 0.354286
vt 0.840909 0.354286
vt 0.852273 0.354286
vt 0.863636 0.354286
vt 0.875000 0.354286
vt 0.886364 0.354286
vt 0.767046 0.344445
vt 0.778409 0.344445
vt 0.789773 0.344445
vt 0.801136 0.344445
vt 0.812500 0.344445
vt 0.823864 0.344445
vt 0.835227 0.344445
vt 0.846591 0.344445
vt 0.857955 0.344445
vt 0.869318 0.344445
vt 0.880682 0.344445
vt 0.892046 0.344445
vt 0.761364 0.334604
vt 0.772727 0.334604
vt 0.784091 0.334604
vt 0.795455 0.334604
vt 0.806818 0.334604
vt 0.818182 0.334604
vt 0.829546 0.334604
vt 0.840909 0.334604
vt 0.852273 0.334604
vt 0.863636 0.334604
vt 0.875000 0.334604
vt 0.886364 0.334604
vt 0.897727 0.334604
vt 0.755682 0.324762
vt 0.767046 0.324762
vt 0.778409 0.324762
vt 0.789773 0.324762
vt 0.801137 0.324762
vt 0.812500 0.324762
vt 0.823864 0.324762
vt 0.835227 0.324762
vt 0.846591 0.324762
vt 0.857955 0.324762
vt 0.869318 0.324762
vt 0.880682 0.324762
vt 0.892045 0.324762
vt 0.903409 0.324762
vt 0.750000 0.314921
vt 0.761364 0.314921
vt 0.772727 0.314921
vt 0.784091 0.314921
vt 0.795455 0.314921
vt 0.806818 0.314921
vt 0.818182 0.314921
vt 0.829546 0.314921
vt 0.840909 0.314921
vt 0.852273 0.314921
vt 0.863636 0.314921
vt 0.875000 0.314921
vt 0.886364 0.314921
vt 0.897727 0.314921
vt 0.909091 0.314921
vt 0.085228 0.462541
vt 0.096592 0.462541
vt 0.090910 0.472382
vt 0.079546 0.452699
vt 0.090910 0.452699
vt 0.073864 0.442858
vt 0.085228 0.442858
vt 0.068183 0.433017
vt 0.079546 0.433017
vt 0.062501 0.423175
vt 0.073864 0.423175
vt 0.056819 0.413334
vt 0.068182 0.413334
vt 0.051137 0.403493
vt 0.062501 0.403493
vt 0.045455 0.393652
vt 0.056819 0.393652
vt 0.039773 0.383810
vt 0.051137 0.383810
vt 0.034091 0.373969
vt 0.045455 0.373969
vt 0.028409 0.364128
vt 0.039773 0.364128
vt 0.022728 0.354286
vt 0.034091 0.354286
vt 0.017046 0.344445
vt 0.028409 0.344445
vt 0.011364 0.334604
vt 0.022727 0.334604
vt 0.017046 0.324762
vt 0.102274 0.452699
vt 0.096592 0.442858
vt 0.107955 0.442858
vt 0.090910 0.433017
vt 0.102274 0.433017
vt 0.113637 0.433017
vt 0.085228 0.423175
vt 0.096592 0.423175
vt 0.107955 0.423175
vt 0.119319 0.423175
vt 0.079546 0.413334
vt 0.090910 0.413334
vt 0.102274 0.413334
vt 0.113637 0.413334
vt 0.125001 0.413334
vt 0.073864 0.403493
vt 0.085228 0.403493
vt 0.096592 0.403493
vt 0.107955 0.403493
vt 0.119319 0.403493
vt 0.130683 0.403493
vt 0.068182 0.393652
vt 0.079546 0.393652
vt 0.090910 0.393652
vt 0.102273 0.393652
vt 0.113637 0.393652
vt 0.125001 0.393652
vt 0.136365 0.393652
vt 0.062500 0.383810
vt 0.073864 0.383810
vt 0.085228 0.383810
vt 0.096592 0.383810
vt 0.107955 0.383810
vt 0.119319 0.383810
vt 0.130683 0.383810
vt 0.142046 0.383810
vt 0.056819 0.373969
vt 0.068182 0.373969
vt 0.079546 0.373969
vt 0.090910 0.373969
vt 0.102273 0.373969
vt 0.113637 0.373969
vt 0.125001 0.373969
vt 0.136364 0.373969
vt 0.147728 0.373969
vt 0.051137 0.364128
vt 0.062500 0.364128
vt 0.073864 0.364128
vt 0.085228 0.364128
vt 0.096592 0.364128
vt 0.107955 0.364128
vt 0.119319 0.364128
vt 0.130683 0.364128
vt 0.142046 0.364128
vt 0.153410 0.364128
vt 0.045455 0.354286
vt 0.056819 0.354286
vt 0.068182 0.354286
vt 0.079546 0.354286
vt 0.090910 0.354286
vt 0.102273 0.354286
vt 0.113637 0.354286
vt 0.125001 0.354286
vt 0.136364 0.354286
vt 0.147728 0.354286
vt 0.159092 0.354286
vt 0.039773 0.344445
vt 0.051137 0.344445
vt 0.062500 0.344445
vt 0.073864 0.344445
vt 0.085228 0.344445
vt 0.096591 0.344445
vt 0.107955 0.344445
vt 0.119319 0.344445
vt 0.130683 0.344445
vt 0.142046 0.344445
vt 0.153410 0.344445
vt 0.164774 0.344445
vt 0.034091 0.334604
vt 0.045455 0.334604
vt 0.056819 0.334604
vt 0.068182 0.334604
vt 0.079546 0.334604
vt 0.090910 0.334604
vt 0.102273 0.334604
vt 0.113637 0.334604
vt 0.125001 0.334604
vt 0.136364 0.334604
vt 0.147728 0.334604
vt 0.159092 0.334604
vt 0.170455 0.334604
vt 0.028409 0.324762
vt 0.039773 0.324762
vt 0.051137 0.324762
vt 0.062500 0.324762
vt 0.073864 0.324762
vt 0.085228 0.324762
vt 0.096591 0.324762
vt 0.107955 0.324762
vt 0.119319 0.324762
vt 0.130682 0.324762
vt 0.142046 0.324762
vt 0.153410 0.324762
vt 0.164773 0.324762
vt 0.176137 0.324762
vt 0.022727 0.314921
vt 0.034091 0.314921
vt 0.045455 0.314921
vt 0.056818 0.314921
vt 0.068182 0.314921
vt 0.079546 0.314921
vt 0.090910 0.314921
vt 0.102273 0.314921
vt 0.113637 0.314921
vt 0.125001 0.314921
vt 0.136364 0.314921
vt 0.147728 0.314921
vt 0.159092 0.314921
vt 0.170455 0.314921
vt 0.267046 0.462541
vt 0.278410 0.462541
vt 0.272728 0.472382
vt 0.261364 0.452699
vt 0.272728 0.452699
vt 0.255683 0.442858
vt 0.267046 0.442858
vt 0.250001 0.433017
vt 0.261364 0.433017
vt 0.244319 0.423175
vt 0.255683 0.423175
vt 0.238637 0.413334
vt 0.250001 0.413334
vt 0.232955 0.403493
vt 0.244319 0.403493
vt 0.227273 0.393652
vt 0.238637 0.393652
vt 0.221592 0.383810
vt 0.232955 0.383810
vt 0.215910 0.373969
vt 0.227273 0.373969
vt 0.210228 0.364128
vt 0.221592 0.364128
vt 0.204546 0.354286
vt 0.215910 0.354286
vt 0.198864 0.344445
vt 0.210228 0.344445
vt 0.193183 0.334604
vt 0.204546 0.334604
vt 0.198864 0.324762
vt 0.284092 0.452699
vt 0.278410 0.442858
vt 0.289773 0.442858
vt 0.272728 0.433017
vt 0.284092 0.433017
vt 0.295455 0.433017
vt 0.267046 0.423175
vt 0.278410 0.423175
vt 0.289773 0.423175
vt 0.301137 0.423175
vt 0.261364 0.413334
vt 0.272728 0.413334
vt 0.284092 0.413334
vt 0.295455 0.413334
vt 0.306819 0.413334
vt 0.255683 0.403493
vt 0.267046 0.403493
vt 0.278410 0.403493
vt 0.289773 0.403493
vt 0.301137 0.403493
vt 0.312501 0.403493
vt 0.250001 0.393652
vt 0.261364 0.393652
vt 0.272728 0.393652
vt 0.284092 0.393652
vt 0.295455 0.393652
vt 0.306819 0.393652
vt 0.318182 0.393652
vt 0.244319 0.383810
vt 0.255683 0.383810
vt 0.267046 0.383810
vt 0.278410 0.383810
vt 0.289773 0.383810
vt 0.301137 0.383810
vt 0.312501 0.383810
vt 0.323864 0.383810
vt 0.238637 0.373969
vt 0.250001 0.373969
vt 0.261364 0.373969
vt 0.272728 0.373969
vt 0.284092 0.373969
vt 0.295455 0.373969
vt 0.306819 0.373969
vt 0.318182 0.373969
vt 0.329546 0.373969
vt 0.232955 0.364128
vt 0.244319 0.364128
vt 0.255683 0.364128
vt 0.267046 0.364128
vt 0.278410 0.364128
vt 0.289773 0.364128
vt 0.301137 0.364128
vt 0.312501 0.364128
vt 0.323864 0.364128
vt 0.335228 0.364128
vt 0.227273 0.354286
vt 0.238637 0.354286
vt 0.250001 0.354286
vt 0.261364 0.354286
vt 0.272728 0.354286
vt 0.284092 0.354286
vt 0.295455 0.354286
vt 0.306819 0.354286
vt 0.318182 0.354286
vt 0.329546 0.354286
vt 0.340910 0.354286
vt 0.221592 0.344445
vt 0.232955 0.344445
vt 0.244319 0.344445
vt 0.255683 0.344445
vt 0.267046 0.344445
vt 0.278410 0.344445
vt 0.289773 0.344445
vt 0.301137 0.344445
vt 0.312501 0.344445
vt 0.323864 0.344445
vt 0.335228 0.344445
vt 0.346592 0.344445
vt 0.215910 0.334604
vt 0.227273 0.334604
vt 0.238637 0.334604
vt 0.250001 0.334604
vt 0.261364 0.334604
vt 0.272728 0.334604
vt 0.284092 0.334604
vt 0.295455 0.334604
vt 0.306819 0.334604
vt 0.318182 0.334604
vt 0.329546 0.334604
vt 0.340910 0.334604
vt 0.352273 0.334604
vt 0.210228 0.324762
vt 0.221592 0.324762
vt 0.232955 0.324762
vt 0.244319 0.324762
vt 0.255683 0.324762
vt 0.267046 0.324762
vt 0.278410 0.324762
vt 0.289773 0.324762
vt 0.301137 0.324762
vt 0.312501 0.324762
vt 0.323864 0.324762
vt 0.335228 0.324762
vt 0.346592 0.324762
vt 0.357955 0.324762
vt 0.204546 0.314921
vt 0.215910 0.314921
vt 0.227273 0.314921
vt 0.238637 0.314921
vt 0.250001 0.314921
vt 0.261364 0.314921
vt 0.272728 0.314921
vt 0.284092 0.314921
vt 0.295455 0.314921
vt 0.306819 0.314921
vt 0.318182 0.314921
vt 0.329546 0.314921
vt 0.340910 0.314921
vt 0.352273 0.314921
vt 0.369319 0.305080
vt 0.375001 0.295238
vt 0.380682 0.305080
vt 0.380682 0.285397
vt 0.386364 0.295238
vt 0.386364 0.275556
vt 0.392046 0.285397
vt 0.392046 0.265715
vt 0.397728 0.275556
vt 0.397728 0.255874
vt 0.403410 0.265715
vt 0.403410 0.246032
vt 0.409091 0.255874
vt 0.409091 0.236191
vt 0.414773 0.246032
vt 0.414773 0.226350
vt 0.420455 0.236191
vt 0.420455 0.216509
vt 0.426137 0.226350
vt 0.426137 0.206667
vt 0.431819 0.216509
vt 0.431819 0.196826
vt 0.437501 0.206667
vt 0.437501 0.186985
vt 0.443182 0.196826
vt 0.443182 0.177143
vt 0.448864 0.186985
vt 0.454546 0.177143
vt 0.392046 0.305080
vt 0.397728 0.295238
vt 0.403410 0.305080
vt 0.403410 0.285397
vt 0.409091 0.295238
vt 0.414773 0.305080
vt 0.409091 0.275556
vt 0.414773 0.285397
vt 0.420455 0.295238
vt 0.426137 0.305080
vt 0.414773 0.265715
vt 0.420455 0.275556
vt 0.426137 0.285397
vt 0.431819 0.295238
vt 0.437500 0.305080
vt 0.420455 0.255874
vt 0.426137 0.265715
vt 0.431819 0.275556
vt 0.437501 0.285397
vt 0.443182 0.295238
vt 0.448864 0.305080
vt 0.426137 0.246032
vt 0.431819 0.255874
vt 0.437501 0.265715
vt 0.443182 0.275556
vt 0.448864 0.285397
vt 0.454546 0.295238
vt 0.460228 0.305080
vt 0.431819 0.236191
vt 0.437501 0.246032
vt 0.443182 0.255874
vt 0.448864 0.265715
vt 0.454546 0.275556
vt 0.460228 0.285397
vt 0.465910 0.295238
vt 0.471591 0.305080
vt 0.437501 0.226350
vt 0.443182 0.236191
vt 0.448864 0.246032
vt 0.454546 0.255874
vt 0.460228 0.265715
vt 0.465910 0.275556
vt 0.471591 0.285397
vt 0.477273 0.295238
vt 0.482955 0.305080
vt 0.443182 0.216509
vt 0.448864 0.226350
vt 0.454546 0.236191
vt 0.460228 0.246032
vt 0.465910 0.255874
vt 0.471591 0.265715
vt 0.477273 0.275556
vt 0.482955 0.285397
vt 0.488637 0.295238
vt 0.494319 0.305080
vt 0.448864 0.206667
vt 0.454546 0.216509
vt 0.460228 0.226350
vt 0.465910 0.236191
vt 0.471591 0.246032
vt 0.477273 0.255874
vt 0.482955 0.265715
vt 0.488637 0.275556
vt 0.494319 0.285397
vt 0.500000 0.295238
vt 0.505682 0.305080
vt 0.454546 0.196826
vt 0.460228 0.206667
vt 0.465910 0.216509
vt 0.471591 0.226350
vt 0.477273 0.236191
vt 0.482955 0.246032
vt 0.488637 0.255874
vt 0.494319 0.265715
vt 0.500000 0.275556
vt 0.505682 0.285397
vt 0.511364 0.295238
vt 0.517046 0.305080
vt 0.460228 0.186985
vt 0.465910 0.196826
vt 0.471591 0.206667
vt 0.477273 0.216509
vt 0.482955 0.226350
vt 0.488637 0.236191
vt 0.494319 0.246032
vt 0.500000 0.255874
vt 0.505682 0.265715
vt 0.511364 0.275556
vt 0.517046 0.285397
vt 0.522728 0.295238
vt 0.528410 0.305080
vt 0.465910 0.177143
vt 0.471591 0.186985
vt 0.477273 0.196826
vt 0.482955 0.206667
vt 0.488637 0.216508
vt 0.494319 0.226350
vt 0.500000 0.236191
vt 0.505682 0.246032
vt 0.511364 0.255873
vt 0.517046 0.265715
vt 0.522728 0.275556
vt 0.528410 0.285397
vt 0.534091 0.295238
vt 0.539773 0.305080
vt 0.551137 0.305080
vt 0.556819 0.295238
vt 0.562500 0.305080
vt 0.562500 0.285397
vt 0.568182 0.295238
vt 0.568182 0.275556
vt 0.573864 0.285397
vt 0.573864 0.265715
vt 0.579546 0.275556
vt 0.579546 0.255874
vt 0.585228 0.265715
vt 0.585228 0.246032
vt 0.590909 0.255874
vt 0.590909 0.236191
vt 0.596591 0.246032
vt 0.596591 0.226350
vt 0.602273 0.236191
vt 0.602273 0.216509
vt 0.607955 0.226350
vt 0.607955 0.206667
vt 0.613637 0.216509
vt 0.613637 0.196826
vt 0.619318 0.206667
vt 0.619318 0.186985
vt 0.625000 0.196826
vt 0.625000 0.177143
vt 0.630682 0.186985
vt 0.636364 0.177143
vt 0.573864 0.305080
vt 0.579546 0.295238
vt 0.585228 0.305080
vt 0.585228 0.285397
vt 0.590909 0.295238
vt 0.596591 0.305080
vt 0.590909 0.275556
vt 0.596591 0.285397
vt 0.602273 0.295238
vt 0.607955 0.305080
vt 0.596591 0.265715
vt 0.602273 0.275556
vt 0.607955 0.285397
vt 0.613637 0.295238
vt 0.619318 0.305080
vt 0.602273 0.255874
vt 0.607955 0.265715
vt 0.613637 0.275556
vt 0.619318 0.285397
vt 0.625000 0.295238
vt 0.630682 0.305080
vt 0.607955 0.246032
vt 0.613637 0.255874
vt 0.619318 0.265715
vt 0.625000 0.275556
vt 0.630682 0.285397
vt 0.636364 0.295238
vt 0.642046 0.305080
vt 0.613637 0.236191
vt 0.619318 0.246032
vt 0.625000 0.255874
vt 0.630682 0.265715
vt 0.636364 0.275556
vt 0.642046 0.285397
vt 0.647727 0.295238
vt 0.653409 0.305080
vt 0.619318 0.226350
vt 0.625000 0.236191
vt 0.630682 0.246032
vt 0.636364 0.255874
vt 0.642046 0.265715
vt 0.647728 0.275556
vt 0.653409 0.285397
vt 0.659091 0.295238
vt 0.664773 0.305080
vt 0.625000 0.216509
vt 0.630682 0.226350
vt 0.636364 0.236191
vt 0.642046 0.246032
vt 0.647727 0.255874
vt 0.653409 0.265715
vt 0.659091 0.275556
vt 0.664773 0.285397
vt 0.670455 0.295238
vt 0.676137 0.305080
vt 0.630682 0.206667
vt 0.636364 0.216509
vt 0.642046 0.226350
vt 0.647727 0.236191
vt 0.653409 0.246032
vt 0.659091 0.255874
vt 0.664773 0.265715
vt 0.670455 0.275556
vt 0.676137 0.285397
vt 0.681818 0.295238
vt 0.687500 0.305080
vt 0.636364 0.196826
vt 0.642046 0.206667
vt 0.647728 0.216509
vt 0.653409 0.226350
vt 0.659091 0.236191
vt 0.664773 0.246032
vt 0.670455 0.255874
vt 0.676137 0.265715
vt 0.681819 0.275556
vt 0.687500 0.285397
vt 0.693182 0.295238
vt 0.698864 0.305080
vt 0.642046 0.186985
vt 0.647728 0.196826
vt 0.653409 0.206667
vt 0.659091 0.216509
vt 0.664773 0.226350
vt 0.670455 0.236191
vt 0.676137 0.246032
vt 0.681818 0.255874
vt 0.687500 0.265715
vt 0.693182 0.275556
vt 0.698864 0.285397
vt 0.704546 0.295238
vt 0.710228 0.305080
vt 0.647728 0.177143
vt 0.653409 0.186985
vt 0.659091 0.196826
vt 0.664773 0.206667
vt 0.670455 0.216508
vt 0.676137 0.226350
vt 0.681818 0.236191
vt 0.687500 0.246032
vt 0.693182 0.255873
vt 0.698864 0.265715
vt 0.704546 0.275556
vt 0.710228 0.285397
vt 0.715909 0.295238
vt 0.721591 0.305080
vt 0.732955 0.305080
vt 0.738637 0.295238
vt 0.744318 0.305080
vt 0.744318 0.285397
vt 0.750000 0.295238
vt 0.750000 0.275556
vt 0.755682 0.285397
vt 0.755682 0.265715
vt 0.761364 0.275556
vt 0.761364 0.255874
vt 0.767046 0.265715
vt 0.767046 0.246032
vt 0.772727 0.255874
vt 0.772727 0.236191
vt 0.778409 0.246032
vt 0.778409 0.226350
vt 0.784091 0.236191
vt 0.784091 0.216509
vt 0.789773 0.226350
vt 0.789773 0.206667
vt 0.795455 0.216509
vt 0.795455 0.196826
vt 0.801137 0.206667
vt 0.801137 0.186985
vt 0.806818 0.196826
vt 0.806818 0.177143
vt 0.812500 0.186985
vt 0.818182 0.177143
vt 0.755682 0.305080
vt 0.761364 0.295238
vt 0.767046 0.305080
vt 0.767046 0.285397
vt 0.772727 0.295238
vt 0.778409 0.305080
vt 0.772727 0.275556
vt 0.778409 0.285397
vt 0.784091 0.295238
vt 0.789773 0.305080
vt 0.778409 0.265715
vt 0.784091 0.275556
vt 0.789773 0.285397
vt 0.795455 0.295238
vt 0.801137 0.305080
vt 0.784091 0.255874
vt 0.789773 0.265715
vt 0.795455 0.275556
vt 0.801137 0.285397
vt 0.806818 0.295238
vt 0.812500 0.305080
vt 0.789773 0.246032
vt 0.795455 0.255874
vt 0.801137 0.265715
vt 0.806818 0.275556
vt 0.812500 0.285397
vt 0.818182 0.295238
vt 0.823864 0.305080
vt 0.795455 0.236191
vt 0.801136 0.246032
vt 0.806818 0.255874
vt 0.812500 0.265715
vt 0.818182 0.275556
vt 0.823864 0.285397
vt 0.829545 0.295238
vt 0.835227 0.305080
vt 0.801137 0.226350
vt 0.806818 0.236191
vt 0.812500 0.246032
vt 0.818182 0.255874
vt 0.823864 0.265715
vt 0.829546 0.275556
vt 0.835227 0.285397
vt 0.840909 0.295238
vt 0.846591 0.305080
vt 0.806818 0.216509
vt 0.812500 0.226350
vt 0.818182 0.236191
vt 0.823864 0.246032
vt 0.829546 0.255874
vt 0.835227 0.265715
vt 0.840909 0.275556
vt 0.846591 0.285397
vt 0.852273 0.295238
vt 0.857955 0.305080
vt 0.812500 0.206667
vt 0.818182 0.216509
vt 0.823864 0.226350
vt 0.829546 0.236191
vt 0.835227 0.246032
vt 0.840909 0.255874
vt 0.846591 0.265715
vt 0.852273 0.275556
vt 0.857955 0.285397
vt 0.863636 0.295238
vt 0.869318 0.305080
vt 0.818182 0.196826
vt 0.823864 0.206667
vt 0.829546 0.216509
vt 0.835227 0.226350
vt 0.840909 0.236191
vt 0.846591 0.246032
vt 0.852273 0.255874
vt 0.857955 0.265715
vt 0.863636 0.275556
vt 0.869318 0.285397
vt 0.875000 0.295238
vt 0.880682 0.305080
vt 0.823864 0.186985
vt 0.829546 0.196826
vt 0.835227 0.206667
vt 0.840909 0.216509
vt 0.846591 0.226350
vt 0.852273 0.236191
vt 0.857955 0.246032
vt 0.863636 0.255874
vt 0.869318 0.265715
vt 0.875000 0.275556
vt 0.880682 0.285397
vt 0.886364 0.295238
vt 0.892046 0.305080
vt 0.829546 0.177143
vt 0.835227 0.186985
vt 0.840909 0.196826
vt 0.846591 0.206667
vt 0.852273 0.216508
vt 0.857955 0.226350
vt 0.863636 0.236191
vt 0.869318 0.246032
vt 0.875000 0.255873
vt 0.880682 0.265715
vt 0.886364 0.275556
vt 0.892046 0.285397
vt 0.897727 0.295238
vt 0.903409 0.305080
vt 0.005682 0.305080
vt 0.011364 0.295238
vt 0.017046 0.305080
vt 0.017046 0.285397
vt 0.022727 0.295238
vt 0.022728 0.275556
vt 0.028409 0.285397
vt 0.028409 0.265715
vt 0.034091 0.275556
vt 0.034091 0.255874
vt 0.039773 0.265715
vt 0.039773 0.246032
vt 0.045455 0.255874
vt 0.045455 0.236191
vt 0.051137 0.246032
vt 0.051137 0.226350
vt 0.056819 0.236191
vt 0.056819 0.216509
vt 0.062501 0.226350
vt 0.062501 0.206667
vt 0.068182 0.216509
vt 0.068183 0.196826
vt 0.073864 0.206667
vt 0.073864 0.186985
vt 0.079546 0.196826
vt 0.079546 0.177143
vt 0.085228 0.186985
vt 0.090910 0.177143
vt 0.028409 0.305080
vt 0.034091 0.295238
vt 0.039773 0.305080
vt 0.039773 0.285397
vt 0.045455 0.295238
vt 0.051137 0.305080
vt 0.045455 0.275556
vt 0.051137 0.285397
vt 0.056819 0.295238
vt 0.062500 0.305080
vt 0.051137 0.265715
vt 0.056819 0.275556
vt 0.062500 0.285397
vt 0.068182 0.295238
vt 0.073864 0.305080
vt 0.056819 0.255874
vt 0.062500 0.265715
vt 0.068182 0.275556
vt 0.073864 0.285397
vt 0.079546 0.295238
vt 0.085228 0.305080
vt 0.062501 0.246032
vt 0.068182 0.255874
vt 0.073864 0.265715
vt 0.079546 0.275556
vt 0.085228 0.285397
vt 0.090910 0.295238
vt 0.096591 0.305080
vt 0.068182 0.236191
vt 0.073864 0.246032
vt 0.079546 0.255874
vt 0.085228 0.265715
vt 0.090910 0.275556
vt 0.096591 0.285397
vt 0.102273 0.295238
vt 0.107955 0.305080
vt 0.073864 0.226350
vt 0.079546 0.236191
vt 0.085228 0.246032
vt 0.090910 0.255874
vt 0.096592 0.265715
vt 0.102273 0.275556
vt 0.107955 0.285397
vt 0.113637 0.295238
vt 0.119319 0.305080
vt 0.079546 0.216509
vt 0.085228 0.226350
vt 0.090910 0.236191
vt 0.096592 0.246032
vt 0.102273 0.255874
vt 0.107955 0.265715
vt 0.113637 0.275556
vt 0.119319 0.285397
vt 0.125001 0.295238
vt 0.130682 0.305080
vt 0.085228 0.206667
vt 0.090910 0.216509
vt 0.096592 0.226350
vt 0.102273 0.236191
vt 0.107955 0.246032
vt 0.113637 0.255874
vt 0.119319 0.265715
vt 0.125001 0.275556
vt 0.130683 0.285397
vt 0.136364 0.295238
vt 0.142046 0.305080
vt 0.090910 0.196826
vt 0.096592 0.206667
vt 0.102274 0.216509
vt 0.107955 0.226350
vt 0.113637 0.236191
vt 0.119319 0.246032
vt 0.125001 0.255874
vt 0.130683 0.265715
vt 0.136364 0.275556
vt 0.142046 0.285397
vt 0.147728 0.295238
vt 0.153410 0.305080
vt 0.096592 0.186985
vt 0.102274 0.196826
vt 0.107955 0.206667
vt 0.113637 0.216509
vt 0.119319 0.226350
vt 0.125001 0.236191
vt 0.130683 0.246032
vt 0.136364 0.255874
vt 0.142046 0.265715
vt 0.147728 0.275556
vt 0.153410 0.285397
vt 0.159092 0.295238
vt 0.164773 0.305080
vt 0.102274 0.177143
vt 0.107955 0.186985
vt 0.113637 0.196826
vt 0.119319 0.206667
vt 0.125001 0.216508
vt 0.130683 0.226350
vt 0.136365 0.236191
vt 0.142046 0.246032
vt 0.147728 0.255873
vt 0.153410 0.265715
vt 0.159092 0.275556
vt 0.164774 0.285397
vt 0.170455 0.295238
vt 0.176137 0.305080
vt 0.187501 0.305080
vt 0.193183 0.295238
vt 0.198864 0.305080
vt 0.198864 0.285397
vt 0.204546 0.295238
vt 0.204546 0.275556
vt 0.210228 0.285397
vt 0.210228 0.265715
vt 0.215910 0.275556
vt 0.215910 0.255874
vt 0.221592 0.265715
vt 0.221592 0.246032
vt 0.227273 0.255874
vt 0.227273 0.236191
vt 0.232955 0.246032
vt 0.232955 0.226350
vt 0.238637 0.236191
vt 0.238637 0.216509
vt 0.244319 0.226350
vt 0.244319 0.206667
vt 0.250001 0.216509
vt 0.250001 0.196826
vt 0.255683 0.206667
vt 0.255683 0.186985
vt 0.261364 0.196826
vt 0.261364 0.177143
vt 0.267046 0.186985
vt 0.272728 0.177143
vt 0.210228 0.305080
vt 0.215910 0.295238
vt 0.221592 0.305080
vt 0.221592 0.285397
vt 0.227273 0.295238
vt 0.232955 0.305080
vt 0.227273 0.275556
vt 0.232955 0.285397
vt 0.238637 0.295238
vt 0.244319 0.305080
vt 0.232955 0.265715
vt 0.238637 0.275556
vt 0.244319 0.285397
vt 0.250001 0.295238
vt 0.255683 0.305080
vt 0.238637 0.255874
vt 0.244319 0.265715
vt 0.250001 0.275556
vt 0.255683 0.285397
vt 0.261364 0.295238
vt 0.267046 0.305080
vt 0.244319 0.246032
vt 0.250001 0.255874
vt 0.255683 0.265715
vt 0.261364 0.275556
vt 0.267046 0.285397
vt 0.272728 0.295238
vt 0.278410 0.305080
vt 0.250001 0.236191
vt 0.255683 0.246032
vt 0.261364 0.255874
vt 0.267046 0.265715
vt 0.272728 0.275556
vt 0.278410 0.285397
vt 0.284092 0.295238
vt 0.289773 0.305080
vt 0.255683 0.226350
vt 0.261364 0.236191
vt 0.267046 0.246032
vt 0.272728 0.255874
vt 0.278410 0.265715
vt 0.284092 0.275556
vt 0.289773 0.285397
vt 0.295455 0.295238
vt 0.301137 0.305080
vt 0.261364 0.216509
vt 0.267046 0.226350
vt 0.272728 0.236191
vt 0.278410 0.246032
vt 0.284092 0.255874
vt 0.289773 0.265715
vt 0.295455 0.275556
vt 0.301137 0.285397
vt 0.306819 0.295238
vt 0.312501 0.305080
vt 0.267046 0.206667
vt 0.272728 0.216509
vt 0.278410 0.226350
vt 0.284092 0.236191
vt 0.289773 0.246032
vt 0.295455 0.255874
vt 0.301137 0.265715
vt 0.306819 0.275556
vt 0.312501 0.285397
vt 0.318182 0.295238
vt 0.323864 0.305080
vt 0.272728 0.196826
vt 0.278410 0.206667
vt 0.284092 0.216509
vt 0.289773 0.226350
vt 0.295455 0.236191
vt 0.301137 0.246032
vt 0.306819 0.255874
vt 0.312501 0.265715
vt 0.318183 0.275556
vt 0.323864 0.285397
vt 0.329546 0.295238
vt 0.335228 0.305080
vt 0.278410 0.186985
vt 0.284092 0.196826
vt 0.289773 0.206667
vt 0.295455 0.216509
vt 0.301137 0.226350
vt 0.306819 0.236191
vt 0.312501 0.246032
vt 0.318182 0.255874
vt 0.323864 0.265715
vt 0.329546 0.275556
vt 0.335228 0.285397
vt 0.340910 0.295238
vt 0.346592 0.305080
vt 0.284092 0.177143
vt 0.289773 0.186985
vt 0.295455 0.196826
vt 0.301137 0.206667
vt 0.306819 0.216508
vt 0.312501 0.226350
vt 0.318182 0.236191
vt 0.323864 0.246032
vt 0.329546 0.255873
vt 0.335228 0.265715
vt 0.340910 0.275556
vt 0.346592 0.285397
vt 0.352273 0.295238
vt 0.357955 0.305080
vt 0.545455 0.295238
vt 0.539773 0.285397
vt 0.534091 0.275556
vt 0.528410 0.265715
vt 0.522728 0.255873
vt 0.517046 0.246032
vt 0.511364 0.236191
vt 0.505682 0.226350
vt 0.500000 0.216508
vt 0.494319 0.206667
vt 0.488637 0.196826
vt 0.482955 0.186985
vt 0.477273 0.177143
vt 0.471591 0.167302
vt 0.551137 0.285397
vt 0.545455 0.275556
vt 0.556819 0.275556
vt 0.539773 0.265715
vt 0.551137 0.265715
vt 0.562500 0.265715
vt 0.534091 0.255874
vt 0.545455 0.255874
vt 0.556819 0.255874
vt 0.568182 0.255874
vt 0.528409 0.246032
vt 0.539773 0.246032
vt 0.551137 0.246032
vt 0.562500 0.246032
vt 0.573864 0.246032
vt 0.522728 0.236191
vt 0.534091 0.236191
vt 0.545455 0.236191
vt 0.556819 0.236191
vt 0.568182 0.236191
vt 0.579546 0.236191
vt 0.517046 0.226350
vt 0.528410 0.226350
vt 0.539773 0.226350
vt 0.551137 0.226350
vt 0.562500 0.226350
vt 0.573864 0.226350
vt 0.585228 0.226350
vt 0.511364 0.216509
vt 0.522728 0.216509
vt 0.534091 0.216509
vt 0.545455 0.216509
vt 0.556819 0.216509
vt 0.568182 0.216509
vt 0.579546 0.216509
vt 0.590909 0.216509
vt 0.505682 0.206667
vt 0.517046 0.206667
vt 0.528409 0.206667
vt 0.539773 0.206667
vt 0.551137 0.206667
vt 0.562500 0.206667
vt 0.573864 0.206667
vt 0.585228 0.206667
vt 0.596591 0.206667
vt 0.500001 0.196826
vt 0.511364 0.196826
vt 0.522728 0.196826
vt 0.534091 0.196826
vt 0.545455 0.196826
vt 0.556819 0.196826
vt 0.568182 0.196826
vt 0.579546 0.196826
vt 0.590909 0.196826
vt 0.602273 0.196826
vt 0.494319 0.186985
vt 0.505682 0.186985
vt 0.517046 0.186985
vt 0.528409 0.186985
vt 0.539773 0.186985
vt 0.551137 0.186985
vt 0.562500 0.186985
vt 0.573864 0.186985
vt 0.585228 0.186985
vt 0.596591 0.186985
vt 0.607955 0.186985
vt 0.488637 0.177143
vt 0.500000 0.177143
vt 0.511364 0.177143
vt 0.522728 0.177143
vt 0.534091 0.177143
vt 0.545455 0.177143
vt 0.556819 0.177143
vt 0.568182 0.177143
vt 0.579546 0.177143
vt 0.590909 0.177143
vt 0.602273 0.177143
vt 0.613637 0.177143
vt 0.482955 0.167302
vt 0.494319 0.167302
vt 0.505682 0.167302
vt 0.517046 0.167302
vt 0.528410 0.167302
vt 0.539773 0.167302
vt 0.551137 0.167302
vt 0.562500 0.167302
vt 0.573864 0.167302
vt 0.585228 0.167302
vt 0.596591 0.167302
vt 0.607955 0.167302
vt 0.619319 0.167302
vt 0.477273 0.157461
vt 0.488637 0.157461
vt 0.500000 0.157461
vt 0.511364 0.157461
vt 0.522728 0.157461
vt 0.534091 0.157461
vt 0.545455 0.157461
vt 0.556819 0.157461
vt 0.568182 0.157461
vt 0.579546 0.157461
vt 0.590909 0.157461
vt 0.602273 0.157461
vt 0.613637 0.157461
vt 0.625000 0.157461
vt 0.727273 0.295238
vt 0.721591 0.285397
vt 0.715909 0.275556
vt 0.710228 0.265715
vt 0.704546 0.255873
vt 0.698864 0.246032
vt 0.693182 0.236191
vt 0.687500 0.226350
vt 0.681818 0.216508
vt 0.676137 0.206667
vt 0.670455 0.196826
vt 0.664773 0.186985
vt 0.659091 0.177143
vt 0.653409 0.167302
vt 0.732955 0.285397
vt 0.727273 0.275556
vt 0.738637 0.275556
vt 0.721591 0.265715
vt 0.732955 0.265715
vt 0.744318 0.265715
vt 0.715909 0.255874
vt 0.727273 0.255874
vt 0.738637 0.255874
vt 0.750000 0.255874
vt 0.710227 0.246032
vt 0.721591 0.246032
vt 0.732955 0.246032
vt 0.744318 0.246032
vt 0.755682 0.246032
vt 0.704546 0.236191
vt 0.715909 0.236191
vt 0.727273 0.236191
vt 0.738637 0.236191
vt 0.750000 0.236191
vt 0.761364 0.236191
vt 0.698864 0.226350
vt 0.710228 0.226350
vt 0.721591 0.226350
vt 0.732955 0.226350
vt 0.744318 0.226350
vt 0.755682 0.226350
vt 0.767046 0.226350
vt 0.693182 0.216509
vt 0.704546 0.216509
vt 0.715909 0.216509
vt 0.727273 0.216509
vt 0.738637 0.216509
vt 0.750000 0.216509
vt 0.761364 0.216509
vt 0.772727 0.216509
vt 0.687500 0.206667
vt 0.698864 0.206667
vt 0.710228 0.206667
vt 0.721591 0.206667
vt 0.732955 0.206667
vt 0.744318 0.206667
vt 0.755682 0.206667
vt 0.767046 0.206667
vt 0.778409 0.206667
vt 0.681818 0.196826
vt 0.693182 0.196826
vt 0.704546 0.196826
vt 0.715909 0.196826
vt 0.727273 0.196826
vt 0.738637 0.196826
vt 0.750000 0.196826
vt 0.761364 0.196826
vt 0.772727 0.196826
vt 0.784091 0.196826
vt 0.676137 0.186985
vt 0.687500 0.186985
vt 0.698864 0.186985
vt 0.710228 0.186985
vt 0.721591 0.186985
vt 0.732955 0.186985
vt 0.744318 0.186985
vt 0.755682 0.186985
vt 0.767046 0.186985
vt 0.778409 0.186985
vt 0.789773 0.186985
vt 0.670455 0.177143
vt 0.681819 0.177143
vt 0.693182 0.177143
vt 0.704546 0.177143
vt 0.715909 0.177143
vt 0.727273 0.177143
vt 0.738637 0.177143
vt 0.750000 0.177143
vt 0.761364 0.177143
vt 0.772728 0.177143
vt 0.784091 0.177143
vt 0.795455 0.177143
vt 0.664773 0.167302
vt 0.676137 0.167302
vt 0.687500 0.167302
vt 0.698864 0.167302
vt 0.710228 0.167302
vt 0.721591 0.167302
vt 0.732955 0.167302
vt 0.744318 0.167302
vt 0.755682 0.167302
vt 0.767046 0.167302
vt 0.778409 0.167302
vt 0.789773 0.167302
vt 0.801136 0.167302
vt 0.659091 0.157461
vt 0.670455 0.157461
vt 0.681818 0.157461
vt 0.693182 0.157461
vt 0.704546 0.157461
vt 0.715909 0.157461
vt 0.727273 0.157461
vt 0.738637 0.157461
vt 0.750000 0.157461
vt 0.761364 0.157461
vt 0.772727 0.157461
vt 0.784091 0.157461
vt 0.795455 0.157461
vt 0.806818 0.157461
vt 0.914773 0.305080
vt 0.909091 0.295238
vt 0.903409 0.285397
vt 0.897727 0.275556
vt 0.892046 0.265715
vt 0.886364 0.255873
vt 0.880682 0.246032
vt 0.875000 0.236191
vt 0.869318 0.226350
vt 0.863636 0.216508
vt 0.857955 0.206667
vt 0.852273 0.196826
vt 0.846591 0.186985
vt 0.840909 0.177143
vt 0.835227 0.167302
vt 0.920455 0.295238
vt 0.914773 0.285397
vt 0.926136 0.285397
vt 0.909091 0.275556
vt 0.920455 0.275556
vt 0.931818 0.275556
vt 0.903409 0.265715
vt 0.914773 0.265715
vt 0.926136 0.265715
vt 0.937500 0.265715
vt 0.897727 0.255874
vt 0.909091 0.255874
vt 0.920455 0.255874
vt 0.931818 0.255874
vt 0.943182 0.255874
vt 0.892045 0.246032
vt 0.903409 0.246032
vt 0.914773 0.246032
vt 0.926136 0.246032
vt 0.937500 0.246032
vt 0.948864 0.246032
vt 0.886364 0.236191
vt 0.897727 0.236191
vt 0.909091 0.236191
vt 0.920455 0.236191
vt 0.931818 0.236191
vt 0.943182 0.236191
vt 0.954545 0.236191
vt 0.880682 0.226350
vt 0.892046 0.226350
vt 0.903409 0.226350
vt 0.914773 0.226350
vt 0.926136 0.226350
vt 0.937500 0.226350
vt 0.948864 0.226350
vt 0.960227 0.226350
vt 0.875000 0.216509
vt 0.886364 0.216509
vt 0.897727 0.216509
vt 0.909091 0.216509
vt 0.920455 0.216509
vt 0.931818 0.216509
vt 0.943182 0.216509
vt 0.954545 0.216509
vt 0.965909 0.216509
vt 0.869318 0.206667
vt 0.880682 0.206667
vt 0.892046 0.206667
vt 0.903409 0.206667
vt 0.914773 0.206667
vt 0.926136 0.206667
vt 0.937500 0.206667
vt 0.948864 0.206667
vt 0.960227 0.206667
vt 0.971591 0.206667
vt 0.863636 0.196826
vt 0.875000 0.196826
vt 0.886364 0.196826
vt 0.897727 0.196826
vt 0.909091 0.196826
vt 0.920455 0.196826
vt 0.931818 0.196826
vt 0.943182 0.196826
vt 0.954545 0.196826
vt 0.965909 0.196826
vt 0.977273 0.196826
vt 0.857955 0.186985
vt 0.869318 0.186985
vt 0.880682 0.186985
vt 0.892046 0.186985
vt 0.903409 0.186985
vt 0.914773 0.186985
vt 0.926136 0.186985
vt 0.937500 0.186985
vt 0.948864 0.186985
vt 0.960227 0.186985
vt 0.971591 0.186985
vt 0.982955 0.186985
vt 0.852273 0.177143
vt 0.863636 0.177143
vt 0.875000 0.177143
vt 0.886364 0.177143
vt 0.897727 0.177143
vt 0.909091 0.177143
vt 0.920455 0.177143
vt 0.931818 0.177143
vt 0.943182 0.177143
vt 0.954545 0.177143
vt 0.965909 0.177143
vt 0.977273 0.177143
vt 0.988636 0.177143
vt 0.846591 0.167302
vt 0.857955 0.167302
vt 0.869318 0.167302
vt 0.880682 0.167302
vt 0.892046 0.167302
vt 0.903409 0.167302
vt 0.914773 0.167302
vt 0.926136 0.167302
vt 0.937500 0.167302
vt 0.948864 0.167302
vt 0.960227 0.167302
vt 0.971591 0.167302
vt 0.982955 0.167302
vt 0.994318 0.167302
vt 0.840909 0.157461
vt 0.852273 0.157461
vt 0.863636 0.157461
vt 0.875000 0.157461
vt 0.886364 0.157461
vt 0.897727 0.157461
vt 0.909091 0.157461
vt 0.920455 0.157461
vt 0.931818 0.157461
vt 0.943182 0.157461
vt 0.954545 0.157461
vt 0.965909 0.157461
vt 0.977273 0.157461
vt 0.988636 0.157461
vt 1.000000 0.157461
vt 0.181819 0.295238
vt 0.176137 0.285397
vt 0.170455 0.275556
vt 0.164774 0.265715
vt 0.159092 0.255873
vt 0.153410 0.246032
vt 0.147728 0.236191
vt 0.142046 0.226350
vt 0.136365 0.216508
vt 0.130683 0.206667
vt 0.125001 0.196826
vt 0.119319 0.186985
vt 0.113637 0.177143
vt 0.107955 0.167302
vt 0.187501 0.285397
vt 0.181819 0.275556
vt 0.193183 0.275556
vt 0.176137 0.265715
vt 0.187501 0.265715
vt 0.198864 0.265715
vt 0.170455 0.255874
vt 0.181819 0.255874
vt 0.193183 0.255874
vt 0.204546 0.255874
vt 0.164774 0.246032
vt 0.176137 0.246032
vt 0.187501 0.246032
vt 0.198864 0.246032
vt 0.210228 0.246032
vt 0.159092 0.236191
vt 0.170455 0.236191
vt 0.181819 0.236191
vt 0.193183 0.236191
vt 0.204546 0.236191
vt 0.215910 0.236191
vt 0.153410 0.226350
vt 0.164774 0.226350
vt 0.176137 0.226350
vt 0.187501 0.226350
vt 0.198864 0.226350
vt 0.210228 0.226350
vt 0.221592 0.226350
vt 0.147728 0.216509
vt 0.159092 0.216509
vt 0.170455 0.216509
vt 0.181819 0.216509
vt 0.193183 0.216509
vt 0.204546 0.216509
vt 0.215910 0.216509
vt 0.227273 0.216509
vt 0.142046 0.206667
vt 0.153410 0.206667
vt 0.164774 0.206667
vt 0.176137 0.206667
vt 0.187501 0.206667
vt 0.198864 0.206667
vt 0.210228 0.206667
vt 0.221592 0.206667
vt 0.232955 0.206667
vt 0.136364 0.196826
vt 0.147728 0.196826
vt 0.159092 0.196826
vt 0.170455 0.196826
vt 0.181819 0.196826
vt 0.193183 0.196826
vt 0.204546 0.196826
vt 0.215910 0.196826
vt 0.227273 0.196826
vt 0.238637 0.196826
vt 0.130683 0.186985
vt 0.142046 0.186985
vt 0.153410 0.186985
vt 0.164774 0.186985
vt 0.176137 0.186985
vt 0.187501 0.186985
vt 0.198864 0.186985
vt 0.210228 0.186985
vt 0.221592 0.186985
vt 0.232955 0.186985
vt 0.244319 0.186985
vt 0.125001 0.177143
vt 0.136364 0.177143
vt 0.147728 0.177143
vt 0.159092 0.177143
vt 0.170455 0.177143
vt 0.181819 0.177143
vt 0.193183 0.177143
vt 0.204546 0.177143
vt 0.215910 0.177143
vt 0.227273 0.177143
vt 0.238637 0.177143
vt 0.250001 0.177143
vt 0.119319 0.167302
vt 0.130683 0.167302
vt 0.142046 0.167302
vt 0.153410 0.167302
vt 0.164774 0.167302
vt 0.176137 0.167302
vt 0.187501 0.167302
vt 0.198864 0.167302
vt 0.210228 0.167302
vt 0.221592 0.167302
vt 0.232955 0.167302
vt 0.244319 0.167302
vt 0.255683 0.167302
vt 0.113637 0.157461
vt 0.125001 0.157461
vt 0.136364 0.157461
vt 0.147728 0.157461
vt 0.159092 0.157461
vt 0.170455 0.157461
vt 0.181819 0.157461
vt 0.193183 0.157461
vt 0.204546 0.157461
vt 0.215910 0.157461
vt 0.227273 0.157461
vt 0.238637 0.157461
vt 0.250001 0.157461
vt 0.261364 0.157461
vt 0.363637 0.295238
vt 0.357955 0.285397
vt 0.352273 0.275556
vt 0.346592 0.265715
vt 0.340910 0.255873
vt 0.335228 0.246032
vt 0.329546 0.236191
vt 0.323864 0.226350
vt 0.318182 0.216508
vt 0.312501 0.206667
vt 0.306819 0.196826
vt 0.301137 0.186985
vt 0.295455 0.177143
vt 0.289773 0.167302
vt 0.369319 0.285397
vt 0.363637 0.275556
vt 0.375001 0.275556
vt 0.357955 0.265715
vt 0.369319 0.265715
vt 0.380682 0.265715
vt 0.352273 0.255874
vt 0.363637 0.255874
vt 0.375001 0.255874
vt 0.386364 0.255874
vt 0.346592 0.246032
vt 0.357955 0.246032
vt 0.369319 0.246032
vt 0.380682 0.246032
vt 0.392046 0.246032
vt 0.340910 0.236191
vt 0.352273 0.236191
vt 0.363637 0.236191
vt 0.375001 0.236191
vt 0.386364 0.236191
vt 0.397728 0.236191
vt 0.335228 0.226350
vt 0.346592 0.226350
vt 0.357955 0.226350
vt 0.369319 0.226350
vt 0.380682 0.226350
vt 0.392046 0.226350
vt 0.403410 0.226350
vt 0.329546 0.216509
vt 0.340910 0.216509
vt 0.352273 0.216509
vt 0.363637 0.216509
vt 0.375001 0.216509
vt 0.386364 0.216509
vt 0.397728 0.216509
vt 0.409091 0.216509
vt 0.323864 0.206667
vt 0.335228 0.206667
vt 0.346592 0.206667
vt 0.357955 0.206667
vt 0.369319 0.206667
vt 0.380682 0.206667
vt 0.392046 0.206667
vt 0.403410 0.206667
vt 0.414773 0.206667
vt 0.318182 0.196826
vt 0.329546 0.196826
vt 0.340910 0.196826
vt 0.352273 0.196826
vt 0.363637 0.196826
vt 0.375001 0.196826
vt 0.386364 0.196826
vt 0.397728 0.196826
vt 0.409091 0.196826
vt 0.420455 0.196826
vt 0.312501 0.186985
vt 0.323864 0.186985
vt 0.335228 0.186985
vt 0.346592 0.186985
vt 0.357955 0.186985
vt 0.369319 0.186985
vt 0.380682 0.186985
vt 0.392046 0.186985
vt 0.403410 0.186985
vt 0.414773 0.186985
vt 0.426137 0.186985
vt 0.306819 0.177143
vt 0.318182 0.177143
vt 0.329546 0.177143
vt 0.340910 0.177143
vt 0.352273 0.177143
vt 0.363637 0.177143
vt 0.375001 0.177143
vt 0.386364 0.177143
vt 0.397728 0.177143
vt 0.409092 0.177143
vt 0.420455 0.177143
vt 0.431819 0.177143
vt 0.301137 0.167302
vt 0.312501 0.167302
vt 0.323864 0.167302
vt 0.335228 0.167302
vt 0.346592 0.167302
vt 0.357955 0.167302
vt 0.369319 0.167302
vt 0.380682 0.167302
vt 0.392046 0.167302
vt 0.403410 0.167302
vt 0.414773 0.167302
vt 0.426137 0.167302
vt 0.437501 0.167302
vt 0.295455 0.157461
vt 0.306819 0.157461
vt 0.318182 0.157461
vt 0.329546 0.157461
vt 0.340910 0.157461
vt 0.352273 0.157461
vt 0.363637 0.157461
vt 0.375001 0.157461
vt 0.386364 0.157461
vt 0.397728 0.157461
vt 0.409091 0.157461
vt 0.420455 0.157461
vt 0.431819 0.157461
vt 0.443182 0.157461
vt 0.460228 0.147620
vt 0.465910 0.137778
vt 0.471591 0.147620
vt 0.471591 0.127937
vt 0.477273 0.137778
vt 0.477273 0.118096
vt 0.482955 0.127937
vt 0.482955 0.108254
vt 0.488637 0.118096
vt 0.488637 0.098413
vt 0.494319 0.108254
vt 0.494319 0.088572
vt 0.500000 0.098413
vt 0.500000 0.078731
vt 0.505682 0.088572
vt 0.505682 0.068889
vt 0.511364 0.078731
vt 0.511364 0.059048
vt 0.517046 0.068889
vt 0.517046 0.049207
vt 0.522728 0.059048
vt 0.522728 0.039365
vt 0.528410 0.049207
vt 0.528410 0.029524
vt 0.534091 0.039365
vt 0.534091 0.019683
vt 0.539773 0.029524
vt 0.545455 0.019683
vt 0.482955 0.147620
vt 0.488637 0.137778
vt 0.494319 0.147620
vt 0.494319 0.127937
vt 0.500000 0.137778
vt 0.505682 0.147620
vt 0.500000 0.118096
vt 0.505682 0.127937
vt 0.511364 0.137778
vt 0.517046 0.147620
vt 0.505682 0.108254
vt 0.511364 0.118096
vt 0.517046 0.127937
vt 0.522728 0.137778
vt 0.528410 0.147620
vt 0.511364 0.098413
vt 0.517046 0.108254
vt 0.522728 0.118096
vt 0.528410 0.127937
vt 0.534091 0.137778
vt 0.539773 0.147620
vt 0.517046 0.088572
vt 0.522728 0.098413
vt 0.528410 0.108254
vt 0.534091 0.118096
vt 0.539773 0.127937
vt 0.545455 0.137778
vt 0.551137 0.147620
vt 0.522728 0.078731
vt 0.528410 0.088572
vt 0.534091 0.098413
vt 0.539773 0.108254
vt 0.545455 0.118096
vt 0.551137 0.127937
vt 0.556819 0.137778
vt 0.562500 0.147620
vt 0.528410 0.068889
vt 0.534091 0.078731
vt 0.539773 0.088572
vt 0.545455 0.098413
vt 0.551137 0.108254
vt 0.556819 0.118096
vt 0.562500 0.127937
vt 0.568182 0.137778
vt 0.573864 0.147620
vt 0.534091 0.059048
vt 0.539773 0.068889
vt 0.545455 0.078731
vt 0.551137 0.088572
vt 0.556819 0.098413
vt 0.562500 0.108254
vt 0.568182 0.118096
vt 0.573864 0.127937
vt 0.579546 0.137778
vt 0.585228 0.147620
vt 0.539773 0.049207
vt 0.545455 0.059048
vt 0.551137 0.068889
vt 0.556819 0.078731
vt 0.562500 0.088572
vt 0.568182 0.098413
vt 0.573864 0.108254
vt 0.579546 0.118096
vt 0.585228 0.127937
vt 0.590909 0.137778
vt 0.596591 0.147620
vt 0.545455 0.039365
vt 0.551137 0.049207
vt 0.556819 0.059048
vt 0.562500 0.068889
vt 0.568182 0.078731
vt 0.573864 0.088572
vt 0.579546 0.098413
vt 0.585228 0.108254
vt 0.590909 0.118096
vt 0.596591 0.127937
vt 0.602273 0.137778
vt 0.607955 0.147620
vt 0.551137 0.029524
vt 0.556819 0.039365
vt 0.562500 0.049207
vt 0.568182 0.059048
vt 0.573864 0.068889
vt 0.579546 0.078731
vt 0.585228 0.088572
vt 0.590909 0.098413
vt 0.596591 0.108254
vt 0.602273 0.118096
vt 0.607955 0.127937
vt 0.613637 0.137778
vt 0.619318 0.147620
vt 0.556819 0.019683
vt 0.562500 0.029524
vt 0.568182 0.039365
vt 0.573864 0.049207
vt 0.579546 0.059048
vt 0.585228 0.068889
vt 0.590909 0.078731
vt 0.596591 0.088572
vt 0.602273 0.098413
vt 0.607955 0.108254
vt 0.613637 0.118096
vt 0.619318 0.127937
vt 0.625000 0.137778
vt 0.630682 0.147620
vt 0.642046 0.147620
vt 0.647728 0.137778
vt 0.653409 0.147620
vt 0.653409 0.127937
vt 0.659091 0.137778
vt 0.659091 0.118096
vt 0.664773 0.127937
vt 0.664773 0.108254
vt 0.670455 0.118096
vt 0.670455 0.098413
vt 0.676137 0.108254
vt 0.676137 0.088572
vt 0.681818 0.098413
vt 0.681818 0.078731
vt 0.687500 0.088572
vt 0.687500 0.068889
vt 0.693182 0.078731
vt 0.693182 0.059048
vt 0.698864 0.068889
vt 0.698864 0.049207
vt 0.704546 0.059048
vt 0.704546 0.039365
vt 0.710228 0.049207
vt 0.710228 0.029524
vt 0.715909 0.039365
vt 0.715909 0.019683
vt 0.721591 0.029524
vt 0.727273 0.019683
vt 0.664773 0.147620
vt 0.670455 0.137778
vt 0.676137 0.147620
vt 0.676137 0.127937
vt 0.681818 0.137778
vt 0.687500 0.147620
vt 0.681818 0.118096
vt 0.687500 0.127937
vt 0.693182 0.137778
vt 0.698864 0.147620
vt 0.687500 0.108254
vt 0.693182 0.118096
vt 0.698864 0.127937
vt 0.704546 0.137778
vt 0.710228 0.147620
vt 0.693182 0.098413
vt 0.698864 0.108254
vt 0.704546 0.118096
vt 0.710228 0.127937
vt 0.715909 0.137778
vt 0.721591 0.147620
vt 0.698864 0.088572
vt 0.704546 0.098413
vt 0.710227 0.108254
vt 0.715909 0.118096
vt 0.721591 0.127937
vt 0.727273 0.137778
vt 0.732955 0.147620
vt 0.704546 0.078731
vt 0.710227 0.088572
vt 0.715909 0.098413
vt 0.721591 0.108254
vt 0.727273 0.118096
vt 0.732955 0.127937
vt 0.738636 0.137778
vt 0.744318 0.147620
vt 0.710227 0.068889
vt 0.715909 0.078731
vt 0.721591 0.088572
vt 0.727273 0.098413
vt 0.732955 0.108254
vt 0.738637 0.118096
vt 0.744318 0.127937
vt 0.750000 0.137778
vt 0.755682 0.147620
vt 0.715909 0.059048
vt 0.721591 0.068889
vt 0.727273 0.078731
vt 0.732955 0.088572
vt 0.738637 0.098413
vt 0.744318 0.108254
vt 0.750000 0.118096
vt 0.755682 0.127937
vt 0.761364 0.137778
vt 0.767046 0.147620
vt 0.721591 0.049207
vt 0.727273 0.059048
vt 0.732955 0.068889
vt 0.738637 0.078731
vt 0.744318 0.088572
vt 0.750000 0.098413
vt 0.755682 0.108254
vt 0.761364 0.118096
vt 0.767046 0.127937
vt 0.772727 0.137778
vt 0.778409 0.147620
vt 0.727273 0.039365
vt 0.732955 0.049207
vt 0.738637 0.059048
vt 0.744318 0.068889
vt 0.750000 0.078731
vt 0.755682 0.088572
vt 0.761364 0.098413
vt 0.767046 0.108254
vt 0.772728 0.118096
vt 0.778409 0.127937
vt 0.784091 0.137778
vt 0.789773 0.147620
vt 0.732955 0.029524
vt 0.738637 0.039365
vt 0.744318 0.049207
vt 0.750000 0.059048
vt 0.755682 0.068889
vt 0.761364 0.078731
vt 0.767046 0.088572
vt 0.772728 0.098413
vt 0.778409 0.108254
vt 0.784091 0.118096
vt 0.789773 0.127937
vt 0.795455 0.137778
vt 0.801137 0.147620
vt 0.738637 0.019683
vt 0.744318 0.029524
vt 0.750000 0.039365
vt 0.755682 0.049207
vt 0.761364 0.059048
vt 0.767046 0.068889
vt 0.772727 0.078731
vt 0.778409 0.088572
vt 0.784091 0.098413
vt 0.789773 0.108254
vt 0.795455 0.118096
vt 0.801137 0.127937
vt 0.806818 0.137778
vt 0.812500 0.147620
vt 0.823864 0.147620
vt 0.829546 0.137778
vt 0.835227 0.147620
vt 0.835227 0.127937
vt 0.840909 0.137778
vt 0.840909 0.118096
vt 0.846591 0.127937
vt 0.846591 0.108254
vt 0.852273 0.118096
vt 0.852273 0.098413
vt 0.857955 0.108254
vt 0.857955 0.088572
vt 0.863636 0.098413
vt 0.863636 0.078731
vt 0.869318 0.088572
vt 0.869318 0.068889
vt 0.875000 0.078731
vt 0.875000 0.059048
vt 0.880682 0.068889
vt 0.880682 0.049207
vt 0.886364 0.059048
vt 0.886364 0.039365
vt 0.892046 0.049207
vt 0.892046 0.029524
vt 0.897727 0.039365
vt 0.897727 0.019683
vt 0.903409 0.029524
vt 0.909091 0.019683
vt 0.846591 0.147620
vt 0.852273 0.137778
vt 0.857955 0.147620
vt 0.857955 0.127937
vt 0.863636 0.137778
vt 0.869318 0.147620
vt 0.863636 0.118096
vt 0.869318 0.127937
vt 0.875000 0.137778
vt 0.880682 0.147620
vt 0.869318 0.108254
vt 0.875000 0.118096
vt 0.880682 0.127937
vt 0.886364 0.137778
vt 0.892045 0.147620
vt 0.875000 0.098413
vt 0.880682 0.108254
vt 0.886364 0.118096
vt 0.892045 0.127937
vt 0.897727 0.137778
vt 0.903409 0.147620
vt 0.880682 0.088572
vt 0.886364 0.098413
vt 0.892045 0.108254
vt 0.897727 0.118096
vt 0.903409 0.127937
vt 0.909091 0.137778
vt 0.914773 0.147620
vt 0.886364 0.078731
vt 0.892045 0.088572
vt 0.897727 0.098413
vt 0.903409 0.108254
vt 0.909091 0.118096
vt 0.914773 0.127937
vt 0.920455 0.137778
vt 0.926136 0.147620
vt 0.892045 0.068889
vt 0.897727 0.078731
vt 0.903409 0.088572
vt 0.909091 0.098413
vt 0.914773 0.108254
vt 0.920455 0.118096
vt 0.926136 0.127937
vt 0.931818 0.137778
vt 0.937500 0.147620
vt 0.897727 0.059048
vt 0.903409 0.068889
vt 0.909091 0.078731
vt 0.914773 0.088572
vt 0.920455 0.098413
vt 0.926136 0.108254
vt 0.931818 0.118096
vt 0.937500 0.127937
vt 0.943182 0.137778
vt 0.948864 0.147620
vt 0.903409 0.049207
vt 0.909091 0.059048
vt 0.914773 0.068889
vt 0.920455 0.078731
vt 0.926136 0.088572
vt 0.931818 0.098413
vt 0.937500 0.108254
vt 0.943182 0.118096
vt 0.948864 0.127937
vt 0.954545 0.137778
vt 0.960227 0.147620
vt 0.909091 0.039365
vt 0.914773 0.049207
vt 0.920455 0.059048
vt 0.926136 0.068889
vt 0.931818 0.078731
vt 0.937500 0.088572
vt 0.943182 0.098413
vt 0.948864 0.108254
vt 0.954546 0.118096
vt 0.960227 0.127937
vt 0.965909 0.137778
vt 0.971591 0.147620
vt 0.914773 0.029524
vt 0.920455 0.039365
vt 0.926136 0.049207
vt 0.931818 0.059048
vt 0.937500 0.068889
vt 0.943182 0.078731
vt 0.948864 0.088572
vt 0.954545 0.098413
vt 0.960227 0.108254
vt 0.965909 0.118096
vt 0.971591 0.127937
vt 0.977273 0.137778
vt 0.982955 0.147620
vt 0.920455 0.019683
vt 0.926136 0.029524
vt 0.931818 0.039365
vt 0.937500 0.049207
vt 0.943182 0.059048
vt 0.948864 0.068889
vt 0.954545 0.078731
vt 0.960227 0.088572
vt 0.965909 0.098413
vt 0.971591 0.108254
vt 0.977273 0.118096
vt 0.982955 0.127937
vt 0.988636 0.137778
vt 0.994318 0.147620
vt 0.448864 0.147620
vt 0.437501 0.147620
vt 0.426137 0.147620
vt 0.414773 0.147620
vt 0.403410 0.147620
vt 0.392046 0.147620
vt 0.380682 0.147620
vt 0.369319 0.147620
vt 0.357955 0.147620
vt 0.346592 0.147620
vt 0.335228 0.147620
vt 0.323864 0.147620
vt 0.312501 0.147620
vt 0.301137 0.147620
vt 0.289773 0.147620
vt 0.443182 0.137778
vt 0.431819 0.137778
vt 0.437501 0.127937
vt 0.420455 0.137778
vt 0.426137 0.127937
vt 0.431819 0.118096
vt 0.409092 0.137778
vt 0.414773 0.127937
vt 0.420455 0.118096
vt 0.426137 0.108254
vt 0.397728 0.137778
vt 0.403410 0.127937
vt 0.409091 0.118096
vt 0.414773 0.108254
vt 0.420455 0.098413
vt 0.386364 0.137778
vt 0.392046 0.127937
vt 0.397728 0.118096
vt 0.403410 0.108254
vt 0.409091 0.098413
vt 0.414773 0.088572
vt 0.375001 0.137778
vt 0.380682 0.127937
vt 0.386364 0.118096
vt 0.392046 0.108254
vt 0.397728 0.098413
vt 0.403410 0.088572
vt 0.409092 0.078731
vt 0.363637 0.137778
vt 0.369319 0.127937
vt 0.375001 0.118096
vt 0.380682 0.108254
vt 0.386364 0.098413
vt 0.392046 0.088572
vt 0.397728 0.078730
vt 0.403410 0.068889
vt 0.352273 0.137778
vt 0.357955 0.127937
vt 0.363637 0.118096
vt 0.369319 0.108254
vt 0.375001 0.098413
vt 0.380682 0.088572
vt 0.386364 0.078731
vt 0.392046 0.068889
vt 0.397728 0.059048
vt 0.340910 0.137778
vt 0.346592 0.127937
vt 0.352273 0.118096
vt 0.357955 0.108254
vt 0.363637 0.098413
vt 0.369319 0.088572
vt 0.375001 0.078731
vt 0.380682 0.068889
vt 0.386364 0.059048
vt 0.392046 0.049207
vt 0.329546 0.137778
vt 0.335228 0.127937
vt 0.340910 0.118096
vt 0.346592 0.108254
vt 0.352273 0.098413
vt 0.357955 0.088572
vt 0.363637 0.078731
vt 0.369319 0.068889
vt 0.375001 0.059048
vt 0.380682 0.049207
vt 0.386364 0.039365
vt 0.318182 0.137778
vt 0.323864 0.127937
vt 0.329546 0.118096
vt 0.335228 0.108254
vt 0.340910 0.098413
vt 0.346592 0.088572
vt 0.352273 0.078731
vt 0.357955 0.068889
vt 0.363637 0.059048
vt 0.369319 0.049207
vt 0.375001 0.039365
vt 0.380682 0.029524
vt 0.306819 0.137778
vt 0.312501 0.127937
vt 0.318182 0.118096
vt 0.323864 0.108254
vt 0.329546 0.098413
vt 0.335228 0.088572
vt 0.340910 0.078731
vt 0.346592 0.068889
vt 0.352273 0.059048
vt 0.357955 0.049207
vt 0.363637 0.039365
vt 0.369319 0.029524
vt 0.375001 0.019683
vt 0.295455 0.137778
vt 0.301137 0.127937
vt 0.306819 0.118096
vt 0.312501 0.108254
vt 0.318182 0.098413
vt 0.323864 0.088572
vt 0.329546 0.078730
vt 0.335228 0.068889
vt 0.340910 0.059048
vt 0.346592 0.049207
vt 0.352273 0.039365
vt 0.357955 0.029524
vt 0.363637 0.019683
vt 0.369319 0.009841
vt 0.284092 0.137778
vt 0.289773 0.127937
vt 0.295455 0.118096
vt 0.301137 0.108254
vt 0.306819 0.098413
vt 0.312501 0.088572
vt 0.318182 0.078731
vt 0.323864 0.068889
vt 0.329546 0.059048
vt 0.335228 0.049207
vt 0.340910 0.039365
vt 0.346592 0.029524
vt 0.352273 0.019683
vt 0.357955 0.009841
vt 0.363637 0.000000
vt 0.096592 0.147620
vt 0.102274 0.137778
vt 0.107955 0.147620
vt 0.107955 0.127937
vt 0.113637 0.137778
vt 0.113637 0.118096
vt 0.119319 0.127937
vt 0.119319 0.108254
vt 0.125001 0.118096
vt 0.125001 0.098413
vt 0.130683 0.108254
vt 0.130683 0.088572
vt 0.136365 0.098413
vt 0.136365 0.078731
vt 0.142046 0.088572
vt 0.142046 0.068889
vt 0.147728 0.078731
vt 0.147728 0.059048
vt 0.153410 0.068889
vt 0.153410 0.049207
vt 0.159092 0.059048
vt 0.159092 0.039365
vt 0.164774 0.049207
vt 0.164774 0.029524
vt 0.170455 0.039365
vt 0.170455 0.019683
vt 0.176137 0.029524
vt 0.181819 0.019683
vt 0.119319 0.147620
vt 0.125001 0.137778
vt 0.130683 0.147620
vt 0.130683 0.127937
vt 0.136364 0.137778
vt 0.142046 0.147620
vt 0.136364 0.118096
vt 0.142046 0.127937
vt 0.147728 0.137778
vt 0.153410 0.147620
vt 0.142046 0.108254
vt 0.147728 0.118096
vt 0.153410 0.127937
vt 0.159092 0.137778
vt 0.164774 0.147620
vt 0.147728 0.098413
vt 0.153410 0.108254
vt 0.159092 0.118096
vt 0.164774 0.127937
vt 0.170455 0.137778
vt 0.176137 0.147620
vt 0.153410 0.088572
vt 0.159092 0.098413
vt 0.164774 0.108254
vt 0.170455 0.118096
vt 0.176137 0.127937
vt 0.181819 0.137778
vt 0.187501 0.147620
vt 0.159092 0.078731
vt 0.164774 0.088572
vt 0.170455 0.098413
vt 0.176137 0.108254
vt 0.181819 0.118096
vt 0.187501 0.127937
vt 0.193183 0.137778
vt 0.198864 0.147620
vt 0.164774 0.068889
vt 0.170455 0.078731
vt 0.176137 0.088572
vt 0.181819 0.098413
vt 0.187501 0.108254
vt 0.193183 0.118096
vt 0.198864 0.127937
vt 0.204546 0.137778
vt 0.210228 0.147620
vt 0.170455 0.059048
vt 0.176137 0.068889
vt 0.181819 0.078731
vt 0.187501 0.088572
vt 0.193183 0.098413
vt 0.198864 0.108254
vt 0.204546 0.118096
vt 0.210228 0.127937
vt 0.215910 0.137778
vt 0.221592 0.147620
vt 0.176137 0.049207
vt 0.181819 0.059048
vt 0.187501 0.068889
vt 0.193183 0.078731
vt 0.198864 0.088572
vt 0.204546 0.098413
vt 0.210228 0.108254
vt 0.215910 0.118096
vt 0.221592 0.127937
vt 0.227273 0.137778
vt 0.232955 0.147620
vt 0.181819 0.039365
vt 0.187501 0.049207
vt 0.193183 0.059048
vt 0.198864 0.068889
vt 0.204546 0.078731
vt 0.210228 0.088572
vt 0.215910 0.098413
vt 0.221592 0.108254
vt 0.227273 0.118096
vt 0.232955 0.127937
vt 0.238637 0.137778
vt 0.244319 0.147620
vt 0.187501 0.029524
vt 0.193183 0.039365
vt 0.198864 0.049207
vt 0.204546 0.059048
vt 0.210228 0.068889
vt 0.215910 0.078731
vt 0.221592 0.088572
vt 0.227273 0.098413
vt 0.232955 0.108254
vt 0.238637 0.118096
vt 0.244319 0.127937
vt 0.250001 0.137778
vt 0.255683 0.147620
vt 0.193183 0.019683
vt 0.198864 0.029524
vt 0.204546 0.039365
vt 0.210228 0.049207
vt 0.215910 0.059048
vt 0.221592 0.068889
vt 0.227274 0.078731
vt 0.232955 0.088572
vt 0.238637 0.098413
vt 0.244319 0.108254
vt 0.250001 0.118096
vt 0.255683 0.127937
vt 0.261364 0.137778
vt 0.267046 0.147620
s 1
f 1/1/1 28/2/28 27/3/27
f 2/4/2 42/5/42 72/6/72
f 1/7/1 27/8/27 102/9/102
f 1/10/1 102/11/102 132/12/132
f 1/13/1 132/14/132 73/15/73
f 2/4/2 72/6/72 177/16/177
f 3/17/3 57/18/57 207/19/207
f 4/20/4 117/21/117 237/22/237
f 5/23/5 147/24/147 267/25/267
f 6/26/6 162/27/162 297/28/297
f 2/4/2 177/16/177 208/29/208
f 3/17/3 207/19/207 238/30/238
f 4/20/4 237/22/237 268/31/268
f 5/23/5 267/25/267 298/32/298
f 6/26/6 297/28/297 178/33/178
f 7/34/7 327/35/327 402/36/402
f 8/37/8 342/38/342 432/39/432
f 9/40/9 357/41/357 447/42/447
f 10/43/10 372/44/372 462/45/462
f 11/46/11 387/47/387 403/48/403
f 417/49/417 448/50/448 12/51/12
f 416/52/416 463/53/463 417/49/417
f 415/54/415 464/55/464 416/52/416
f 414/56/414 466/57/466 415/54/415
f 413/58/413 469/59/469 414/56/414
f 412/60/412 473/61/473 413/58/413
f 411/62/411 478/63/478 412/60/412
f 410/64/410 484/65/484 411/62/411
f 409/66/409 491/67/491 410/64/410
f 408/68/408 499/69/499 409/66/409
f 407/70/407 508/71/508 408/68/408
f 406/72/406 518/73/518 407/70/407
f 405/74/405 529/75/529 406/72/406
f 404/76/404 541/77/541 405/74/405
f 403/48/403 554/78/554 404/76/404
f 417/49/417 463/53/463 448/50/448
f 463/53/463 449/79/449 448/50/448
f 416/52/416 464/55/464 463/53/463
f 464/55/464 465/80/465 463/53/463
f 463/53/463 465/80/465 449/79/449
f 465/80/465 450/81/450 449/79/449
f 415/54/415 466/57/466 464/55/464
f 466/57/466 467/82/467 464/55/464
f 464/55/464 467/82/467 465/80/465
f 467/82/467 468/83/468 465/80/465
f 465/80/465 468/83/468 450/81/450
f 468/83/468 451/84/451 450/81/450
f 414/56/414 469/59/469 466/57/466
f 469/59/469 470/85/470 466/57/466
f 466/57/466 470/85/470 467/82/467
f 470/85/470 471/86/471 467/82/467
f 467/82/467 471/86/471 468/83/468
f 471/86/471 472/87/472 468/83/468
f 468/83/468 472/87/472 451/84/451
f 472/87/472 452/88/452 451/84/451
f 413/58/413 473/61/473 469/59/469
f 473/61/473 474/89/474 469/59/469
f 469/59/469 474/89/474 470/85/470
f 474/89/474 475/90/475 470/85/470
f 470/85/470 475/90/475 471/86/471
f 475/90/475 476/91/476 471/86/471
f 471/86/471 476/91/476 472/87/472
f 476/91/476 477/92/477 472/87/472
f 472/87/472 477/92/477 452/88/452
f 477/92/477 453/93/453 452/88/452
f 412/60/412 478/63/478 473/61/473
f 478/63/478 479/94/479 473/61/473
f 473/61/473 479/94/479 474/89/474
f 479/94/479 480/95/480 474/89/474
f 474/89/474 480/95/480 475/90/475
f 480/95/480 481/96/481 475/90/475
f 475/90/475 481/96/481 476/91/476
f 481/96/481 482/97/482 476/91/476
f 476/91/476 482/97/482 477/92/477
f 482/97/482 483/98/483 477/92/477
f 477/92/477 483/98/483 453/93/453
f 483/98/483 454/99/454 453/93/453
f 411/62/411 484/65/484 478/63/478
f 484/65/484 485/100/485 478/63/478
f 478/63/478 485/100/485 479/94/479
f 485/100/485 486/101/486 479/94/479
f 479/94/479 486/101/486 480/95/480
f 486/101/486 487/102/487 480/95/480
f 480/95/480 487/102/487 481/96/481
f 487/102/487 488/103/488 481/96/481
f 481/96/481 488/103/488 482/97/482
f 488/103/488 489/104/489 482/97/482
f 482/97/482 489/104/489 483/98/483
f 489/104/489 490/105/490 483/98/483
f 483/98/483 490/105/490 454/99/454
f 490/105/490 455/106/455 454/99/454
f 410/64/410 491/67/491 484/65/484
f 491/67/491 492/107/492 484/65/484
f 484/65/484 492/107/492 485/100/485
f 492/107/492 493/108/493 485/100/485
f 485/100/485 493/108/493 486/101/486
f 493/108/493 494/109/494 486/101/486
f 486/101/486 494/109/494 487/102/487
f 494/109/494 495/110/495 487/102/487
f 487/102/487 495/110/495 488/103/488
f 495/110/495 496/111/496 488/103/488
f 488/103/488 496/111/496 489/104/489
f 496/111/496 497/112/497 489/104/489
f 489/104/489 497/112/497 490/105/490
f 497/112/497 498/113/498 490/105/490
f 490/105/490 498/113/498 455/106/455
f 498/113/498 456/114/456 455/106/455
f 409/66/409 499/69/499 491/67/491
f 499/69/499 500/115/500 491/67/491
f 491/67/491 500/115/500 492/107/492
f 500/115/500 501/116/501 492/107/492
f 492/107/492 501/116/501 493/108/493
f 501/116/501 502/117/502 493/108/493
f 493/108/493 502/117/502 494/109/494
f 502/117/502 503/118/503 494/109/494
f 494/109/494 503/118/503 495/110/495
f 503/118/503 504/119/504 495/110/495
f 495/110/495 504/119/504 496/111/496
f 504/119/504 505/120/505 496/111/496
f 496/111/496 505/120/505 497/112/497
f 505/120/505 506/121/506 497/112/497
f 497/112/497 506/121/506 498/113/498
f 506/121/506 507/122/507 498/113/498
f 498/113/498 507/122/507 456/114/456
f 507/122/507 457/123/457 456/114/456
f 408/68/408 508/71/508 499/69/499
f 508/71/508 509/124/509 499/69/499
f 499/69/499 509/124/509 500/115/500
f 509/124/509 510/125/510 500/115/500
f 500/115/500 510/125/510 501/116/501
f 510/125/510 511/126/511 501/116/501
f 501/116/501 511/126/511 502/117/502
f 511/126/511 512/127/512 502/117/502
f 502/117/502 512/127/512 503/118/503
f 512/127/512 513/128/513 503/118/503
f 503/118/503 513/128/513 504/119/504
f 513/128/513 514/129/514 504/119/504
f 504/119/504 514/129/514 505/120/505
f 514/129/514 515/130/515 505/120/505
f 505/120/505 515/130/515 506/121/506
f 515/130/515 516/131/516 506/121/506
f 506/121/506 516/131/516 507/122/507
f 516/131/516 517/132/517 507/122/507
f 507/122/507 517/132/517 457/123/457
f 517/132/517 458/133/458 457/123/457
f 407/70/407 518/73/518 508/71/508
f 518/73/518 519/134/519 508/71/508
f 508/71/508 519/134/519 509/124/509
f 519/134/519 520/135/520 509/124/509
f 509/124/509 520/135/520 510/125/510
f 520/135/520 521/136/521 510/125/510
f 510/125/510 521/136/521 511/126/511
f 521/136/521 522/137/522 511/126/511
f 511/126/511 522/137/522 512/127/512
f 522/137/522 523/138/523 512/127/512
f 512/127/512 523/138/523 513/128/513
f 523/138/523 524/139/524 513/128/513
f 513/128/513 524/139/524 514/129/514
f 524/139/524 525/140/525 514/129/514
f 514/129/514 525/140/525 515/130/515
f 525/140/525 526/141/526 515/130/515
f 515/130/515 526/141/526 516/131/516
f 526/141/526 527/142/527 516/131/516
f 516/131/516 527/142/527 517/132/517
f 527/142/527 528/143/528 517/132/517
f 517/132/517 528/143/528 458/133/458
f 528/143/528 459/144/459 458/133/458
f 406/72/406 529/75/529 518/73/518
f 529/75/529 530/145/530 518/73/518
f 518/73/518 530/145/530 519/134/519
f 530/145/530 531/146/531 519/134/519
f 519/134/519 531/146/531 520/135/520
f 531/146/531 532/147/532 520/135/520
f 520/135/520 532/147/532 521/136/521
f 532/147/532 533/148/533 521/136/521
f 521/136/521 533/148/533 522/137/522
f 533/148/533 534/149/534 522/137/522
f 522/137/522 534/149/534 523/138/523
f 534/149/534 535/150/535 523/138/523
f 523/138/523 535/150/535 524/139/524
f 535/150/535 536/151/536 524/139/524
f 524/139/524 536/151/536 525/140/525
f 536/151/536 537/152/537 525/140/525
f 525/140/525 537/152/537 526/141/526
f 537/152/537 538/153/538 526/141/526
f 526/141/526 538/153/538 527/142/527
f 538/153/538 539/154/539 527/142/527
f 527/142/527 539/154/539 528/143/528
f 539/154/539 540/155/540 528/143/528
f 528/143/528 540/155/540 459/144/459
f 540/155/540 460/156/460 459/144/459
f 405/74/405 541/77/541 529/75/529
f 541/77/541 542/157/542 529/75/529
f 529/75/529 542/157/542 530/145/530
f 542/157/542 543/158/543 530/145/530
f 530/145/530 543/158/543 531/146/531
f 543/158/543 544/159/544 531/146/531
f 531/146/531 544/159/544 532/147/532
f 544/159/544 545/160/545 532/147/532
f 532/147/532 545/160/545 533/148/533
f 545/160/545 546/161/546 533/148/533
f 533/148/533 546/161/546 534/149/534
f 546/161/546 547/162/547 534/149/534
f 534/149/534 547/162/547 535/150/535
f 547/162/547 548/163/548 535/150/535
f 535/150/535 548/163/548 536/151/536
f 548/163/548 549/164/549 536/151/536
f 536/151/536 549/164/549 537/152/537
f 549/164/549 550/165/550 537/152/537
f 537/152/537 550/165/550 538/153/538
f 550/165/550 551/166/551 538/153/538
f 538/153/538 551/166/551 539/154/539
f 551/166/551 552/167/552 539/154/539
f 539/154/539 552/167/552 540/155/540
f 552/167/552 553/168/553 540/155/540
f 540/155/540 553/168/553 460/156/460
f 553/168/553 461/169/461 460/156/460
f 404/76/404 554/78/554 541/77/541
f 554/78/554 555/170/555 541/77/541
f 541/77/541 555/170/555 542/157/542
f 555/170/555 556/171/556 542/157/542
f 542/157/542 556/171/556 543/158/543
f 556/171/556 557/172/557 543/158/543
f 543/158/543 557/172/557 544/159/544
f 557/172/557 558/173/558 544/159/544
f 544/159/544 558/173/558 545/160/545
f 558/173/558 559/174/559 545/160/545
f 545/160/545 559/174/559 546/161/546
f 559/174/559 560/175/560 546/161/546
f 546/161/546 560/175/560 547/162/547
f 560/175/560 561/176/561 547/162/547
f 547/162/547 561/176/561 548/163/548
f 561/176/561 562/177/562 548/163/548
f 548/163/548 562/177/562 549/164/549
f 562/177/562 563/178/563 549/164/549
f 549/164/549 563/178/563 550/165/550
f 563/178/563 564/179/564 550/165/550
f 550/165/550 564/179/564 551/166/551
f 564/179/564 565/180/565 551/166/551
f 551/166/551 565/180/565 552/167/552
f 565/180/565 566/181/566 552/167/552
f 552/167/552 566/181/566 553/168/553
f 566/181/566 567/182/567 553/168/553
f 553/168/553 567/182/567 461/169/461
f 567/182/567 462/183/462 461/169/461
f 403/48/403 387/47/387 554/78/554
f 387/47/387 386/184/386 554/78/554
f 554/78/554 386/184/386 555/170/555
f 386/184/386 385/185/385 555/170/555
f 555/170/555 385/185/385 556/171/556
f 385/185/385 384/186/384 556/171/556
f 556/171/556 384/186/384 557/172/557
f 384/186/384 383/187/383 557/172/557
f 557/172/557 383/187/383 558/173/558
f 383/187/383 382/188/382 558/173/558
f 558/173/558 382/188/382 559/174/559
f 382/188/382 381/189/381 559/174/559
f 559/174/559 381/189/381 560/175/560
f 381/189/381 380/190/380 560/175/560
f 560/175/560 380/190/380 561/176/561
f 380/190/380 379/191/379 561/176/561
f 561/176/561 379/191/379 562/177/562
f 379/191/379 378/192/378 562/177/562
f 562/177/562 378/192/378 563/178/563
f 378/192/378 377/193/377 563/178/563
f 563/178/563 377/193/377 564/179/564
f 377/193/377 376/194/376 564/179/564
f 564/179/564 376/194/376 565/180/565
f 376/194/376 375/195/375 565/180/565
f 565/180/565 375/195/375 566/181/566
f 375/195/375 374/196/374 566/181/566
f 566/181/566 374/196/374 567/182/567
f 374/196/374 373/197/373 567/182/567
f 567/182/567 373/197/373 462/183/462
f 373/197/373 10/43/10 462/183/462
f 448/198/448 433/199/433 12/200/12
f 449/201/449 568/202/568 448/198/448
f 450/203/450 569/204/569 449/201/449
f 451/205/451 571/206/571 450/203/450
f 452/207/452 574/208/574 451/205/451
f 453/209/453 578/210/578 452/207/452
f 454/211/454 583/212/583 453/209/453
f 455/213/455 589/214/589 454/211/454
f 456/215/456 596/216/596 455/213/455
f 457/217/457 604/218/604 456/215/456
f 458/219/458 613/220/613 457/217/457
f 459/221/459 623/222/623 458/219/458
f 460/223/460 634/224/634 459/221/459
f 461/225/461 646/226/646 460/223/460
f 462/45/462 659/227/659 461/225/461
f 448/198/448 568/202/568 433/199/433
f 568/202/568 434/228/434 433/199/433
f 449/201/449 569/204/569 568/202/568
f 569/204/569 570/229/570 568/202/568
f 568/202/568 570/229/570 434/228/434
f 570/229/570 435/230/435 434/228/434
f 450/203/450 571/206/571 569/204/569
f 571/206/571 572/231/572 569/204/569
f 569/204/569 572/231/572 570/229/570
f 572/231/572 573/232/573 570/229/570
f 570/229/570 573/232/573 435/230/435
f 573/232/573 436/233/436 435/230/435
f 451/205/451 574/208/574 571/206/571
f 574/208/574 575/234/575 571/206/571
f 571/206/571 575/234/575 572/231/572
f 575/234/575 576/235/576 572/231/572
f 572/231/572 576/235/576 573/232/573
f 576/235/576 577/236/577 573/232/573
f 573/232/573 577/236/577 436/233/436
f 577/236/577 437/237/437 436/233/436
f 452/207/452 578/210/578 574/208/574
f 578/210/578 579/238/579 574/208/574
f 574/208/574 579/238/579 575/234/575
f 579/238/579 580/239/580 575/234/575
f 575/234/575 580/239/580 576/235/576
f 580/239/580 581/240/581 576/235/576
f 576/235/576 581/240/581 577/236/577
f 581/240/581 582/241/582 577/236/577
f 577/236/577 582/241/582 437/237/437
f 582/241/582 438/242/438 437/237/437
f 453/209/453 583/212/583 578/210/578
f 583/212/583 584/243/584 578/210/578
f 578/210/578 584/243/584 579/238/579
f 584/243/584 585/244/585 579/238/579
f 579/238/579 585/244/585 580/239/580
f 585/244/585 586/245/586 580/239/580
f 580/239/580 586/245/586 581/240/581
f 586/245/586 587/246/587 581/240/581
f 581/240/581 587/246/587 582/241/582
f 587/246/587 588/247/588 582/241/582
f 582/241/582 588/247/588 438/242/438
f 588/247/588 439/248/439 438/242/438
f 454/211/454 589/214/589 583/212/583
f 589/214/589 590/249/590 583/212/583
f 583/212/583 590/249/590 584/243/584
f 590/249/590 591/250/591 584/243/584
f 584/243/584 591/250/591 585/244/585
f 591/250/591 592/251/592 585/244/585
f 585/244/585 592/251/592 586/245/586
f 592/251/592 593/252/593 586/245/586
f 586/245/586 593/252/593 587/246/587
f 593/252/593 594/253/594 587/246/587
f 587/246/587 594/253/594 588/247/588
f 594/253/594 595/254/595 588/247/588
f 588/247/588 595/254/595 439/248/439
f 595/254/595 440/255/440 439/248/439
f 455/213/455 596/216/596 589/214/589
f 596/216/596 597/256/597 589/214/589
f 589/214/589 597/256/597 590/249/590
f 597/256/597 598/257/598 590/249/590
f 590/249/590 598/257/598 591/250/591
f 598/257/598 599/258/599 591/250/591
f 591/250/591 599/258/599 592/251/592
f 599/258/599 600/259/600 592/251/592
f 592/251/592 600/259/600 593/252/593
f 600/259/600 601/260/601 593/252/593
f 593/252/593 601/260/601 594/253/594
f 601/260/601 602/261/602 594/253/594
f 594/253/594 602/261/602 595/254/595
f 602/261/602 603/262/603 595/254/595
f 595/254/595 603/262/603 440/255/440
f 603/262/603 441/263/441 440/255/440
f 456/215/456 604/218/604 596/216/596
f 604/218/604 605/264/605 596/216/596
f 596/216/596 605/264/605 597/256/597
f 605/264/605 606/265/606 597/256/597
f 597/256/597 606/265/606 598/257/598
f 606/265/606 607/266/607 598/257/598
f 598/257/598 607/266/607 599/258/599
f 607/266/607 608/267/608 599/258/599
f 599/258/599 608/267/608 600/259/600
f 608/267/608 609/268/609 600/259/600
f 600/259/600 609/268/609 601/260/601
f 609/268/609 610/269/610 601/260/601
f 601/260/601 610/269/610 602/261/602
f 610/269/610 611/270/611 602/261/602
f 602/261/602 611/270/611 603/262/603
f 611/270/611 612/271/612 603/262/603
f 603/262/603 612/271/612 441/263/441
f 612/271/612 442/272/442 441/263/441
f 457/217/457 613/220/613 604/218/604
f 613/220/613 614/273/614 604/218/604
f 604/218/604 614/273/614 605/264/605
f 614/273/614 615/274/615 605/264/605
f 605/264/605 615/274/615 606/265/606
f 615/274/615 616/275/616 606/265/606
f 606/265/606 616/275/616 607/266/607
f 616/275/616 617/276/617 607/266/607
f 607/266/607 617/276/617 608/267/608
f 617/276/617 618/277/618 608/267/608
f 608/267/608 618/277/618 609/268/609
f 618/277/618 619/278/619 609/268/609
f 609/268/609 619/278/619 610/269/610
f 619/278/619 620/279/620 610/269/610
f 610/269/610 620/279/620 611/270/611
f 620/279/620 621/280/621 611/270/611
f 611/270/611 621/280/621 612/271/612
f 621/280/621 622/281/622 612/271/612
f 612/271/612 622/281/622 442/272/442
f 622/281/622 443/282/443 442/272/442
f 458/219/458 623/222/623 613/220/613
f 623/222/623 624/283/624 613/220/613
f 613/220/613 624/283/624 614/273/614
f 624/283/624 625/284/625 614/273/614
f 614/273/614 625/284/625 615/274/615
f 625/284/625 626/285/626 615/274/615
f 615/274/615 626/285/626 616/275/616
f 626/285/626 627/286/627 616/275/616
f 616/275/616 627/286/627 617/276/617
f 627/286/627 628/287/628 617/276/617
f 617/276/617 628/287/628 618/277/618
f 628/287/628 629/288/629 618/277/618
f 618/277/618 629/288/629 619/278/619
f 629/288/629 630/289/630 619/278/619
f 619/278/619 630/289/630 620/279/620
f 630/289/630 631/290/631 620/279/620
f 620/279/620 631/290/631 621/280/621
f 631/290/631 632/291/632 621/280/621
f 621/280/621 632/291/632 622/281/622
f 632/291/632 633/292/633 622/281/622
f 622/281/622 633/292/633 443/282/443
f 633/292/633 444/293/444 443/282/443
f 459/221/459 634/224/634 623/222/623
f 634/224/634 635/294/635 623/222/623
f 623/222/623 635/294/635 624/283/624
f 635/294/635 636/295/636 624/283/624
f 624/283/624 636/295/636 625/284/625
f 636/295/636 637/296/637 625/284/625
f 625/284/625 637/296/637 626/285/626
f 637/296/637 638/297/638 626/285/626
f 626/285/626 638/297/638 627/286/627
f 638/297/638 639/298/639 627/286/627
f 627/286/627 639/298/639 628/287/628
f 639/298/639 640/299/640 628/287/628
f 628/287/628 640/299/640 629/288/629
f 640/299/640 641/300/641 629/288/629
f 629/288/629 641/300/641 630/289/630
f 641/300/641 642/301/642 630/289/630
f 630/289/630 642/301/642 631/290/631
f 642/301/642 643/302/643 631/290/631
f 631/290/631 643/302/643 632/291/632
f 643/302/643 644/303/644 632/291/632
f 632/291/632 644/303/644 633/292/633
f 644/303/644 645/304/645 633/292/633
f 633/292/633 645/304/645 444/293/444
f 645/304/645 445/305/445 444/293/444
f 460/223/460 646/226/646 634/224/634
f 646/226/646 647/306/647 634/224/634
f 634/224/634 647/306/647 635/294/635
f 647/306/647 648/307/648 635/294/635
f 635/294/635 648/307/648 636/295/636
f 648/307/648 649/308/649 636/295/636
f 636/295/636 649/308/649 637/296/637
f 649/308/649 650/309/650 637/296/637
f 637/296/637 650/309/650 638/297/638
f 650/309/650 651/310/651 638/297/638
f 638/297/638 651/310/651 639/298/639
f 651/310/651 652/311/652 639/298/639
f 639/298/639 652/311/652 640/299/640
f 652/311/652 653/312/653 640/299/640
f 640/299/640 653/312/653 641/300/641
f 653/312/653 654/313/654 641/300/641
f 641/300/641 654/313/654 642/301/642
f 654/313/654 655/314/655 642/301/642
f 642/301/642 655/314/655 643/302/643
f 655/314/655 656/315/656 643/302/643
f 643/302/643 656/315/656 644/303/644
f 656/315/656 657/316/657 644/303/644
f 644/303/644 657/316/657 645/304/645
f 657/316/657 658/317/658 645/304/645
f 645/304/645 658/317/658 445/305/445
f 658/317/658 446/318/446 445/305/445
f 461/225/461 659/227/659 646/226/646
f 659/227/659 660/319/660 646/226/646
f 646/226/646 660/319/660 647/306/647
f 660/319/660 661/320/661 647/306/647
f 647/306/647 661/320/661 648/307/648
f 661/320/661 662/321/662 648/307/648
f 648/307/648 662/321/662 649/308/649
f 662/321/662 663/322/663 649/308/649
f 649/308/649 663/322/663 650/309/650
f 663/322/663 664/323/664 650/309/650
f 650/309/650 664/323/664 651/310/651
f 664/323/664 665/324/665 651/310/651
f 651/310/651 665/324/665 652/311/652
f 665/324/665 666/325/666 652/311/652
f 652/311/652 666/325/666 653/312/653
f 666/325/666 667/326/667 653/312/653
f 653/312/653 667/326/667 654/313/654
f 667/326/667 668/327/668 654/313/654
f 654/313/654 668/327/668 655/314/655
f 668/327/668 669/328/669 655/314/655
f 655/314/655 669/328/669 656/315/656
f 669/328/669 670/329/670 656/315/656
f 656/315/656 670/329/670 657/316/657
f 670/329/670 671/330/671 657/316/657
f 657/316/657 671/330/671 658/317/658
f 671/330/671 672/331/672 658/317/658
f 658/317/658 672/331/672 446/318/446
f 672/331/672 447/332/447 446/318/446
f 462/45/462 372/44/372 659/227/659
f 372/44/372 371/333/371 659/227/659
f 659/227/659 371/333/371 660/319/660
f 371/333/371 370/334/370 660/319/660
f 660/319/660 370/334/370 661/320/661
f 370/334/370 369/335/369 661/320/661
f 661/320/661 369/335/369 662/321/662
f 369/335/369 368/336/368 662/321/662
f 662/321/662 368/336/368 663/322/663
f 368/336/368 367/337/367 663/322/663
f 663/322/663 367/337/367 664/323/664
f 367/337/367 366/338/366 664/323/664
f 664/323/664 366/338/366 665/324/665
f 366/338/366 365/339/365 665/324/665
f 665/324/665 365/339/365 666/325/666
f 365/339/365 364/340/364 666/325/666
f 666/325/666 364/340/364 667/326/667
f 364/340/364 363/341/363 667/326/667
f 667/326/667 363/341/363 668/327/668
f 363/341/363 362/342/362 668/327/668
f 668/327/668 362/342/362 669/328/669
f 362/342/362 361/343/361 669/328/669
f 669/328/669 361/343/361 670/329/670
f 361/343/361 360/344/360 670/329/670
f 670/329/670 360/344/360 671/330/671
f 360/344/360 359/345/359 671/330/671
f 671/330/671 359/345/359 672/331/672
f 359/345/359 358/346/358 672/331/672
f 672/331/672 358/346/358 447/332/447
f 358/346/358 9/40/9 447/332/447
f 433/347/433 418/348/418 12/349/12
f 434/350/434 673/351/673 433/347/433
f 435/352/435 674/353/674 434/350/434
f 436/354/436 676/355/676 435/352/435
f 437/356/437 679/357/679 436/354/436
f 438/358/438 683/359/683 437/356/437
f 439/360/439 688/361/688 438/358/438
f 440/362/440 694/363/694 439/360/439
f 441/364/441 701/365/701 440/362/440
f 442/366/442 709/367/709 441/364/441
f 443/368/443 718/369/718 442/366/442
f 444/370/444 728/371/728 443/368/443
f 445/372/445 739/373/739 444/370/444
f 446/374/446 751/375/751 445/372/445
f 447/42/447 764/376/764 446/374/446
f 433/347/433 673/351/673 418/348/418
f 673/351/673 419/377/419 418/348/418
f 434/350/434 674/353/674 673/351/673
f 674/353/674 675/378/675 673/351/673
f 673/351/673 675/378/675 419/377/419
f 675/378/675 420/379/420 419/377/419
f 435/352/435 676/355/676 674/353/674
f 676/355/676 677/380/677 674/353/674
f 674/353/674 677/380/677 675/378/675
f 677/380/677 678/381/678 675/378/675
f 675/378/675 678/381/678 420/379/420
f 678/381/678 421/382/421 420/379/420
f 436/354/436 679/357/679 676/355/676
f 679/357/679 680/383/680 676/355/676
f 676/355/676 680/383/680 677/380/677
f 680/383/680 681/384/681 677/380/677
f 677/380/677 681/384/681 678/381/678
f 681/384/681 682/385/682 678/381/678
f 678/381/678 682/385/682 421/382/421
f 682/385/682 422/386/422 421/382/421
f 437/356/437 683/359/683 679/357/679
f 683/359/683 684/387/684 679/357/679
f 679/357/679 684/387/684 680/383/680
f 684/387/684 685/388/685 680/383/680
f 680/383/680 685/388/685 681/384/681
f 685/388/685 686/389/686 681/384/681
f 681/384/681 686/389/686 682/385/682
f 686/389/686 687/390/687 682/385/682
f 682/385/682 687/390/687 422/386/422
f 687/390/687 423/391/423 422/386/422
f 438/358/438 688/361/688 683/359/683
f 688/361/688 689/392/689 683/359/683
f 683/359/683 689/392/689 684/387/684
f 689/392/689 690/393/690 684/387/684
f 684/387/684 690/393/690 685/388/685
f 690/393/690 691/394/691 685/388/685
f 685/388/685 691/394/691 686/389/686
f 691/394/691 692/395/692 686/389/686
f 686/389/686 692/395/692 687/390/687
f 692/395/692 693/396/693 687/390/687
f 687/390/687 693/396/693 423/391/423
f 693/396/693 424/397/424 423/391/423
f 439/360/439 694/363/694 688/361/688
f 694/363/694 695/398/695 688/361/688
f 688/361/688 695/398/695 689/392/689
f 695/398/695 696/399/696 689/392/689
f 689/392/689 696/399/696 690/393/690
f 696/399/696 697/400/697 690/393/690
f 690/393/690 697/400/697 691/394/691
f 697/400/697 698/401/698 691/394/691
f 691/394/691 698/401/698 692/395/692
f 698/401/698 699/402/699 692/395/692
f 692/395/692 699/402/699 693/396/693
f 699/402/699 700/403/700 693/396/693
f 693/396/693 700/403/700 424/397/424
f 700/403/700 425/404/425 424/397/424
f 440/362/440 701/365/701 694/363/694
f 701/365/701 702/405/702 694/363/694
f 694/363/694 702/405/702 695/398/695
f 702/405/702 703/406/703 695/398/695
f 695/398/695 703/406/703 696/399/696
f 703/406/703 704/407/704 696/399/696
f 696/399/696 704/407/704 697/400/697
f 704/407/704 705/408/705 697/400/697
f 697/400/697 705/408/705 698/401/698
f 705/408/705 706/409/706 698/401/698
f 698/401/698 706/409/706 699/402/699
f 706/409/706 707/410/707 699/402/699
f 699/402/699 707/410/707 700/403/700
f 707/410/707 708/411/708 700/403/700
f 700/403/700 708/411/708 425/404/425
f 708/411/708 426/412/426 425/404/425
f 441/364/441 709/367/709 701/365/701
f 709/367/709 710/413/710 701/365/701
f 701/365/701 710/413/710 702/405/702
f 710/413/710 711/414/711 702/405/702
f 702/405/702 711/414/711 703/406/703
f 711/414/711 712/415/712 703/406/703
f 703/406/703 712/415/712 704/407/704
f 712/415/712 713/416/713 704/407/704
f 704/407/704 713/416/713 705/408/705
f 713/416/713 714/417/714 705/408/705
f 705/408/705 714/417/714 706/409/706
f 714/417/714 715/418/715 706/409/706
f 706/409/706 715/418/715 707/410/707
f 715/418/715 716/419/716 707/410/707
f 707/410/707 716/419/716 708/411/708
f 716/419/716 717/420/717 708/411/708
f 708/411/708 717/420/717 426/412/426
f 717/420/717 427/421/427 426/412/426
f 442/366/442 718/369/718 709/367/709
f 718/369/718 719/422/719 709/367/709
f 709/367/709 719/422/719 710/413/710
f 719/422/719 720/423/720 710/413/710
f 710/413/710 720/423/720 711/414/711
f 720/423/720 721/424/721 711/414/711
f 711/414/711 721/424/721 712/415/712
f 721/424/721 722/425/722 712/415/712
f 712/415/712 722/425/722 713/416/713
f 722/425/722 723/426/723 713/416/713
f 713/416/713 723/426/723 714/417/714
f 723/426/723 724/427/724 714/417/714
f 714/417/714 724/427/724 715/418/715
f 724/427/724 725/428/725 715/418/715
f 715/418/715 725/428/725 716/419/716
f 725/428/725 726/429/726 716/419/716
f 716/419/716 726/429/726 717/420/717
f 726/429/726 727/430/727 717/420/717
f 717/420/717 727/430/727 427/421/427
f 727/430/727 428/431/428 427/421/427
f 443/368/443 728/371/728 718/369/718
f 728/371/728 729/432/729 718/369/718
f 718/369/718 729/432/729 719/422/719
f 729/432/729 730/433/730 719/422/719
f 719/422/719 730/433/730 720/423/720
f 730/433/730 731/434/731 720/423/720
f 720/423/720 731/434/731 721/424/721
f 731/434/731 732/435/732 721/424/721
f 721/424/721 732/435/732 722/425/722
f 732/435/732 733/436/733 722/425/722
f 722/425/722 733/436/733 723/426/723
f 733/436/733 734/437/734 723/426/723
f 723/426/723 734/437/734 724/427/724
f 734/437/734 735/438/735 724/427/724
f 724/427/724 735/438/735 725/428/725
f 735/438/735 736/439/736 725/428/725
f 725/428/725 736/439/736 726/429/726
f 736/439/736 737/440/737 726/429/726
f 726/429/726 737/440/737 727/430/727
f 737/440/737 738/441/738 727/430/727
f 727/430/727 738/441/738 428/431/428
f 738/441/738 429/442/429 428/431/428
f 444/370/444 739/373/739 728/371/728
f 739/373/739 740/443/740 728/371/728
f 728/371/728 740/443/740 729/432/729
f 740/443/740 741/444/741 729/432/729
f 729/432/729 741/444/741 730/433/730
f 741/444/741 742/445/742 730/433/730
f 730/433/730 742/445/742 731/434/731
f 742/445/742 743/446/743 731/434/731
f 731/434/731 743/446/743 732/435/732
f 743/446/743 744/447/744 732/435/732
f 732/435/732 744/447/744 733/436/733
f 744/447/744 745/448/745 733/436/733
f 733/436/733 745/448/745 734/437/734
f 745/448/745 746/449/746 734/437/734
f 734/437/734 746/449/746 735/438/735
f 746/449/746 747/450/747 735/438/735
f 735/438/735 747/450/747 736/439/736
f 747/450/747 748/451/748 736/439/736
f 736/439/736 748/451/748 737/440/737
f 748/451/748 749/452/749 737/440/737
f 737/440/737 749/452/749 738/441/738
f 749/452/749 750/453/750 738/441/738
f 738/441/738 750/453/750 429/442/429
f 750/453/750 430/454/430 429/442/429
f 445/372/445 751/375/751 739/373/739
f 751/375/751 752/455/752 739/373/739
f 739/373/739 752/455/752 740/443/740
f 752/455/752 753/456/753 740/443/740
f 740/443/740 753/456/753 741/444/741
f 753/456/753 754/457/754 741/444/741
f 741/444/741 754/457/754 742/445/742
f 754/457/754 755/458/755 742/445/742
f 742/445/742 755/458/755 743/446/743
f 755/458/755 756/459/756 743/446/743
f 743/446/743 756/459/756 744/447/744
f 756/459/756 757/460/757 744/447/744
f 744/447/744 757/460/757 745/448/745
f 757/460/757 758/461/758 745/448/745
f 745/448/745 758/461/758 746/449/746
f 758/461/758 759/462/759 746/449/746
f 746/449/746 759/462/759 747/450/747
f 759/462/759 760/463/760 747/450/747
f 747/450/747 760/463/760 748/451/748
f 760/463/760 761/464/761 748/451/748
f 748/451/748 761/464/761 749/452/749
f 761/464/761 762/465/762 749/452/749
f 749/452/749 762/465/762 750/453/750
f 762/465/762 763/466/763 750/453/750
f 750/453/750 763/466/763 430/454/430
f 763/466/763 431/467/431 430/454/430
f 446/374/446 764/376/764 751/375/751
f 764/376/764 765/468/765 751/375/751
f 751/375/751 765/468/765 752/455/752
f 765/468/765 766/469/766 752/455/752
f 752/455/752 766/469/766 753/456/753
f 766/469/766 767/470/767 753/456/753
f 753/456/753 767/470/767 754/457/754
f 767/470/767 768/471/768 754/457/754
f 754/457/754 768/471/768 755/458/755
f 768/471/768 769/472/769 755/458/755
f 755/458/755 769/472/769 756/459/756
f 769/472/769 770/473/770 756/459/756
f 756/459/756 770/473/770 757/460/757
f 770/473/770 771/474/771 757/460/757
f 757/460/757 771/474/771 758/461/758
f 771/474/771 772/475/772 758/461/758
f 758/461/758 772/475/772 759/462/759
f 772/475/772 773/476/773 759/462/759
f 759/462/759 773/476/773 760/463/760
f 773/476/773 774/477/774 760/463/760
f 760/463/760 774/477/774 761/464/761
f 774/477/774 775/478/775 761/464/761
f 761/464/761 775/478/775 762/465/762
f 775/478/775 776/479/776 762/465/762
f 762/465/762 776/479/776 763/466/763
f 776/479/776 777/480/777 763/466/763
f 763/466/763 777/480/777 431/467/431
f 777/480/777 432/481/432 431/467/431
f 447/42/447 357/41/357 764/376/764
f 357/41/357 356/482/356 764/376/764
f 764/376/764 356/482/356 765/468/765
f 356/482/356 355/483/355 765/468/765
f 765/468/765 355/483/355 766/469/766
f 355/483/355 354/484/354 766/469/766
f 766/469/766 354/484/354 767/470/767
f 354/484/354 353/485/353 767/470/767
f 767/470/767 353/485/353 768/471/768
f 353/485/353 352/486/352 768/471/768
f 768/471/768 352/486/352 769/472/769
f 352/486/352 351/487/351 769/472/769
f 769/472/769 351/487/351 770/473/770
f 351/487/351 350/488/350 770/473/770
f 770/473/770 350/488/350 771/474/771
f 350/488/350 349/489/349 771/474/771
f 771/474/771 349/489/349 772/475/772
f 349/489/349 348/490/348 772/475/772
f 772/475/772 348/490/348 773/476/773
f 348/490/348 347/491/347 773/476/773
f 773/476/773 347/491/347 774/477/774
f 347/491/347 346/492/346 774/477/774
f 774/477/774 346/492/346 775/478/775
f 346/492/346 345/493/345 775/478/775
f 775/478/775 345/493/345 776/479/776
f 345/493/345 344/494/344 776/479/776
f 776/479/776 344/494/344 777/480/777
f 344/494/344 343/495/343 777/480/777
f 777/480/777 343/495/343 432/481/432
f 343/495/343 8/496/8 432/481/432
f 418/497/418 388/498/388 12/499/12
f 419/500/419 778/501/778 418/497/418
f 420/502/420 779/503/779 419/500/419
f 421/504/421 781/505/781 420/502/420
f 422/506/422 784/507/784 421/504/421
f 423/508/423 788/509/788 422/506/422
f 424/510/424 793/511/793 423/508/423
f 425/512/425 799/513/799 424/510/424
f 426/514/426 806/515/806 425/512/425
f 427/516/427 814/517/814 426/514/426
f 428/518/428 823/519/823 427/516/427
f 429/520/429 833/521/833 428/518/428
f 430/522/430 844/523/844 429/520/429
f 431/524/431 856/525/856 430/522/430
f 432/39/432 869/526/869 431/524/431
f 418/497/418 778/501/778 388/498/388
f 778/501/778 389/527/389 388/498/388
f 419/500/419 779/503/779 778/501/778
f 779/503/779 780/528/780 778/501/778
f 778/501/778 780/528/780 389/527/389
f 780/528/780 390/529/390 389/527/389
f 420/502/420 781/505/781 779/503/779
f 781/505/781 782/530/782 779/503/779
f 779/503/779 782/530/782 780/528/780
f 782/530/782 783/531/783 780/528/780
f 780/528/780 783/531/783 390/529/390
f 783/531/783 391/532/391 390/529/390
f 421/504/421 784/507/784 781/505/781
f 784/507/784 785/533/785 781/505/781
f 781/505/781 785/533/785 782/530/782
f 785/533/785 786/534/786 782/530/782
f 782/530/782 786/534/786 783/531/783
f 786/534/786 787/535/787 783/531/783
f 783/531/783 787/535/787 391/532/391
f 787/535/787 392/536/392 391/532/391
f 422/506/422 788/509/788 784/507/784
f 788/509/788 789/537/789 784/507/784
f 784/507/784 789/537/789 785/533/785
f 789/537/789 790/538/790 785/533/785
f 785/533/785 790/538/790 786/534/786
f 790/538/790 791/539/791 786/534/786
f 786/534/786 791/539/791 787/535/787
f 791/539/791 792/540/792 787/535/787
f 787/535/787 792/540/792 392/536/392
f 792/540/792 393/541/393 392/536/392
f 423/508/423 793/511/793 788/509/788
f 793/511/793 794/542/794 788/509/788
f 788/509/788 794/542/794 789/537/789
f 794/542/794 795/543/795 789/537/789
f 789/537/789 795/543/795 790/538/790
f 795/543/795 796/544/796 790/538/790
f 790/538/790 796/544/796 791/539/791
f 796/544/796 797/545/797 791/539/791
f 791/539/791 797/545/797 792/540/792
f 797/545/797 798/546/798 792/540/792
f 792/540/792 798/546/798 393/541/393
f 798/546/798 394/547/394 393/541/393
f 424/510/424 799/513/799 793/511/793
f 799/513/799 800/548/800 793/511/793
f 793/511/793 800/548/800 794/542/794
f 800/548/800 801/549/801 794/542/794
f 794/542/794 801/549/801 795/543/795
f 801/549/801 802/550/802 795/543/795
f 795/543/795 802/550/802 796/544/796
f 802/550/802 803/551/803 796/544/796
f 796/544/796 803/551/803 797/545/797
f 803/551/803 804/552/804 797/545/797
f 797/545/797 804/552/804 798/546/798
f 804/552/804 805/553/805 798/546/798
f 798/546/798 805/553/805 394/547/394
f 805/553/805 395/554/395 394/547/394
f 425/512/425 806/515/806 799/513/799
f 806/515/806 807/555/807 799/513/799
f 799/513/799 807/555/807 800/548/800
f 807/555/807 808/556/808 800/548/800
f 800/548/800 808/556/808 801/549/801
f 808/556/808 809/557/809 801/549/801
f 801/549/801 809/557/809 802/550/802
f 809/557/809 810/558/810 802/550/802
f 802/550/802 810/558/810 803/551/803
f 810/558/810 811/559/811 803/551/803
f 803/551/803 811/559/811 804/552/804
f 811/559/811 812/560/812 804/552/804
f 804/552/804 812/560/812 805/553/805
f 812/560/812 813/561/813 805/553/805
f 805/553/805 813/561/813 395/554/395
f 813/561/813 396/562/396 395/554/395
f 426/514/426 814/517/814 806/515/806
f 814/517/814 815/563/815 806/515/806
f 806/515/806 815/563/815 807/555/807
f 815/563/815 816/564/816 807/555/807
f 807/555/807 816/564/816 808/556/808
f 816/564/816 817/565/817 808/556/808
f 808/556/808 817/565/817 809/557/809
f 817/565/817 818/566/818 809/557/809
f 809/557/809 818/566/818 810/558/810
f 818/566/818 819/567/819 810/558/810
f 810/558/810 819/567/819 811/559/811
f 819/567/819 820/568/820 811/559/811
f 811/559/811 820/568/820 812/560/812
f 820/568/820 821/569/821 812/560/812
f 812/560/812 821/569/821 813/561/813
f 821/569/821 822/570/822 813/561/813
f 813/561/813 822/570/822 396/562/396
f 822/570/822 397/571/397 396/562/396
f 427/516/427 823/519/823 814/517/814
f 823/519/823 824/572/824 814/517/814
f 814/517/814 824/572/824 815/563/815
f 824/572/824 825/573/825 815/563/815
f 815/563/815 825/573/825 816/564/816
f 825/573/825 826/574/826 816/564/816
f 816/564/816 826/574/826 817/565/817
f 826/574/826 827/575/827 817/565/817
f 817/565/817 827/575/827 818/566/818
f 827/575/827 828/576/828 818/566/818
f 818/566/818 828/576/828 819/567/819
f 828/576/828 829/577/829 819/567/819
f 819/567/819 829/577/829 820/568/820
f 829/577/829 830/578/830 820/568/820
f 820/568/820 830/578/830 821/569/821
f 830/578/830 831/579/831 821/569/821
f 821/569/821 831/579/831 822/570/822
f 831/579/831 832/580/832 822/570/822
f 822/570/822 832/580/832 397/571/397
f 832/580/832 398/581/398 397/571/397
f 428/518/428 833/521/833 823/519/823
f 833/521/833 834/582/834 823/519/823
f 823/519/823 834/582/834 824/572/824
f 834/582/834 835/583/835 824/572/824
f 824/572/824 835/583/835 825/573/825
f 835/583/835 836/584/836 825/573/825
f 825/573/825 836/584/836 826/574/826
f 836/584/836 837/585/837 826/574/826
f 826/574/826 837/585/837 827/575/827
f 837/585/837 838/586/838 827/575/827
f 827/575/827 838/586/838 828/576/828
f 838/586/838 839/587/839 828/576/828
f 828/576/828 839/587/839 829/577/829
f 839/587/839 840/588/840 829/577/829
f 829/577/829 840/588/840 830/578/830
f 840/588/840 841/589/841 830/578/830
f 830/578/830 841/589/841 831/579/831
f 841/589/841 842/590/842 831/579/831
f 831/579/831 842/590/842 832/580/832
f 842/590/842 843/591/843 832/580/832
f 832/580/832 843/591/843 398/581/398
f 843/591/843 399/592/399 398/581/398
f 429/520/429 844/523/844 833/521/833
f 844/523/844 845/593/845 833/521/833
f 833/521/833 845/593/845 834/582/834
f 845/593/845 846/594/846 834/582/834
f 834/582/834 846/594/846 835/583/835
f 846/594/846 847/595/847 835/583/835
f 835/583/835 847/595/847 836/584/836
f 847/595/847 848/596/848 836/584/836
f 836/584/836 848/596/848 837/585/837
f 848/596/848 849/597/849 837/585/837
f 837/585/837 849/597/849 838/586/838
f 849/597/849 850/598/850 838/586/838
f 838/586/838 850/598/850 839/587/839
f 850/598/850 851/599/851 839/587/839
f 839/587/839 851/599/851 840/588/840
f 851/599/851 852/600/852 840/588/840
f 840/588/840 852/600/852 841/589/841
f 852/600/852 853/601/853 841/589/841
f 841/589/841 853/601/853 842/590/842
f 853/601/853 854/602/854 842/590/842
f 842/590/842 854/602/854 843/591/843
f 854/602/854 855/603/855 843/591/843
f 843/591/843 855/603/855 399/592/399
f 855/603/855 400/604/400 399/592/399
f 430/522/430 856/525/856 844/523/844
f 856/525/856 857/605/857 844/523/844
f 844/523/844 857/605/857 845/593/845
f 857/605/857 858/606/858 845/593/845
f 845/593/845 858/606/858 846/594/846
f 858/606/858 859/607/859 846/594/846
f 846/594/846 859/607/859 847/595/847
f 859/607/859 860/608/860 847/595/847
f 847/595/847 860/608/860 848/596/848
f 860/608/860 861/609/861 848/596/848
f 848/596/848 861/609/861 849/597/849
f 861/609/861 862/610/862 849/597/849
f 849/597/849 862/610/862 850/598/850
f 862/610/862 863/611/863 850/598/850
f 850/598/850 863/611/863 851/599/851
f 863/611/863 864/612/864 851/599/851
f 851/599/851 864/612/864 852/600/852
f 864/612/864 865/613/865 852/600/852
f 852/600/852 865/613/865 853/601/853
f 865/613/865 866/614/866 853/601/853
f 853/601/853 866/614/866 854/602/854
f 866/614/866 867/615/867 854/602/854
f 854/602/854 867/615/867 855/603/855
f 867/615/867 868/616/868 855/603/855
f 855/603/855 868/616/868 400/604/400
f 868/616/868 401/617/401 400/604/400
f 431/524/431 869/526/869 856/525/856
f 869/526/869 870/618/870 856/525/856
f 856/525/856 870/618/870 857/605/857
f 870/618/870 871/619/871 857/605/857
f 857/605/857 871/619/871 858/606/858
f 871/619/871 872/620/872 858/606/858
f 858/606/858 872/620/872 859/607/859
f 872/620/872 873/621/873 859/607/859
f 859/607/859 873/621/873 860/608/860
f 873/621/873 874/622/874 860/608/860
f 860/608/860 874/622/874 861/609/861
f 874/622/874 875/623/875 861/609/861
f 861/609/861 875/623/875 862/610/862
f 875/623/875 876/624/876 862/610/862
f 862/610/862 876/624/876 863/611/863
f 876/624/876 877/625/877 863/611/863
f 863/611/863 877/625/877 864/612/864
f 877/625/877 878/626/878 864/612/864
f 864/612/864 878/626/878 865/613/865
f 878/626/878 879/627/879 865/613/865
f 865/613/865 879/627/879 866/614/866
f 879/627/879 880/628/880 866/614/866
f 866/614/866 880/628/880 867/615/867
f 880/628/880 881/629/881 867/615/867
f 867/615/867 881/629/881 868/616/868
f 881/629/881 882/630/882 868/616/868
f 868/616/868 882/630/882 401/617/401
f 882/630/882 402/631/402 401/617/401
f 432/39/432 342/38/342 869/526/869
f 342/38/342 341/632/341 869/526/869
f 869/526/869 341/632/341 870/618/870
f 341/632/341 340/633/340 870/618/870
f 870/618/870 340/633/340 871/619/871
f 340/633/340 339/634/339 871/619/871
f 871/619/871 339/634/339 872/620/872
f 339/634/339 338/635/338 872/620/872
f 872/620/872 338/635/338 873/621/873
f 338/635/338 337/636/337 873/621/873
f 873/621/873 337/636/337 874/622/874
f 337/636/337 336/637/336 874/622/874
f 874/622/874 336/637/336 875/623/875
f 336/637/336 335/638/335 875/623/875
f 875/623/875 335/638/335 876/624/876
f 335/638/335 334/639/334 876/624/876
f 876/624/876 334/639/334 877/625/877
f 334/639/334 333/640/333 877/625/877
f 877/625/877 333/640/333 878/626/878
f 333/640/333 332/641/332 878/626/878
f 878/626/878 332/641/332 879/627/879
f 332/641/332 331/642/331 879/627/879
f 879/627/879 331/642/331 880/628/880
f 331/642/331 330/643/330 880/628/880
f 880/628/880 330/643/330 881/629/881
f 330/643/330 329/644/329 881/629/881
f 881/629/881 329/644/329 882/630/882
f 329/644/329 328/645/328 882/630/882
f 882/630/882 328/645/328 402/631/402
f 328/645/328 7/34/7 402/631/402
f 388/646/388 417/647/417 12/648/12
f 389/649/389 883/650/883 388/646/388
f 390/651/390 884/652/884 389/649/389
f 391/653/391 886/654/886 390/651/390
f 392/655/392 889/656/889 391/653/391
f 393/657/393 893/658/893 392/655/392
f 394/659/394 898/660/898 393/657/393
f 395/661/395 904/662/904 394/659/394
f 396/663/396 911/664/911 395/661/395
f 397/665/397 919/666/919 396/663/396
f 398/667/398 928/668/928 397/665/397
f 399/669/399 938/670/938 398/667/398
f 400/671/400 949/672/949 399/669/399
f 401/673/401 961/674/961 400/671/400
f 402/36/402 974/675/974 401/673/401
f 388/646/388 883/650/883 417/647/417
f 883/650/883 416/676/416 417/647/417
f 389/649/389 884/652/884 883/650/883
f 884/652/884 885/677/885 883/650/883
f 883/650/883 885/677/885 416/676/416
f 885/677/885 415/678/415 416/676/416
f 390/651/390 886/654/886 884/652/884
f 886/654/886 887/679/887 884/652/884
f 884/652/884 887/679/887 885/677/885
f 887/679/887 888/680/888 885/677/885
f 885/677/885 888/680/888 415/678/415
f 888/680/888 414/681/414 415/678/415
f 391/653/391 889/656/889 886/654/886
f 889/656/889 890/682/890 886/654/886
f 886/654/886 890/682/890 887/679/887
f 890/682/890 891/683/891 887/679/887
f 887/679/887 891/683/891 888/680/888
f 891/683/891 892/684/892 888/680/888
f 888/680/888 892/684/892 414/681/414
f 892/684/892 413/685/413 414/681/414
f 392/655/392 893/658/893 889/656/889
f 893/658/893 894/686/894 889/656/889
f 889/656/889 894/686/894 890/682/890
f 894/686/894 895/687/895 890/682/890
f 890/682/890 895/687/895 891/683/891
f 895/687/895 896/688/896 891/683/891
f 891/683/891 896/688/896 892/684/892
f 896/688/896 897/689/897 892/684/892
f 892/684/892 897/689/897 413/685/413
f 897/689/897 412/690/412 413/685/413
f 393/657/393 898/660/898 893/658/893
f 898/660/898 899/691/899 893/658/893
f 893/658/893 899/691/899 894/686/894
f 899/691/899 900/692/900 894/686/894
f 894/686/894 900/692/900 895/687/895
f 900/692/900 901/693/901 895/687/895
f 895/687/895 901/693/901 896/688/896
f 901/693/901 902/694/902 896/688/896
f 896/688/896 902/694/902 897/689/897
f 902/694/902 903/695/903 897/689/897
f 897/689/897 903/695/903 412/690/412
f 903/695/903 411/696/411 412/690/412
f 394/659/394 904/662/904 898/660/898
f 904/662/904 905/697/905 898/660/898
f 898/660/898 905/697/905 899/691/899
f 905/697/905 906/698/906 899/691/899
f 899/691/899 906/698/906 900/692/900
f 906/698/906 907/699/907 900/692/900
f 900/692/900 907/699/907 901/693/901
f 907/699/907 908/700/908 901/693/901
f 901/693/901 908/700/908 902/694/902
f 908/700/908 909/701/909 902/694/902
f 902/694/902 909/701/909 903/695/903
f 909/701/909 910/702/910 903/695/903
f 903/695/903 910/702/910 411/696/411
f 910/702/910 410/703/410 411/696/411
f 395/661/395 911/664/911 904/662/904
f 911/664/911 912/704/912 904/662/904
f 904/662/904 912/704/912 905/697/905
f 912/704/912 913/705/913 905/697/905
f 905/697/905 913/705/913 906/698/906
f 913/705/913 914/706/914 906/698/906
f 906/698/906 914/706/914 907/699/907
f 914/706/914 915/707/915 907/699/907
f 907/699/907 915/707/915 908/700/908
f 915/707/915 916/708/916 908/700/908
f 908/700/908 916/708/916 909/701/909
f 916/708/916 917/709/917 909/701/909
f 909/701/909 917/709/917 910/702/910
f 917/709/917 918/710/918 910/702/910
f 910/702/910 918/710/918 410/703/410
f 918/710/918 409/711/409 410/703/410
f 396/663/396 919/666/919 911/664/911
f 919/666/919 920/712/920 911/664/911
f 911/664/911 920/712/920 912/704/912
f 920/712/920 921/713/921 912/704/912
f 912/704/912 921/713/921 913/705/913
f 921/713/921 922/714/922 913/705/913
f 913/705/913 922/714/922 914/706/914
f 922/714/922 923/715/923 914/706/914
f 914/706/914 923/715/923 915/707/915
f 923/715/923 924/716/924 915/707/915
f 915/707/915 924/716/924 916/708/916
f 924/716/924 925/717/925 916/708/916
f 916/708/916 925/717/925 917/709/917
f 925/717/925 926/718/926 917/709/917
f 917/709/917 926/718/926 918/710/918
f 926/718/926 927/719/927 918/710/918
f 918/710/918 927/719/927 409/711/409
f 927/719/927 408/720/408 409/711/409
f 397/665/397 928/668/928 919/666/919
f 928/668/928 929/721/929 919/666/919
f 919/666/919 929/721/929 920/712/920
f 929/721/929 930/722/930 920/712/920
f 920/712/920 930/722/930 921/713/921
f 930/722/930 931/723/931 921/713/921
f 921/713/921 931/723/931 922/714/922
f 931/723/931 932/724/932 922/714/922
f 922/714/922 932/724/932 923/715/923
f 932/724/932 933/725/933 923/715/923
f 923/715/923 933/725/933 924/716/924
f 933/725/933 934/726/934 924/716/924
f 924/716/924 934/726/934 925/717/925
f 934/726/934 935/727/935 925/717/925
f 925/717/925 935/727/935 926/718/926
f 935/727/935 936/728/936 926/718/926
f 926/718/926 936/728/936 927/719/927
f 936/728/936 937/729/937 927/719/927
f 927/719/927 937/729/937 408/720/408
f 937/729/937 407/730/407 408/720/408
f 398/667/398 938/670/938 928/668/928
f 938/670/938 939/731/939 928/668/928
f 928/668/928 939/731/939 929/721/929
f 939/731/939 940/732/940 929/721/929
f 929/721/929 940/732/940 930/722/930
f 940/732/940 941/733/941 930/722/930
f 930/722/930 941/733/941 931/723/931
f 941/733/941 942/734/942 931/723/931
f 931/723/931 942/734/942 932/724/932
f 942/734/942 943/735/943 932/724/932
f 932/724/932 943/735/943 933/725/933
f 943/735/943 944/736/944 933/725/933
f 933/725/933 944/736/944 934/726/934
f 944/736/944 945/737/945 934/726/934
f 934/726/934 945/737/945 935/727/935
f 945/737/945 946/738/946 935/727/935
f 935/727/935 946/738/946 936/728/936
f 946/738/946 947/739/947 936/728/936
f 936/728/936 947/739/947 937/729/937
f 947/739/947 948/740/948 937/729/937
f 937/729/937 948/740/948 407/730/407
f 948/740/948 406/741/406 407/730/407
f 399/669/399 949/672/949 938/670/938
f 949/672/949 950/742/950 938/670/938
f 938/670/938 950/742/950 939/731/939
f 950/742/950 951/743/951 939/731/939
f 939/731/939 951/743/951 940/732/940
f 951/743/951 952/744/952 940/732/940
f 940/732/940 952/744/952 941/733/941
f 952/744/952 953/745/953 941/733/941
f 941/733/941 953/745/953 942/734/942
f 953/745/953 954/746/954 942/734/942
f 942/734/942 954/746/954 943/735/943
f 954/746/954 955/747/955 943/735/943
f 943/735/943 955/747/955 944/736/944
f 955/747/955 956/748/956 944/736/944
f 944/736/944 956/748/956 945/737/945
f 956/748/956 957/749/957 945/737/945
f 945/737/945 957/749/957 946/738/946
f 957/749/957 958/750/958 946/738/946
f 946/738/946 958/750/958 947/739/947
f 958/750/958 959/751/959 947/739/947
f 947/739/947 959/751/959 948/740/948
f 959/751/959 960/752/960 948/740/948
f 948/740/948 960/752/960 406/741/406
f 960/752/960 405/753/405 406/741/406
f 400/671/400 961/674/961 949/672/949
f 961/674/961 962/754/962 949/672/949
f 949/672/949 962/754/962 950/742/950
f 962/754/962 963/755/963 950/742/950
f 950/742/950 963/755/963 951/743/951
f 963/755/963 964/756/964 951/743/951
f 951/743/951 964/756/964 952/744/952
f 964/756/964 965/757/965 952/744/952
f 952/744/952 965/757/965 953/745/953
f 965/757/965 966/758/966 953/745/953
f 953/745/953 966/758/966 954/746/954
f 966/758/966 967/759/967 954/746/954
f 954/746/954 967/759/967 955/747/955
f 967/759/967 968/760/968 955/747/955
f 955/747/955 968/760/968 956/748/956
f 968/760/968 969/761/969 956/748/956
f 956/748/956 969/761/969 957/749/957
f 969/761/969 970/762/970 957/749/957
f 957/749/957 970/762/970 958/750/958
f 970/762/970 971/763/971 958/750/958
f 958/750/958 971/763/971 959/751/959
f 971/763/971 972/764/972 959/751/959
f 959/751/959 972/764/972 960/752/960
f 972/764/972 973/765/973 960/752/960
f 960/752/960 973/765/973 405/753/405
f 973/765/973 404/766/404 405/753/405
f 401/673/401 974/675/974 961/674/961
f 974/675/974 975/767/975 961/674/961
f 961/674/961 975/767/975 962/754/962
f 975/767/975 976/768/976 962/754/962
f 962/754/962 976/768/976 963/755/963
f 976/768/976 977/769/977 963/755/963
f 963/755/963 977/769/977 964/756/964
f 977/769/977 978/770/978 964/756/964
f 964/756/964 978/770/978 965/757/965
f 978/770/978 979/771/979 965/757/965
f 965/757/965 979/771/979 966/758/966
f 979/771/979 980/772/980 966/758/966
f 966/758/966 980/772/980 967/759/967
f 980/772/980 981/773/981 967/759/967
f 967/759/967 981/773/981 968/760/968
f 981/773/981 982/774/982 968/760/968
f 968/760/968 982/774/982 969/761/969
f 982/774/982 983/775/983 969/761/969
f 969/761/969 983/775/983 970/762/970
f 983/775/983 984/776/984 970/762/970
f 970/762/970 984/776/984 971/763/971
f 984/776/984 985/777/985 971/763/971
f 971/763/971 985/777/985 972/764/972
f 985/777/985 986/778/986 972/764/972
f 972/764/972 986/778/986 973/765/973
f 986/778/986 987/779/987 973/765/973
f 973/765/973 987/779/987 404/766/404
f 987/779/987 403/780/403 404/766/404
f 402/36/402 327/35/327 974/675/974
f 327/35/327 326/781/326 974/675/974
f 974/675/974 326/781/326 975/767/975
f 326/781/326 325/782/325 975/767/975
f 975/767/975 325/782/325 976/768/976
f 325/782/325 324/783/324 976/768/976
f 976/768/976 324/783/324 977/769/977
f 324/783/324 323/784/323 977/769/977
f 977/769/977 323/784/323 978/770/978
f 323/784/323 322/785/322 978/770/978
f 978/770/978 322/785/322 979/771/979
f 322/785/322 321/786/321 979/771/979
f 979/771/979 321/786/321 980/772/980
f 321/786/321 320/787/320 980/772/980
f 980/772/980 320/787/320 981/773/981
f 320/787/320 319/788/319 981/773/981
f 981/773/981 319/788/319 982/774/982
f 319/788/319 318/789/318 982/774/982
f 982/774/982 318/789/318 983/775/983
f 318/789/318 317/790/317 983/775/983
f 983/775/983 317/790/317 984/776/984
f 317/790/317 316/791/316 984/776/984
f 984/776/984 316/791/316 985/777/985
f 316/791/316 315/792/315 985/777/985
f 985/777/985 315/792/315 986/778/986
f 315/792/315 314/793/314 986/778/986
f 986/778/986 314/793/314 987/779/987
f 314/793/314 313/794/313 987/779/987
f 987/779/987 313/794/313 403/780/403
f 313/794/313 11/46/11 403/780/403
f 192/795/192 387/47/387 11/46/11
f 191/796/191 988/797/988 192/795/192
f 190/798/190 989/799/989 191/796/191
f 189/800/189 991/801/991 190/798/190
f 188/802/188 994/803/994 189/800/189
f 187/804/187 998/805/998 188/802/188
f 186/806/186 1003/807/1003 187/804/187
f 185/808/185 1009/809/1009 186/806/186
f 184/810/184 1016/811/1016 185/808/185
f 183/812/183 1024/813/1024 184/810/184
f 182/814/182 1033/815/1033 183/812/183
f 181/816/181 1043/817/1043 182/814/182
f 180/818/180 1054/819/1054 181/816/181
f 179/820/179 1066/821/1066 180/818/180
f 178/33/178 1079/822/1079 179/820/179
f 192/795/192 988/797/988 387/47/387
f 988/797/988 386/184/386 387/47/387
f 191/796/191 989/799/989 988/797/988
f 989/799/989 990/823/990 988/797/988
f 988/797/988 990/823/990 386/184/386
f 990/823/990 385/185/385 386/184/386
f 190/798/190 991/801/991 989/799/989
f 991/801/991 992/824/992 989/799/989
f 989/799/989 992/824/992 990/823/990
f 992/824/992 993/825/993 990/823/990
f 990/823/990 993/825/993 385/185/385
f 993/825/993 384/186/384 385/185/385
f 189/800/189 994/803/994 991/801/991
f 994/803/994 995/826/995 991/801/991
f 991/801/991 995/826/995 992/824/992
f 995/826/995 996/827/996 992/824/992
f 992/824/992 996/827/996 993/825/993
f 996/827/996 997/828/997 993/825/993
f 993/825/993 997/828/997 384/186/384
f 997/828/997 383/187/383 384/186/384
f 188/802/188 998/805/998 994/803/994
f 998/805/998 999/829/999 994/803/994
f 994/803/994 999/829/999 995/826/995
f 999/829/999 1000/830/1000 995/826/995
f 995/826/995 1000/830/1000 996/827/996
f 1000/830/1000 1001/831/1001 996/827/996
f 996/827/996 1001/831/1001 997/828/997
f 1001/831/1001 1002/832/1002 997/828/997
f 997/828/997 1002/832/1002 383/187/383
f 1002/832/1002 382/188/382 383/187/383
f 187/804/187 1003/807/1003 998/805/998
f 1003/807/1003 1004/833/1004 998/805/998
f 998/805/998 1004/833/1004 999/829/999
f 1004/833/1004 1005/834/1005 999/829/999
f 999/829/999 1005/834/1005 1000/830/1000
f 1005/834/1005 1006/835/1006 1000/830/1000
f 1000/830/1000 1006/835/1006 1001/831/1001
f 1006/835/1006 1007/836/1007 1001/831/1001
f 1001/831/1001 1007/836/1007 1002/832/1002
f 1007/836/1007 1008/837/1008 1002/832/1002
f 1002/832/1002 1008/837/1008 382/188/382
f 1008/837/1008 381/189/381 382/188/382
f 186/806/186 1009/809/1009 1003/807/1003
f 1009/809/1009 1010/838/1010 1003/807/1003
f 1003/807/1003 1010/838/1010 1004/833/1004
f 1010/838/1010 1011/839/1011 1004/833/1004
f 1004/833/1004 1011/839/1011 1005/834/1005
f 1011/839/1011 1012/840/1012 1005/834/1005
f 1005/834/1005 1012/840/1012 1006/835/1006
f 1012/840/1012 1013/841/1013 1006/835/1006
f 1006/835/1006 1013/841/1013 1007/836/1007
f 1013/841/1013 1014/842/1014 1007/836/1007
f 1007/836/1007 1014/842/1014 1008/837/1008
f 1014/842/1014 1015/843/1015 1008/837/1008
f 1008/837/1008 1015/843/1015 381/189/381
f 1015/843/1015 380/190/380 381/189/381
f 185/808/185 1016/811/1016 1009/809/1009
f 1016/811/1016 1017/844/1017 1009/809/1009
f 1009/809/1009 1017/844/1017 1010/838/1010
f 1017/844/1017 1018/845/1018 1010/838/1010
f 1010/838/1010 1018/845/1018 1011/839/1011
f 1018/845/1018 1019/846/1019 1011/839/1011
f 1011/839/1011 1019/846/1019 1012/840/1012
f 1019/846/1019 1020/847/1020 1012/840/1012
f 1012/840/1012 1020/847/1020 1013/841/1013
f 1020/847/1020 1021/848/1021 1013/841/1013
f 1013/841/1013 1021/848/1021 1014/842/1014
f 1021/848/1021 1022/849/1022 1014/842/1014
f 1014/842/1014 1022/849/1022 1015/843/1015
f 1022/849/1022 1023/850/1023 1015/843/1015
f 1015/843/1015 1023/850/1023 380/190/380
f 1023/850/1023 379/191/379 380/190/380
f 184/810/184 1024/813/1024 1016/811/1016
f 1024/813/1024 1025/851/1025 1016/811/1016
f 1016/811/1016 1025/851/1025 1017/844/1017
f 1025/851/1025 1026/852/1026 1017/844/1017
f 1017/844/1017 1026/852/1026 1018/845/1018
f 1026/852/1026 1027/853/1027 1018/845/1018
f 1018/845/1018 1027/853/1027 1019/846/1019
f 1027/853/1027 1028/854/1028 1019/846/1019
f 1019/846/1019 1028/854/1028 1020/847/1020
f 1028/854/1028 1029/855/1029 1020/847/1020
f 1020/847/1020 1029/855/1029 1021/848/1021
f 1029/855/1029 1030/856/1030 1021/848/1021
f 1021/848/1021 1030/856/1030 1022/849/1022
f 1030/856/1030 1031/857/1031 1022/849/1022
f 1022/849/1022 1031/857/1031 1023/850/1023
f 1031/857/1031 1032/858/1032 1023/850/1023
f 1023/850/1023 1032/858/1032 379/191/379
f 1032/858/1032 378/192/378 379/191/379
f 183/812/183 1033/815/1033 1024/813/1024
f 1033/815/1033 1034/859/1034 1024/813/1024
f 1024/813/1024 1034/859/1034 1025/851/1025
f 1034/859/1034 1035/860/1035 1025/851/1025
f 1025/851/1025 1035/860/1035 1026/852/1026
f 1035/860/1035 1036/861/1036 1026/852/1026
f 1026/852/1026 1036/861/1036 1027/853/1027
f 1036/861/1036 1037/862/1037 1027/853/1027
f 1027/853/1027 1037/862/1037 1028/854/1028
f 1037/862/1037 1038/863/1038 1028/854/1028
f 1028/854/1028 1038/863/1038 1029/855/1029
f 1038/863/1038 1039/864/1039 1029/855/1029
f 1029/855/1029 1039/864/1039 1030/856/1030
f 1039/864/1039 1040/865/1040 1030/856/1030
f 1030/856/1030 1040/865/1040 1031/857/1031
f 1040/865/1040 1041/866/1041 1031/857/1031
f 1031/857/1031 1041/866/1041 1032/858/1032
f 1041/866/1041 1042/867/1042 1032/858/1032
f 1032/858/1032 1042/867/1042 378/192/378
f 1042/867/1042 377/193/377 378/192/378
f 182/814/182 1043/817/1043 1033/815/1033
f 1043/817/1043 1044/868/1044 1033/815/1033
f 1033/815/1033 1044/868/1044 1034/859/1034
f 1044/868/1044 1045/869/1045 1034/859/1034
f 1034/859/1034 1045/869/1045 1035/860/1035
f 1045/869/1045 1046/870/1046 1035/860/1035
f 1035/860/1035 1046/870/1046 1036/861/1036
f 1046/870/1046 1047/871/1047 1036/861/1036
f 1036/861/1036 1047/871/1047 1037/862/1037
f 1047/871/1047 1048/872/1048 1037/862/1037
f 1037/862/1037 1048/872/1048 1038/863/1038
f 1048/872/1048 1049/873/1049 1038/863/1038
f 1038/863/1038 1049/873/1049 1039/864/1039
f 1049/873/1049 1050/874/1050 1039/864/1039
f 1039/864/1039 1050/874/1050 1040/865/1040
f 1050/874/1050 1051/875/1051 1040/865/1040
f 1040/865/1040 1051/875/1051 1041/866/1041
f 1051/875/1051 1052/876/1052 1041/866/1041
f 1041/866/1041 1052/876/1052 1042/867/1042
f 1052/876/1052 1053/877/1053 1042/867/1042
f 1042/867/1042 1053/877/1053 377/193/377
f 1053/877/1053 376/194/376 377/193/377
f 181/816/181 1054/819/1054 1043/817/1043
f 1054/819/1054 1055/878/1055 1043/817/1043
f 1043/817/1043 1055/878/1055 1044/868/1044
f 1055/878/1055 1056/879/1056 1044/868/1044
f 1044/868/1044 1056/879/1056 1045/869/1045
f 1056/879/1056 1057/880/1057 1045/869/1045
f 1045/869/1045 1057/880/1057 1046/870/1046
f 1057/880/1057 1058/881/1058 1046/870/1046
f 1046/870/1046 1058/881/1058 1047/871/1047
f 1058/881/1058 1059/882/1059 1047/871/1047
f 1047/871/1047 1059/882/1059 1048/872/1048
f 1059/882/1059 1060/883/1060 1048/872/1048
f 1048/872/1048 1060/883/1060 1049/873/1049
f 1060/883/1060 1061/884/1061 1049/873/1049
f 1049/873/1049 1061/884/1061 1050/874/1050
f 1061/884/1061 1062/885/1062 1050/874/1050
f 1050/874/1050 1062/885/1062 1051/875/1051
f 1062/885/1062 1063/886/1063 1051/875/1051
f 1051/875/1051 1063/886/1063 1052/876/1052
f 1063/886/1063 1064/887/1064 1052/876/1052
f 1052/876/1052 1064/887/1064 1053/877/1053
f 1064/887/1064 1065/888/1065 1053/877/1053
f 1053/877/1053 1065/888/1065 376/194/376
f 1065/888/1065 375/195/375 376/194/376
f 180/818/180 1066/821/1066 1054/819/1054
f 1066/821/1066 1067/889/1067 1054/819/1054
f 1054/819/1054 1067/889/1067 1055/878/1055
f 1067/889/1067 1068/890/1068 1055/878/1055
f 1055/878/1055 1068/890/1068 1056/879/1056
f 1068/890/1068 1069/891/1069 1056/879/1056
f 1056/879/1056 1069/891/1069 1057/880/1057
f 1069/891/1069 1070/892/1070 1057/880/1057
f 1057/880/1057 1070/892/1070 1058/881/1058
f 1070/892/1070 1071/893/1071 1058/881/1058
f 1058/881/1058 1071/893/1071 1059/882/1059
f 1071/893/1071 1072/894/1072 1059/882/1059
f 1059/882/1059 1072/894/1072 1060/883/1060
f 1072/894/1072 1073/895/1073 1060/883/1060
f 1060/883/1060 1073/895/1073 1061/884/1061
f 1073/895/1073 1074/896/1074 1061/884/1061
f 1061/884/1061 1074/896/1074 1062/885/1062
f 1074/896/1074 1075/897/1075 1062/885/1062
f 1062/885/1062 1075/897/1075 1063/886/1063
f 1075/897/1075 1076/898/1076 1063/886/1063
f 1063/886/1063 1076/898/1076 1064/887/1064
f 1076/898/1076 1077/899/1077 1064/887/1064
f 1064/887/1064 1077/899/1077 1065/888/1065
f 1077/899/1077 1078/900/1078 1065/888/1065
f 1065/888/1065 1078/900/1078 375/195/375
f 1078/900/1078 374/196/374 375/195/375
f 179/820/179 1079/822/1079 1066/821/1066
f 1079/822/1079 1080/901/1080 1066/821/1066
f 1066/821/1066 1080/901/1080 1067/889/1067
f 1080/901/1080 1081/902/1081 1067/889/1067
f 1067/889/1067 1081/902/1081 1068/890/1068
f 1081/902/1081 1082/903/1082 1068/890/1068
f 1068/890/1068 1082/903/1082 1069/891/1069
f 1082/903/1082 1083/904/1083 1069/891/1069
f 1069/891/1069 1083/904/1083 1070/892/1070
f 1083/904/1083 1084/905/1084 1070/892/1070
f 1070/892/1070 1084/905/1084 1071/893/1071
f 1084/905/1084 1085/906/1085 1071/893/1071
f 1071/893/1071 1085/906/1085 1072/894/1072
f 1085/906/1085 1086/907/1086 1072/894/1072
f 1072/894/1072 1086/907/1086 1073/895/1073
f 1086/907/1086 1087/908/1087 1073/895/1073
f 1073/895/1073 1087/908/1087 1074/896/1074
f 1087/908/1087 1088/909/1088 1074/896/1074
f 1074/896/1074 1088/909/1088 1075/897/1075
f 1088/909/1088 1089/910/1089 1075/897/1075
f 1075/897/1075 1089/910/1089 1076/898/1076
f 1089/910/1089 1090/911/1090 1076/898/1076
f 1076/898/1076 1090/911/1090 1077/899/1077
f 1090/911/1090 1091/912/1091 1077/899/1077
f 1077/899/1077 1091/912/1091 1078/900/1078
f 1091/912/1091 1092/913/1092 1078/900/1078
f 1078/900/1078 1092/913/1092 374/196/374
f 1092/913/1092 373/197/373 374/196/374
f 178/33/178 297/28/297 1079/822/1079
f 297/28/297 296/914/296 1079/822/1079
f 1079/822/1079 296/914/296 1080/901/1080
f 296/914/296 295/915/295 1080/901/1080
f 1080/901/1080 295/915/295 1081/902/1081
f 295/915/295 294/916/294 1081/902/1081
f 1081/902/1081 294/916/294 1082/903/1082
f 294/916/294 293/917/293 1082/903/1082
f 1082/903/1082 293/917/293 1083/904/1083
f 293/917/293 292/918/292 1083/904/1083
f 1083/904/1083 292/918/292 1084/905/1084
f 292/918/292 291/919/291 1084/905/1084
f 1084/905/1084 291/919/291 1085/906/1085
f 291/919/291 290/920/290 1085/906/1085
f 1085/906/1085 290/920/290 1086/907/1086
f 290/920/290 289/921/289 1086/907/1086
f 1086/907/1086 289/921/289 1087/908/1087
f 289/921/289 288/922/288 1087/908/1087
f 1087/908/1087 288/922/288 1088/909/1088
f 288/922/288 287/923/287 1088/909/1088
f 1088/909/1088 287/923/287 1089/910/1089
f 287/923/287 286/924/286 1089/910/1089
f 1089/910/1089 286/924/286 1090/911/1090
f 286/924/286 285/925/285 1090/911/1090
f 1090/911/1090 285/925/285 1091/912/1091
f 285/925/285 284/926/284 1091/912/1091
f 1091/912/1091 284/926/284 1092/913/1092
f 284/926/284 283/927/283 1092/913/1092
f 1092/913/1092 283/927/283 373/197/373
f 283/927/283 10/43/10 373/197/373
f 312/928/312 372/44/372 10/43/10
f 311/929/311 1093/930/1093 312/928/312
f 310/931/310 1094/932/1094 311/929/311
f 309/933/309 1096/934/1096 310/931/310
f 308/935/308 1099/936/1099 309/933/309
f 307/937/307 1103/938/1103 308/935/308
f 306/939/306 1108/940/1108 307/937/307
f 305/941/305 1114/942/1114 306/939/306
f 304/943/304 1121/944/1121 305/941/305
f 303/945/303 1129/946/1129 304/943/304
f 302/947/302 1138/948/1138 303/945/303
f 301/949/301 1148/950/1148 302/947/302
f 300/951/300 1159/952/1159 301/949/301
f 299/953/299 1171/954/1171 300/951/300
f 298/32/298 1184/955/1184 299/953/299
f 312/928/312 1093/930/1093 372/44/372
f 1093/930/1093 371/333/371 372/44/372
f 311/929/311 1094/932/1094 1093/930/1093
f 1094/932/1094 1095/956/1095 1093/930/1093
f 1093/930/1093 1095/956/1095 371/333/371
f 1095/956/1095 370/334/370 371/333/371
f 310/931/310 1096/934/1096 1094/932/1094
f 1096/934/1096 1097/957/1097 1094/932/1094
f 1094/932/1094 1097/957/1097 1095/956/1095
f 1097/957/1097 1098/958/1098 1095/956/1095
f 1095/956/1095 1098/958/1098 370/334/370
f 1098/958/1098 369/335/369 370/334/370
f 309/933/309 1099/936/1099 1096/934/1096
f 1099/936/1099 1100/959/1100 1096/934/1096
f 1096/934/1096 1100/959/1100 1097/957/1097
f 1100/959/1100 1101/960/1101 1097/957/1097
f 1097/957/1097 1101/960/1101 1098/958/1098
f 1101/960/1101 1102/961/1102 1098/958/1098
f 1098/958/1098 1102/961/1102 369/335/369
f 1102/961/1102 368/336/368 369/335/369
f 308/935/308 1103/938/1103 1099/936/1099
f 1103/938/1103 1104/962/1104 1099/936/1099
f 1099/936/1099 1104/962/1104 1100/959/1100
f 1104/962/1104 1105/963/1105 1100/959/1100
f 1100/959/1100 1105/963/1105 1101/960/1101
f 1105/963/1105 1106/964/1106 1101/960/1101
f 1101/960/1101 1106/964/1106 1102/961/1102
f 1106/964/1106 1107/965/1107 1102/961/1102
f 1102/961/1102 1107/965/1107 368/336/368
f 1107/965/1107 367/337/367 368/336/368
f 307/937/307 1108/940/1108 1103/938/1103
f 1108/940/1108 1109/966/1109 1103/938/1103
f 1103/938/1103 1109/966/1109 1104/962/1104
f 1109/966/1109 1110/967/1110 1104/962/1104
f 1104/962/1104 1110/967/1110 1105/963/1105
f 1110/967/1110 1111/968/1111 1105/963/1105
f 1105/963/1105 1111/968/1111 1106/964/1106
f 1111/968/1111 1112/969/1112 1106/964/1106
f 1106/964/1106 1112/969/1112 1107/965/1107
f 1112/969/1112 1113/970/1113 1107/965/1107
f 1107/965/1107 1113/970/1113 367/337/367
f 1113/970/1113 366/338/366 367/337/367
f 306/939/306 1114/942/1114 1108/940/1108
f 1114/942/1114 1115/971/1115 1108/940/1108
f 1108/940/1108 1115/971/1115 1109/966/1109
f 1115/971/1115 1116/972/1116 1109/966/1109
f 1109/966/1109 1116/972/1116 1110/967/1110
f 1116/972/1116 1117/973/1117 1110/967/1110
f 1110/967/1110 1117/973/1117 1111/968/1111
f 1117/973/1117 1118/974/1118 1111/968/1111
f 1111/968/1111 1118/974/1118 1112/969/1112
f 1118/974/1118 1119/975/1119 1112/969/1112
f 1112/969/1112 1119/975/1119 1113/970/1113
f 1119/975/1119 1120/976/1120 1113/970/1113
f 1113/970/1113 1120/976/1120 366/338/366
f 1120/976/1120 365/339/365 366/338/366
f 305/941/305 1121/944/1121 1114/942/1114
f 1121/944/1121 1122/977/1122 1114/942/1114
f 1114/942/1114 1122/977/1122 1115/971/1115
f 1122/977/1122 1123/978/1123 1115/971/1115
f 1115/971/1115 1123/978/1123 1116/972/1116
f 1123/978/1123 1124/979/1124 1116/972/1116
f 1116/972/1116 1124/979/1124 1117/973/1117
f 1124/979/1124 1125/980/1125 1117/973/1117
f 1117/973/1117 1125/980/1125 1118/974/1118
f 1125/980/1125 1126/981/1126 1118/974/1118
f 1118/974/1118 1126/981/1126 1119/975/1119
f 1126/981/1126 1127/982/1127 1119/975/1119
f 1119/975/1119 1127/982/1127 1120/976/1120
f 1127/982/1127 1128/983/1128 1120/976/1120
f 1120/976/1120 1128/983/1128 365/339/365
f 1128/983/1128 364/340/364 365/339/365
f 304/943/304 1129/946/1129 1121/944/1121
f 1129/946/1129 1130/984/1130 1121/944/1121
f 1121/944/1121 1130/984/1130 1122/977/1122
f 1130/984/1130 1131/985/1131 1122/977/1122
f 1122/977/1122 1131/985/1131 1123/978/1123
f 1131/985/1131 1132/986/1132 1123/978/1123
f 1123/978/1123 1132/986/1132 1124/979/1124
f 1132/986/1132 1133/987/1133 1124/979/1124
f 1124/979/1124 1133/987/1133 1125/980/1125
f 1133/987/1133 1134/988/1134 1125/980/1125
f 1125/980/1125 1134/988/1134 1126/981/1126
f 1134/988/1134 1135/989/1135 1126/981/1126
f 1126/981/1126 1135/989/1135 1127/982/1127
f 1135/989/1135 1136/990/1136 1127/982/1127
f 1127/982/1127 1136/990/1136 1128/983/1128
f 1136/990/1136 1137/991/1137 1128/983/1128
f 1128/983/1128 1137/991/1137 364/340/364
f 1137/991/1137 363/341/363 364/340/364
f 303/945/303 1138/948/1138 1129/946/1129
f 1138/948/1138 1139/992/1139 1129/946/1129
f 1129/946/1129 1139/992/1139 1130/984/1130
f 1139/992/1139 1140/993/1140 1130/984/1130
f 1130/984/1130 1140/993/1140 1131/985/1131
f 1140/993/1140 1141/994/1141 1131/985/1131
f 1131/985/1131 1141/994/1141 1132/986/1132
f 1141/994/1141 1142/995/1142 1132/986/1132
f 1132/986/1132 1142/995/1142 1133/987/1133
f 1142/995/1142 1143/996/1143 1133/987/1133
f 1133/987/1133 1143/996/1143 1134/988/1134
f 1143/996/1143 1144/997/1144 1134/988/1134
f 1134/988/1134 1144/997/1144 1135/989/1135
f 1144/997/1144 1145/998/1145 1135/989/1135
f 1135/989/1135 1145/998/1145 1136/990/1136
f 1145/998/1145 1146/999/1146 1136/990/1136
f 1136/990/1136 1146/999/1146 1137/991/1137
f 1146/999/1146 1147/1000/1147 1137/991/1137
f 1137/991/1137 1147/1000/1147 363/341/363
f 1147/1000/1147 362/342/362 363/341/363
f 302/947/302 1148/950/1148 1138/948/1138
f 1148/950/1148 1149/1001/1149 1138/948/1138
f 1138/948/1138 1149/1001/1149 1139/992/1139
f 1149/1001/1149 1150/1002/1150 1139/992/1139
f 1139/992/1139 1150/1002/1150 1140/993/1140
f 1150/1002/1150 1151/1003/1151 1140/993/1140
f 1140/993/1140 1151/1003/1151 1141/994/1141
f 1151/1003/1151 1152/1004/1152 1141/994/1141
f 1141/994/1141 1152/1004/1152 1142/995/1142
f 1152/1004/1152 1153/1005/1153 1142/995/1142
f 1142/995/1142 1153/1005/1153 1143/996/1143
f 1153/1005/1153 1154/1006/1154 1143/996/1143
f 1143/996/1143 1154/1006/1154 1144/997/1144
f 1154/1006/1154 1155/1007/1155 1144/997/1144
f 1144/997/1144 1155/1007/1155 1145/998/1145
f 1155/1007/1155 1156/1008/1156 1145/998/1145
f 1145/998/1145 1156/1008/1156 1146/999/1146
f 1156/1008/1156 1157/1009/1157 1146/999/1146
f 1146/999/1146 1157/1009/1157 1147/1000/1147
f 1157/1009/1157 1158/1010/1158 1147/1000/1147
f 1147/1000/1147 1158/1010/1158 362/342/362
f 1158/1010/1158 361/343/361 362/342/362
f 301/949/301 1159/952/1159 1148/950/1148
f 1159/952/1159 1160/1011/1160 1148/950/1148
f 1148/950/1148 1160/1011/1160 1149/1001/1149
f 1160/1011/1160 1161/1012/1161 1149/1001/1149
f 1149/1001/1149 1161/1012/1161 1150/1002/1150
f 1161/1012/1161 1162/1013/1162 1150/1002/1150
f 1150/1002/1150 1162/1013/1162 1151/1003/1151
f 1162/1013/1162 1163/1014/1163 1151/1003/1151
f 1151/1003/1151 1163/1014/1163 1152/1004/1152
f 1163/1014/1163 1164/1015/1164 1152/1004/1152
f 1152/1004/1152 1164/1015/1164 1153/1005/1153
f 1164/1015/1164 1165/1016/1165 1153/1005/1153
f 1153/1005/1153 1165/1016/1165 1154/1006/1154
f 1165/1016/1165 1166/1017/1166 1154/1006/1154
f 1154/1006/1154 1166/1017/1166 1155/1007/1155
f 1166/1017/1166 1167/1018/1167 1155/1007/1155
f 1155/1007/1155 1167/1018/1167 1156/1008/1156
f 1167/1018/1167 1168/1019/1168 1156/1008/1156
f 1156/1008/1156 1168/1019/1168 1157/1009/1157
f 1168/1019/1168 1169/1020/1169 1157/1009/1157
f 1157/1009/1157 1169/1020/1169 1158/1010/1158
f 1169/1020/1169 1170/1021/1170 1158/1010/1158
f 1158/1010/1158 1170/1021/1170 361/343/361
f 1170/1021/1170 360/344/360 361/343/361
f 300/951/300 1171/954/1171 1159/952/1159
f 1171/954/1171 1172/1022/1172 1159/952/1159
f 1159/952/1159 1172/1022/1172 1160/1011/1160
f 1172/1022/1172 1173/1023/1173 1160/1011/1160
f 1160/1011/1160 1173/1023/1173 1161/1012/1161
f 1173/1023/1173 1174/1024/1174 1161/1012/1161
f 1161/1012/1161 1174/1024/1174 1162/1013/1162
f 1174/1024/1174 1175/1025/1175 1162/1013/1162
f 1162/1013/1162 1175/1025/1175 1163/1014/1163
f 1175/1025/1175 1176/1026/1176 1163/1014/1163
f 1163/1014/1163 1176/1026/1176 1164/1015/1164
f 1176/1026/1176 1177/1027/1177 1164/1015/1164
f 1164/1015/1164 1177/1027/1177 1165/1016/1165
f 1177/1027/1177 1178/1028/1178 1165/1016/1165
f 1165/1016/1165 1178/1028/1178 1166/1017/1166
f 1178/1028/1178 1179/1029/1179 1166/1017/1166
f 1166/1017/1166 1179/1029/1179 1167/1018/1167
f 1179/1029/1179 1180/1030/1180 1167/1018/1167
f 1167/1018/1167 1180/1030/1180 1168/1019/1168
f 1180/1030/1180 1181/1031/1181 1168/1019/1168
f 1168/1019/1168 1181/1031/1181 1169/1020/1169
f 1181/1031/1181 1182/1032/1182 1169/1020/1169
f 1169/1020/1169 1182/1032/1182 1170/1021/1170
f 1182/1032/1182 1183/1033/1183 1170/1021/1170
f 1170/1021/1170 1183/1033/1183 360/344/360
f 1183/1033/1183 359/345/359 360/344/360
f 299/953/299 1184/955/1184 1171/954/1171
f 1184/955/1184 1185/1034/1185 1171/954/1171
f 1171/954/1171 1185/1034/1185 1172/1022/1172
f 1185/1034/1185 1186/1035/1186 1172/1022/1172
f 1172/1022/1172 1186/1035/1186 1173/1023/1173
f 1186/1035/1186 1187/1036/1187 1173/1023/1173
f 1173/1023/1173 1187/1036/1187 1174/1024/1174
f 1187/1036/1187 1188/1037/1188 1174/1024/1174
f 1174/1024/1174 1188/1037/1188 1175/1025/1175
f 1188/1037/1188 1189/1038/1189 1175/1025/1175
f 1175/1025/1175 1189/1038/1189 1176/1026/1176
f 1189/1038/1189 1190/1039/1190 1176/1026/1176
f 1176/1026/1176 1190/1039/1190 1177/1027/1177
f 1190/1039/1190 1191/1040/1191 1177/1027/1177
f 1177/1027/1177 1191/1040/1191 1178/1028/1178
f 1191/1040/1191 1192/1041/1192 1178/1028/1178
f 1178/1028/1178 1192/1041/1192 1179/1029/1179
f 1192/1041/1192 1193/1042/1193 1179/1029/1179
f 1179/1029/1179 1193/1042/1193 1180/1030/1180
f 1193/1042/1193 1194/1043/1194 1180/1030/1180
f 1180/1030/1180 1194/1043/1194 1181/1031/1181
f 1194/1043/1194 1195/1044/1195 1181/1031/1181
f 1181/1031/1181 1195/1044/1195 1182/1032/1182
f 1195/1044/1195 1196/1045/1196 1182/1032/1182
f 1182/1032/1182 1196/1045/1196 1183/1033/1183
f 1196/1045/1196 1197/1046/1197 1183/1033/1183
f 1183/1033/1183 1197/1046/1197 359/345/359
f 1197/1046/1197 358/346/358 359/345/359
f 298/32/298 267/25/267 1184/955/1184
f 267/25/267 266/1047/266 1184/955/1184
f 1184/955/1184 266/1047/266 1185/1034/1185
f 266/1047/266 265/1048/265 1185/1034/1185
f 1185/1034/1185 265/1048/265 1186/1035/1186
f 265/1048/265 264/1049/264 1186/1035/1186
f 1186/1035/1186 264/1049/264 1187/1036/1187
f 264/1049/264 263/1050/263 1187/1036/1187
f 1187/1036/1187 263/1050/263 1188/1037/1188
f 263/1050/263 262/1051/262 1188/1037/1188
f 1188/1037/1188 262/1051/262 1189/1038/1189
f 262/1051/262 261/1052/261 1189/1038/1189
f 1189/1038/1189 261/1052/261 1190/1039/1190
f 261/1052/261 260/1053/260 1190/1039/1190
f 1190/1039/1190 260/1053/260 1191/1040/1191
f 260/1053/260 259/1054/259 1191/1040/1191
f 1191/1040/1191 259/1054/259 1192/1041/1192
f 259/1054/259 258/1055/258 1192/1041/1192
f 1192/1041/1192 258/1055/258 1193/1042/1193
f 258/1055/258 257/1056/257 1193/1042/1193
f 1193/1042/1193 257/1056/257 1194/1043/1194
f 257/1056/257 256/1057/256 1194/1043/1194
f 1194/1043/1194 256/1057/256 1195/1044/1195
f 256/1057/256 255/1058/255 1195/1044/1195
f 1195/1044/1195 255/1058/255 1196/1045/1196
f 255/1058/255 254/1059/254 1196/1045/1196
f 1196/1045/1196 254/1059/254 1197/1046/1197
f 254/1059/254 253/1060/253 1197/1046/1197
f 1197/1046/1197 253/1060/253 358/346/358
f 253/1060/253 9/40/9 358/346/358
f 282/1061/282 357/41/357 9/40/9
f 281/1062/281 1198/1063/1198 282/1061/282
f 280/1064/280 1199/1065/1199 281/1062/281
f 279/1066/279 1201/1067/1201 280/1064/280
f 278/1068/278 1204/1069/1204 279/1066/279
f 277/1070/277 1208/1071/1208 278/1068/278
f 276/1072/276 1213/1073/1213 277/1070/277
f 275/1074/275 1219/1075/1219 276/1072/276
f 274/1076/274 1226/1077/1226 275/1074/275
f 273/1078/273 1234/1079/1234 274/1076/274
f 272/1080/272 1243/1081/1243 273/1078/273
f 271/1082/271 1253/1083/1253 272/1080/272
f 270/1084/270 1264/1085/1264 271/1082/271
f 269/1086/269 1276/1087/1276 270/1084/270
f 268/31/268 1289/1088/1289 269/1086/269
f 282/1061/282 1198/1063/1198 357/41/357
f 1198/1063/1198 356/482/356 357/41/357
f 281/1062/281 1199/1065/1199 1198/1063/1198
f 1199/1065/1199 1200/1089/1200 1198/1063/1198
f 1198/1063/1198 1200/1089/1200 356/482/356
f 1200/1089/1200 355/483/355 356/482/356
f 280/1064/280 1201/1067/1201 1199/1065/1199
f 1201/1067/1201 1202/1090/1202 1199/1065/1199
f 1199/1065/1199 1202/1090/1202 1200/1089/1200
f 1202/1090/1202 1203/1091/1203 1200/1089/1200
f 1200/1089/1200 1203/1091/1203 355/483/355
f 1203/1091/1203 354/484/354 355/483/355
f 279/1066/279 1204/1069/1204 1201/1067/1201
f 1204/1069/1204 1205/1092/1205 1201/1067/1201
f 1201/1067/1201 1205/1092/1205 1202/1090/1202
f 1205/1092/1205 1206/1093/1206 1202/1090/1202
f 1202/1090/1202 1206/1093/1206 1203/1091/1203
f 1206/1093/1206 1207/1094/1207 1203/1091/1203
f 1203/1091/1203 1207/1094/1207 354/484/354
f 1207/1094/1207 353/485/353 354/484/354
f 278/1068/278 1208/1071/1208 1204/1069/1204
f 1208/1071/1208 1209/1095/1209 1204/1069/1204
f 1204/1069/1204 1209/1095/1209 1205/1092/1205
f 1209/1095/1209 1210/1096/1210 1205/1092/1205
f 1205/1092/1205 1210/1096/1210 1206/1093/1206
f 1210/1096/1210 1211/1097/1211 1206/1093/1206
f 1206/1093/1206 1211/1097/1211 1207/1094/1207
f 1211/1097/1211 1212/1098/1212 1207/1094/1207
f 1207/1094/1207 1212/1098/1212 353/485/353
f 1212/1098/1212 352/486/352 353/485/353
f 277/1070/277 1213/1073/1213 1208/1071/1208
f 1213/1073/1213 1214/1099/1214 1208/1071/1208
f 1208/1071/1208 1214/1099/1214 1209/1095/1209
f 1214/1099/1214 1215/1100/1215 1209/1095/1209
f 1209/1095/1209 1215/1100/1215 1210/1096/1210
f 1215/1100/1215 1216/1101/1216 1210/1096/1210
f 1210/1096/1210 1216/1101/1216 1211/1097/1211
f 1216/1101/1216 1217/1102/1217 1211/1097/1211
f 1211/1097/1211 1217/1102/1217 1212/1098/1212
f 1217/1102/1217 1218/1103/1218 1212/1098/1212
f 1212/1098/1212 1218/1103/1218 352/486/352
f 1218/1103/1218 351/487/351 352/486/352
f 276/1072/276 1219/1075/1219 1213/1073/1213
f 1219/1075/1219 1220/1104/1220 1213/1073/1213
f 1213/1073/1213 1220/1104/1220 1214/1099/1214
f 1220/1104/1220 1221/1105/1221 1214/1099/1214
f 1214/1099/1214 1221/1105/1221 1215/1100/1215
f 1221/1105/1221 1222/1106/1222 1215/1100/1215
f 1215/1100/1215 1222/1106/1222 1216/1101/1216
f 1222/1106/1222 1223/1107/1223 1216/1101/1216
f 1216/1101/1216 1223/1107/1223 1217/1102/1217
f 1223/1107/1223 1224/1108/1224 1217/1102/1217
f 1217/1102/1217 1224/1108/1224 1218/1103/1218
f 1224/1108/1224 1225/1109/1225 1218/1103/1218
f 1218/1103/1218 1225/1109/1225 351/487/351
f 1225/1109/1225 350/488/350 351/487/351
f 275/1074/275 1226/1077/1226 1219/1075/1219
f 1226/1077/1226 1227/1110/1227 1219/1075/1219
f 1219/1075/1219 1227/1110/1227 1220/1104/1220
f 1227/1110/1227 1228/1111/1228 1220/1104/1220
f 1220/1104/1220 1228/1111/1228 1221/1105/1221
f 1228/1111/1228 1229/1112/1229 1221/1105/1221
f 1221/1105/1221 1229/1112/1229 1222/1106/1222
f 1229/1112/1229 1230/1113/1230 1222/1106/1222
f 1222/1106/1222 1230/1113/1230 1223/1107/1223
f 1230/1113/1230 1231/1114/1231 1223/1107/1223
f 1223/1107/1223 1231/1114/1231 1224/1108/1224
f 1231/1114/1231 1232/1115/1232 1224/1108/1224
f 1224/1108/1224 1232/1115/1232 1225/1109/1225
f 1232/1115/1232 1233/1116/1233 1225/1109/1225
f 1225/1109/1225 1233/1116/1233 350/488/350
f 1233/1116/1233 349/489/349 350/488/350
f 274/1076/274 1234/1079/1234 1226/1077/1226
f 1234/1079/1234 1235/1117/1235 1226/1077/1226
f 1226/1077/1226 1235/1117/1235 1227/1110/1227
f 1235/1117/1235 1236/1118/1236 1227/1110/1227
f 1227/1110/1227 1236/1118/1236 1228/1111/1228
f 1236/1118/1236 1237/1119/1237 1228/1111/1228
f 1228/1111/1228 1237/1119/1237 1229/1112/1229
f 1237/1119/1237 1238/1120/1238 1229/1112/1229
f 1229/1112/1229 1238/1120/1238 1230/1113/1230
f 1238/1120/1238 1239/1121/1239 1230/1113/1230
f 1230/1113/1230 1239/1121/1239 1231/1114/1231
f 1239/1121/1239 1240/1122/1240 1231/1114/1231
f 1231/1114/1231 1240/1122/1240 1232/1115/1232
f 1240/1122/1240 1241/1123/1241 1232/1115/1232
f 1232/1115/1232 1241/1123/1241 1233/1116/1233
f 1241/1123/1241 1242/1124/1242 1233/1116/1233
f 1233/1116/1233 1242/1124/1242 349/489/349
f 1242/1124/1242 348/490/348 349/489/349
f 273/1078/273 1243/1081/1243 1234/1079/1234
f 1243/1081/1243 1244/1125/1244 1234/1079/1234
f 1234/1079/1234 1244/1125/1244 1235/1117/1235
f 1244/1125/1244 1245/1126/1245 1235/1117/1235
f 1235/1117/1235 1245/1126/1245 1236/1118/1236
f 1245/1126/1245 1246/1127/1246 1236/1118/1236
f 1236/1118/1236 1246/1127/1246 1237/1119/1237
f 1246/1127/1246 1247/1128/1247 1237/1119/1237
f 1237/1119/1237 1247/1128/1247 1238/1120/1238
f 1247/1128/1247 1248/1129/1248 1238/1120/1238
f 1238/1120/1238 1248/1129/1248 1239/1121/1239
f 1248/1129/1248 1249/1130/1249 1239/1121/1239
f 1239/1121/1239 1249/1130/1249 1240/1122/1240
f 1249/1130/1249 1250/1131/1250 1240/1122/1240
f 1240/1122/1240 1250/1131/1250 1241/1123/1241
f 1250/1131/1250 1251/1132/1251 1241/1123/1241
f 1241/1123/1241 1251/1132/1251 1242/1124/1242
f 1251/1132/1251 1252/1133/1252 1242/1124/1242
f 1242/1124/1242 1252/1133/1252 348/490/348
f 1252/1133/1252 347/491/347 348/490/348
f 272/1080/272 1253/1083/1253 1243/1081/1243
f 1253/1083/1253 1254/1134/1254 1243/1081/1243
f 1243/1081/1243 1254/1134/1254 1244/1125/1244
f 1254/1134/1254 1255/1135/1255 1244/1125/1244
f 1244/1125/1244 1255/1135/1255 1245/1126/1245
f 1255/1135/1255 1256/1136/1256 1245/1126/1245
f 1245/1126/1245 1256/1136/1256 1246/1127/1246
f 1256/1136/1256 1257/1137/1257 1246/1127/1246
f 1246/1127/1246 1257/1137/1257 1247/1128/1247
f 1257/1137/1257 1258/1138/1258 1247/1128/1247
f 1247/1128/1247 1258/1138/1258 1248/1129/1248
f 1258/1138/1258 1259/1139/1259 1248/1129/1248
f 1248/1129/1248 1259/1139/1259 1249/1130/1249
f 1259/1139/1259 1260/1140/1260 1249/1130/1249
f 1249/1130/1249 1260/1140/1260 1250/1131/1250
f 1260/1140/1260 1261/1141/1261 1250/1131/1250
f 1250/1131/1250 1261/1141/1261 1251/1132/1251
f 1261/1141/1261 1262/1142/1262 1251/1132/1251
f 1251/1132/1251 1262/1142/1262 1252/1133/1252
f 1262/1142/1262 1263/1143/1263 1252/1133/1252
f 1252/1133/1252 1263/1143/1263 347/491/347
f 1263/1143/1263 346/492/346 347/491/347
f 271/1082/271 1264/1085/1264 1253/1083/1253
f 1264/1085/1264 1265/1144/1265 1253/1083/1253
f 1253/1083/1253 1265/1144/1265 1254/1134/1254
f 1265/1144/1265 1266/1145/1266 1254/1134/1254
f 1254/1134/1254 1266/1145/1266 1255/1135/1255
f 1266/1145/1266 1267/1146/1267 1255/1135/1255
f 1255/1135/1255 1267/1146/1267 1256/1136/1256
f 1267/1146/1267 1268/1147/1268 1256/1136/1256
f 1256/1136/1256 1268/1147/1268 1257/1137/1257
f 1268/1147/1268 1269/1148/1269 1257/1137/1257
f 1257/1137/1257 1269/1148/1269 1258/1138/1258
f 1269/1148/1269 1270/1149/1270 1258/1138/1258
f 1258/1138/1258 1270/1149/1270 1259/1139/1259
f 1270/1149/1270 1271/1150/1271 1259/1139/1259
f 1259/1139/1259 1271/1150/1271 1260/1140/1260
f 1271/1150/1271 1272/1151/1272 1260/1140/1260
f 1260/1140/1260 1272/1151/1272 1261/1141/1261
f 1272/1151/1272 1273/1152/1273 1261/1141/1261
f 1261/1141/1261 1273/1152/1273 1262/1142/1262
f 1273/1152/1273 1274/1153/1274 1262/1142/1262
f 1262/1142/1262 1274/1153/1274 1263/1143/1263
f 1274/1153/1274 1275/1154/1275 1263/1143/1263
f 1263/1143/1263 1275/1154/1275 346/492/346
f 1275/1154/1275 345/493/345 346/492/346
f 270/1084/270 1276/1087/1276 1264/1085/1264
f 1276/1087/1276 1277/1155/1277 1264/1085/1264
f 1264/1085/1264 1277/1155/1277 1265/1144/1265
f 1277/1155/1277 1278/1156/1278 1265/1144/1265
f 1265/1144/1265 1278/1156/1278 1266/1145/1266
f 1278/1156/1278 1279/1157/1279 1266/1145/1266
f 1266/1145/1266 1279/1157/1279 1267/1146/1267
f 1279/1157/1279 1280/1158/1280 1267/1146/1267
f 1267/1146/1267 1280/1158/1280 1268/1147/1268
f 1280/1158/1280 1281/1159/1281 1268/1147/1268
f 1268/1147/1268 1281/1159/1281 1269/1148/1269
f 1281/1159/1281 1282/1160/1282 1269/1148/1269
f 1269/1148/1269 1282/1160/1282 1270/1149/1270
f 1282/1160/1282 1283/1161/1283 1270/1149/1270
f 1270/1149/1270 1283/1161/1283 1271/1150/1271
f 1283/1161/1283 1284/1162/1284 1271/1150/1271
f 1271/1150/1271 1284/1162/1284 1272/1151/1272
f 1284/1162/1284 1285/1163/1285 1272/1151/1272
f 1272/1151/1272 1285/1163/1285 1273/1152/1273
f 1285/1163/1285 1286/1164/1286 1273/1152/1273
f 1273/1152/1273 1286/1164/1286 1274/1153/1274
f 1286/1164/1286 1287/1165/1287 1274/1153/1274
f 1274/1153/1274 1287/1165/1287 1275/1154/1275
f 1287/1165/1287 1288/1166/1288 1275/1154/1275
f 1275/1154/1275 1288/1166/1288 345/493/345
f 1288/1166/1288 344/494/344 345/493/345
f 269/1086/269 1289/1088/1289 1276/1087/1276
f 1289/1088/1289 1290/1167/1290 1276/1087/1276
f 1276/1087/1276 1290/1167/1290 1277/1155/1277
f 1290/1167/1290 1291/1168/1291 1277/1155/1277
f 1277/1155/1277 1291/1168/1291 1278/1156/1278
f 1291/1168/1291 1292/1169/1292 1278/1156/1278
f 1278/1156/1278 1292/1169/1292 1279/1157/1279
f 1292/1169/1292 1293/1170/1293 1279/1157/1279
f 1279/1157/1279 1293/1170/1293 1280/1158/1280
f 1293/1170/1293 1294/1171/1294 1280/1158/1280
f 1280/1158/1280 1294/1171/1294 1281/1159/1281
f 1294/1171/1294 1295/1172/1295 1281/1159/1281
f 1281/1159/1281 1295/1172/1295 1282/1160/1282
f 1295/1172/1295 1296/1173/1296 1282/1160/1282
f 1282/1160/1282 1296/1173/1296 1283/1161/1283
f 1296/1173/1296 1297/1174/1297 1283/1161/1283
f 1283/1161/1283 1297/1174/1297 1284/1162/1284
f 1297/1174/1297 1298/1175/1298 1284/1162/1284
f 1284/1162/1284 1298/1175/1298 1285/1163/1285
f 1298/1175/1298 1299/1176/1299 1285/1163/1285
f 1285/1163/1285 1299/1176/1299 1286/1164/1286
f 1299/1176/1299 1300/1177/1300 1286/1164/1286
f 1286/1164/1286 1300/1177/1300 1287/1165/1287
f 1300/1177/1300 1301/1178/1301 1287/1165/1287
f 1287/1165/1287 1301/1178/1301 1288/1166/1288
f 1301/1178/1301 1302/1179/1302 1288/1166/1288
f 1288/1166/1288 1302/1179/1302 344/494/344
f 1302/1179/1302 343/495/343 344/494/344
f 268/31/268 237/22/237 1289/1088/1289
f 237/22/237 236/1180/236 1289/1088/1289
f 1289/1088/1289 236/1180/236 1290/1167/1290
f 236/1180/236 235/1181/235 1290/1167/1290
f 1290/1167/1290 235/1181/235 1291/1168/1291
f 235/1181/235 234/1182/234 1291/1168/1291
f 1291/1168/1291 234/1182/234 1292/1169/1292
f 234/1182/234 233/1183/233 1292/1169/1292
f 1292/1169/1292 233/1183/233 1293/1170/1293
f 233/1183/233 232/1184/232 1293/1170/1293
f 1293/1170/1293 232/1184/232 1294/1171/1294
f 232/1184/232 231/1185/231 1294/1171/1294
f 1294/1171/1294 231/1185/231 1295/1172/1295
f 231/1185/231 230/1186/230 1295/1172/1295
f 1295/1172/1295 230/1186/230 1296/1173/1296
f 230/1186/230 229/1187/229 1296/1173/1296
f 1296/1173/1296 229/1187/229 1297/1174/1297
f 229/1187/229 228/1188/228 1297/1174/1297
f 1297/1174/1297 228/1188/228 1298/1175/1298
f 228/1188/228 227/1189/227 1298/1175/1298
f 1298/1175/1298 227/1189/227 1299/1176/1299
f 227/1189/227 226/1190/226 1299/1176/1299
f 1299/1176/1299 226/1190/226 1300/1177/1300
f 226/1190/226 225/1191/225 1300/1177/1300
f 1300/1177/1300 225/1191/225 1301/1178/1301
f 225/1191/225 224/1192/224 1301/1178/1301
f 1301/1178/1301 224/1192/224 1302/1179/1302
f 224/1192/224 223/1193/223 1302/1179/1302
f 1302/1179/1302 223/1193/223 343/495/343
f 223/1193/223 8/496/8 343/495/343
f 252/1194/252 342/38/342 8/37/8
f 251/1195/251 1303/1196/1303 252/1194/252
f 250/1197/250 1304/1198/1304 251/1195/251
f 249/1199/249 1306/1200/1306 250/1197/250
f 248/1201/248 1309/1202/1309 249/1199/249
f 247/1203/247 1313/1204/1313 248/1201/248
f 246/1205/246 1318/1206/1318 247/1203/247
f 245/1207/245 1324/1208/1324 246/1205/246
f 244/1209/244 1331/1210/1331 245/1207/245
f 243/1211/243 1339/1212/1339 244/1209/244
f 242/1213/242 1348/1214/1348 243/1211/243
f 241/1215/241 1358/1216/1358 242/1213/242
f 240/1217/240 1369/1218/1369 241/1215/241
f 239/1219/239 1381/1220/1381 240/1217/240
f 238/30/238 1394/1221/1394 239/1219/239
f 252/1194/252 1303/1196/1303 342/38/342
f 1303/1196/1303 341/632/341 342/38/342
f 251/1195/251 1304/1198/1304 1303/1196/1303
f 1304/1198/1304 1305/1222/1305 1303/1196/1303
f 1303/1196/1303 1305/1222/1305 341/632/341
f 1305/1222/1305 340/633/340 341/632/341
f 250/1197/250 1306/1200/1306 1304/1198/1304
f 1306/1200/1306 1307/1223/1307 1304/1198/1304
f 1304/1198/1304 1307/1223/1307 1305/1222/1305
f 1307/1223/1307 1308/1224/1308 1305/1222/1305
f 1305/1222/1305 1308/1224/1308 340/633/340
f 1308/1224/1308 339/634/339 340/633/340
f 249/1199/249 1309/1202/1309 1306/1200/1306
f 1309/1202/1309 1310/1225/1310 1306/1200/1306
f 1306/1200/1306 1310/1225/1310 1307/1223/1307
f 1310/1225/1310 1311/1226/1311 1307/1223/1307
f 1307/1223/1307 1311/1226/1311 1308/1224/1308
f 1311/1226/1311 1312/1227/1312 1308/1224/1308
f 1308/1224/1308 1312/1227/1312 339/634/339
f 1312/1227/1312 338/635/338 339/634/339
f 248/1201/248 1313/1204/1313 1309/1202/1309
f 1313/1204/1313 1314/1228/1314 1309/1202/1309
f 1309/1202/1309 1314/1228/1314 1310/1225/1310
f 1314/1228/1314 1315/1229/1315 1310/1225/1310
f 1310/1225/1310 1315/1229/1315 1311/1226/1311
f 1315/1229/1315 1316/1230/1316 1311/1226/1311
f 1311/1226/1311 1316/1230/1316 1312/1227/1312
f 1316/1230/1316 1317/1231/1317 1312/1227/1312
f 1312/1227/1312 1317/1231/1317 338/635/338
f 1317/1231/1317 337/636/337 338/635/338
f 247/1203/247 1318/1206/1318 1313/1204/1313
f 1318/1206/1318 1319/1232/1319 1313/1204/1313
f 1313/1204/1313 1319/1232/1319 1314/1228/1314
f 1319/1232/1319 1320/1233/1320 1314/1228/1314
f 1314/1228/1314 1320/1233/1320 1315/1229/1315
f 1320/1233/1320 1321/1234/1321 1315/1229/1315
f 1315/1229/1315 1321/1234/1321 1316/1230/1316
f 1321/1234/1321 1322/1235/1322 1316/1230/1316
f 1316/1230/1316 1322/1235/1322 1317/1231/1317
f 1322/1235/1322 1323/1236/1323 1317/1231/1317
f 1317/1231/1317 1323/1236/1323 337/636/337
f 1323/1236/1323 336/637/336 337/636/337
f 246/1205/246 1324/1208/1324 1318/1206/1318
f 1324/1208/1324 1325/1237/1325 1318/1206/1318
f 1318/1206/1318 1325/1237/1325 1319/1232/1319
f 1325/1237/1325 1326/1238/1326 1319/1232/1319
f 1319/1232/1319 1326/1238/1326 1320/1233/1320
f 1326/1238/1326 1327/1239/1327 1320/1233/1320
f 1320/1233/1320 1327/1239/1327 1321/1234/1321
f 1327/1239/1327 1328/1240/1328 1321/1234/1321
f 1321/1234/1321 1328/1240/1328 1322/1235/1322
f 1328/1240/1328 1329/1241/1329 1322/1235/1322
f 1322/1235/1322 1329/1241/1329 1323/1236/1323
f 1329/1241/1329 1330/1242/1330 1323/1236/1323
f 1323/1236/1323 1330/1242/1330 336/637/336
f 1330/1242/1330 335/638/335 336/637/336
f 245/1207/245 1331/1210/1331 1324/1208/1324
f 1331/1210/1331 1332/1243/1332 1324/1208/1324
f 1324/1208/1324 1332/1243/1332 1325/1237/1325
f 1332/1243/1332 1333/1244/1333 1325/1237/1325
f 1325/1237/1325 1333/1244/1333 1326/1238/1326
f 1333/1244/1333 1334/1245/1334 1326/1238/1326
f 1326/1238/1326 1334/1245/1334 1327/1239/1327
f 1334/1245/1334 1335/1246/1335 1327/1239/1327
f 1327/1239/1327 1335/1246/1335 1328/1240/1328
f 1335/1246/1335 1336/1247/1336 1328/1240/1328
f 1328/1240/1328 1336/1247/1336 1329/1241/1329
f 1336/1247/1336 1337/1248/1337 1329/1241/1329
f 1329/1241/1329 1337/1248/1337 1330/1242/1330
f 1337/1248/1337 1338/1249/1338 1330/1242/1330
f 1330/1242/1330 1338/1249/1338 335/638/335
f 1338/1249/1338 334/639/334 335/638/335
f 244/1209/244 1339/1212/1339 1331/1210/1331
f 1339/1212/1339 1340/1250/1340 1331/1210/1331
f 1331/1210/1331 1340/1250/1340 1332/1243/1332
f 1340/1250/1340 1341/1251/1341 1332/1243/1332
f 1332/1243/1332 1341/1251/1341 1333/1244/1333
f 1341/1251/1341 1342/1252/1342 1333/1244/1333
f 1333/1244/1333 1342/1252/1342 1334/1245/1334
f 1342/1252/1342 1343/1253/1343 1334/1245/1334
f 1334/1245/1334 1343/1253/1343 1335/1246/1335
f 1343/1253/1343 1344/1254/1344 1335/1246/1335
f 1335/1246/1335 1344/1254/1344 1336/1247/1336
f 1344/1254/1344 1345/1255/1345 1336/1247/1336
f 1336/1247/1336 1345/1255/1345 1337/1248/1337
f 1345/1255/1345 1346/1256/1346 1337/1248/1337
f 1337/1248/1337 1346/1256/1346 1338/1249/1338
f 1346/1256/1346 1347/1257/1347 1338/1249/1338
f 1338/1249/1338 1347/1257/1347 334/639/334
f 1347/1257/1347 333/640/333 334/639/334
f 243/1211/243 1348/1214/1348 1339/1212/1339
f 1348/1214/1348 1349/1258/1349 1339/1212/1339
f 1339/1212/1339 1349/1258/1349 1340/1250/1340
f 1349/1258/1349 1350/1259/1350 1340/1250/1340
f 1340/1250/1340 1350/1259/1350 1341/1251/1341
f 1350/1259/1350 1351/1260/1351 1341/1251/1341
f 1341/1251/1341 1351/1260/1351 1342/1252/1342
f 1351/1260/1351 1352/1261/1352 1342/1252/1342
f 1342/1252/1342 1352/1261/1352 1343/1253/1343
f 1352/1261/1352 1353/1262/1353 1343/1253/1343
f 1343/1253/1343 1353/1262/1353 1344/1254/1344
f 1353/1262/1353 1354/1263/1354 1344/1254/1344
f 1344/1254/1344 1354/1263/1354 1345/1255/1345
f 1354/1263/1354 1355/1264/1355 1345/1255/1345
f 1345/1255/1345 1355/1264/1355 1346/1256/1346
f 1355/1264/1355 1356/1265/1356 1346/1256/1346
f 1346/1256/1346 1356/1265/1356 1347/1257/1347
f 1356/1265/1356 1357/1266/1357 1347/1257/1347
f 1347/1257/1347 1357/1266/1357 333/640/333
f 1357/1266/1357 332/641/332 333/640/333
f 242/1213/242 1358/1216/1358 1348/1214/1348
f 1358/1216/1358 1359/1267/1359 1348/1214/1348
f 1348/1214/1348 1359/1267/1359 1349/1258/1349
f 1359/1267/1359 1360/1268/1360 1349/1258/1349
f 1349/1258/1349 1360/1268/1360 1350/1259/1350
f 1360/1268/1360 1361/1269/1361 1350/1259/1350
f 1350/1259/1350 1361/1269/1361 1351/1260/1351
f 1361/1269/1361 1362/1270/1362 1351/1260/1351
f 1351/1260/1351 1362/1270/1362 1352/1261/1352
f 1362/1270/1362 1363/1271/1363 1352/1261/1352
f 1352/1261/1352 1363/1271/1363 1353/1262/1353
f 1363/1271/1363 1364/1272/1364 1353/1262/1353
f 1353/1262/1353 1364/1272/1364 1354/1263/1354
f 1364/1272/1364 1365/1273/1365 1354/1263/1354
f 1354/1263/1354 1365/1273/1365 1355/1264/1355
f 1365/1273/1365 1366/1274/1366 1355/1264/1355
f 1355/1264/1355 1366/1274/1366 1356/1265/1356
f 1366/1274/1366 1367/1275/1367 1356/1265/1356
f 1356/1265/1356 1367/1275/1367 1357/1266/1357
f 1367/1275/1367 1368/1276/1368 1357/1266/1357
f 1357/1266/1357 1368/1276/1368 332/641/332
f 1368/1276/1368 331/642/331 332/641/332
f 241/1215/241 1369/1218/1369 1358/1216/1358
f 1369/1218/1369 1370/1277/1370 1358/1216/1358
f 1358/1216/1358 1370/1277/1370 1359/1267/1359
f 1370/1277/1370 1371/1278/1371 1359/1267/1359
f 1359/1267/1359 1371/1278/1371 1360/1268/1360
f 1371/1278/1371 1372/1279/1372 1360/1268/1360
f 1360/1268/1360 1372/1279/1372 1361/1269/1361
f 1372/1279/1372 1373/1280/1373 1361/1269/1361
f 1361/1269/1361 1373/1280/1373 1362/1270/1362
f 1373/1280/1373 1374/1281/1374 1362/1270/1362
f 1362/1270/1362 1374/1281/1374 1363/1271/1363
f 1374/1281/1374 1375/1282/1375 1363/1271/1363
f 1363/1271/1363 1375/1282/1375 1364/1272/1364
f 1375/1282/1375 1376/1283/1376 1364/1272/1364
f 1364/1272/1364 1376/1283/1376 1365/1273/1365
f 1376/1283/1376 1377/1284/1377 1365/1273/1365
f 1365/1273/1365 1377/1284/1377 1366/1274/1366
f 1377/1284/1377 1378/1285/1378 1366/1274/1366
f 1366/1274/1366 1378/1285/1378 1367/1275/1367
f 1378/1285/1378 1379/1286/1379 1367/1275/1367
f 1367/1275/1367 1379/1286/1379 1368/1276/1368
f 1379/1286/1379 1380/1287/1380 1368/1276/1368
f 1368/1276/1368 1380/1287/1380 331/642/331
f 1380/1287/1380 330/643/330 331/642/331
f 240/1217/240 1381/1220/1381 1369/1218/1369
f 1381/1220/1381 1382/1288/1382 1369/1218/1369
f 1369/1218/1369 1382/1288/1382 1370/1277/1370
f 1382/1288/1382 1383/1289/1383 1370/1277/1370
f 1370/1277/1370 1383/1289/1383 1371/1278/1371
f 1383/1289/1383 1384/1290/1384 1371/1278/1371
f 1371/1278/1371 1384/1290/1384 1372/1279/1372
f 1384/1290/1384 1385/1291/1385 1372/1279/1372
f 1372/1279/1372 1385/1291/1385 1373/1280/1373
f 1385/1291/1385 1386/1292/1386 1373/1280/1373
f 1373/1280/1373 1386/1292/1386 1374/1281/1374
f 1386/1292/1386 1387/1293/1387 1374/1281/1374
f 1374/1281/1374 1387/1293/1387 1375/1282/1375
f 1387/1293/1387 1388/1294/1388 1375/1282/1375
f 1375/1282/1375 1388/1294/1388 1376/1283/1376
f 1388/1294/1388 1389/1295/1389 1376/1283/1376
f 1376/1283/1376 1389/1295/1389 1377/1284/1377
f 1389/1295/1389 1390/1296/1390 1377/1284/1377
f 1377/1284/1377 1390/1296/1390 1378/1285/1378
f 1390/1296/1390 1391/1297/1391 1378/1285/1378
f 1378/1285/1378 1391/1297/1391 1379/1286/1379
f 1391/1297/1391 1392/1298/1392 1379/1286/1379
f 1379/1286/1379 1392/1298/1392 1380/1287/1380
f 1392/1298/1392 1393/1299/1393 1380/1287/1380
f 1380/1287/1380 1393/1299/1393 330/643/330
f 1393/1299/1393 329/644/329 330/643/330
f 239/1219/239 1394/1221/1394 1381/1220/1381
f 1394/1221/1394 1395/1300/1395 1381/1220/1381
f 1381/1220/1381 1395/1300/1395 1382/1288/1382
f 1395/1300/1395 1396/1301/1396 1382/1288/1382
f 1382/1288/1382 1396/1301/1396 1383/1289/1383
f 1396/1301/1396 1397/1302/1397 1383/1289/1383
f 1383/1289/1383 1397/1302/1397 1384/1290/1384
f 1397/1302/1397 1398/1303/1398 1384/1290/1384
f 1384/1290/1384 1398/1303/1398 1385/1291/1385
f 1398/1303/1398 1399/1304/1399 1385/1291/1385
f 1385/1291/1385 1399/1304/1399 1386/1292/1386
f 1399/1304/1399 1400/1305/1400 1386/1292/1386
f 1386/1292/1386 1400/1305/1400 1387/1293/1387
f 1400/1305/1400 1401/1306/1401 1387/1293/1387
f 1387/1293/1387 1401/1306/1401 1388/1294/1388
f 1401/1306/1401 1402/1307/1402 1388/1294/1388
f 1388/1294/1388 1402/1307/1402 1389/1295/1389
f 1402/1307/1402 1403/1308/1403 1389/1295/1389
f 1389/1295/1389 1403/1308/1403 1390/1296/1390
f 1403/1308/1403 1404/1309/1404 1390/1296/1390
f 1390/1296/1390 1404/1309/1404 1391/1297/1391
f 1404/1309/1404 1405/1310/1405 1391/1297/1391
f 1391/1297/1391 1405/1310/1405 1392/1298/1392
f 1405/1310/1405 1406/1311/1406 1392/1298/1392
f 1392/1298/1392 1406/1311/1406 1393/1299/1393
f 1406/1311/1406 1407/1312/1407 1393/1299/1393
f 1393/1299/1393 1407/1312/1407 329/644/329
f 1407/1312/1407 328/645/328 329/644/329
f 238/30/238 207/19/207 1394/1221/1394
f 207/19/207 206/1313/206 1394/1221/1394
f 1394/1221/1394 206/1313/206 1395/1300/1395
f 206/1313/206 205/1314/205 1395/1300/1395
f 1395/1300/1395 205/1314/205 1396/1301/1396
f 205/1314/205 204/1315/204 1396/1301/1396
f 1396/1301/1396 204/1315/204 1397/1302/1397
f 204/1315/204 203/1316/203 1397/1302/1397
f 1397/1302/1397 203/1316/203 1398/1303/1398
f 203/1316/203 202/1317/202 1398/1303/1398
f 1398/1303/1398 202/1317/202 1399/1304/1399
f 202/1317/202 201/1318/201 1399/1304/1399
f 1399/1304/1399 201/1318/201 1400/1305/1400
f 201/1318/201 200/1319/200 1400/1305/1400
f 1400/1305/1400 200/1319/200 1401/1306/1401
f 200/1319/200 199/1320/199 1401/1306/1401
f 1401/1306/1401 199/1320/199 1402/1307/1402
f 199/1320/199 198/1321/198 1402/1307/1402
f 1402/1307/1402 198/1321/198 1403/1308/1403
f 198/1321/198 197/1322/197 1403/1308/1403
f 1403/1308/1403 197/1322/197 1404/1309/1404
f 197/1322/197 196/1323/196 1404/1309/1404
f 1404/1309/1404 196/1323/196 1405/1310/1405
f 196/1323/196 195/1324/195 1405/1310/1405
f 1405/1310/1405 195/1324/195 1406/1311/1406
f 195/1324/195 194/1325/194 1406/1311/1406
f 1406/1311/1406 194/1325/194 1407/1312/1407
f 194/1325/194 193/1326/193 1407/1312/1407
f 1407/1312/1407 193/1326/193 328/645/328
f 193/1326/193 7/34/7 328/645/328
f 222/1327/222 327/35/327 7/34/7
f 221/1328/221 1408/1329/1408 222/1327/222
f 220/1330/220 1409/1331/1409 221/1328/221
f 219/1332/219 1411/1333/1411 220/1330/220
f 218/1334/218 1414/1335/1414 219/1332/219
f 217/1336/217 1418/1337/1418 218/1334/218
f 216/1338/216 1423/1339/1423 217/1336/217
f 215/1340/215 1429/1341/1429 216/1338/216
f 214/1342/214 1436/1343/1436 215/1340/215
f 213/1344/213 1444/1345/1444 214/1342/214
f 212/1346/212 1453/1347/1453 213/1344/213
f 211/1348/211 1463/1349/1463 212/1346/212
f 210/1350/210 1474/1351/1474 211/1348/211
f 209/1352/209 1486/1353/1486 210/1350/210
f 208/29/208 1499/1354/1499 209/1352/209
f 222/1327/222 1408/1329/1408 327/35/327
f 1408/1329/1408 326/781/326 327/35/327
f 221/1328/221 1409/1331/1409 1408/1329/1408
f 1409/1331/1409 1410/1355/1410 1408/1329/1408
f 1408/1329/1408 1410/1355/1410 326/781/326
f 1410/1355/1410 325/782/325 326/781/326
f 220/1330/220 1411/1333/1411 1409/1331/1409
f 1411/1333/1411 1412/1356/1412 1409/1331/1409
f 1409/1331/1409 1412/1356/1412 1410/1355/1410
f 1412/1356/1412 1413/1357/1413 1410/1355/1410
f 1410/1355/1410 1413/1357/1413 325/782/325
f 1413/1357/1413 324/783/324 325/782/325
f 219/1332/219 1414/1335/1414 1411/1333/1411
f 1414/1335/1414 1415/1358/1415 1411/1333/1411
f 1411/1333/1411 1415/1358/1415 1412/1356/1412
f 1415/1358/1415 1416/1359/1416 1412/1356/1412
f 1412/1356/1412 1416/1359/1416 1413/1357/1413
f 1416/1359/1416 1417/1360/1417 1413/1357/1413
f 1413/1357/1413 1417/1360/1417 324/783/324
f 1417/1360/1417 323/784/323 324/783/324
f 218/1334/218 1418/1337/1418 1414/1335/1414
f 1418/1337/1418 1419/1361/1419 1414/1335/1414
f 1414/1335/1414 1419/1361/1419 1415/1358/1415
f 1419/1361/1419 1420/1362/1420 1415/1358/1415
f 1415/1358/1415 1420/1362/1420 1416/1359/1416
f 1420/1362/1420 1421/1363/1421 1416/1359/1416
f 1416/1359/1416 1421/1363/1421 1417/1360/1417
f 1421/1363/1421 1422/1364/1422 1417/1360/1417
f 1417/1360/1417 1422/1364/1422 323/784/323
f 1422/1364/1422 322/785/322 323/784/323
f 217/1336/217 1423/1339/1423 1418/1337/1418
f 1423/1339/1423 1424/1365/1424 1418/1337/1418
f 1418/1337/1418 1424/1365/1424 1419/1361/1419
f 1424/1365/1424 1425/1366/1425 1419/1361/1419
f 1419/1361/1419 1425/1366/1425 1420/1362/1420
f 1425/1366/1425 1426/1367/1426 1420/1362/1420
f 1420/1362/1420 1426/1367/1426 1421/1363/1421
f 1426/1367/1426 1427/1368/1427 1421/1363/1421
f 1421/1363/1421 1427/1368/1427 1422/1364/1422
f 1427/1368/1427 1428/1369/1428 1422/1364/1422
f 1422/1364/1422 1428/1369/1428 322/785/322
f 1428/1369/1428 321/786/321 322/785/322
f 216/1338/216 1429/1341/1429 1423/1339/1423
f 1429/1341/1429 1430/1370/1430 1423/1339/1423
f 1423/1339/1423 1430/1370/1430 1424/1365/1424
f 1430/1370/1430 1431/1371/1431 1424/1365/1424
f 1424/1365/1424 1431/1371/1431 1425/1366/1425
f 1431/1371/1431 1432/1372/1432 1425/1366/1425
f 1425/1366/1425 1432/1372/1432 1426/1367/1426
f 1432/1372/1432 1433/1373/1433 1426/1367/1426
f 1426/1367/1426 1433/1373/1433 1427/1368/1427
f 1433/1373/1433 1434/1374/1434 1427/1368/1427
f 1427/1368/1427 1434/1374/1434 1428/1369/1428
f 1434/1374/1434 1435/1375/1435 1428/1369/1428
f 1428/1369/1428 1435/1375/1435 321/786/321
f 1435/1375/1435 320/787/320 321/786/321
f 215/1340/215 1436/1343/1436 1429/1341/1429
f 1436/1343/1436 1437/1376/1437 1429/1341/1429
f 1429/1341/1429 1437/1376/1437 1430/1370/1430
f 1437/1376/1437 1438/1377/1438 1430/1370/1430
f 1430/1370/1430 1438/1377/1438 1431/1371/1431
f 1438/1377/1438 1439/1378/1439 1431/1371/1431
f 1431/1371/1431 1439/1378/1439 1432/1372/1432
f 1439/1378/1439 1440/1379/1440 1432/1372/1432
f 1432/1372/1432 1440/1379/1440 1433/1373/1433
f 1440/1379/1440 1441/1380/1441 1433/1373/1433
f 1433/1373/1433 1441/1380/1441 1434/1374/1434
f 1441/1380/1441 1442/1381/1442 1434/1374/1434
f 1434/1374/1434 1442/1381/1442 1435/1375/1435
f 1442/1381/1442 1443/1382/1443 1435/1375/1435
f 1435/1375/1435 1443/1382/1443 320/787/320
f 1443/1382/1443 319/788/319 320/787/320
f 214/1342/214 1444/1345/1444 1436/1343/1436
f 1444/1345/1444 1445/1383/1445 1436/1343/1436
f 1436/1343/1436 1445/1383/1445 1437/1376/1437
f 1445/1383/1445 1446/1384/1446 1437/1376/1437
f 1437/1376/1437 1446/1384/1446 1438/1377/1438
f 1446/1384/1446 1447/1385/1447 1438/1377/1438
f 1438/1377/1438 1447/1385/1447 1439/1378/1439
f 1447/1385/1447 1448/1386/1448 1439/1378/1439
f 1439/1378/1439 1448/1386/1448 1440/1379/1440
f 1448/1386/1448 1449/1387/1449 1440/1379/1440
f 1440/1379/1440 1449/1387/1449 1441/1380/1441
f 1449/1387/1449 1450/1388/1450 1441/1380/1441
f 1441/1380/1441 1450/1388/1450 1442/1381/1442
f 1450/1388/1450 1451/1389/1451 1442/1381/1442
f 1442/1381/1442 1451/1389/1451 1443/1382/1443
f 1451/1389/1451 1452/1390/1452 1443/1382/1443
f 1443/1382/1443 1452/1390/1452 319/788/319
f 1452/1390/1452 318/789/318 319/788/319
f 213/1344/213 1453/1347/1453 1444/1345/1444
f 1453/1347/1453 1454/1391/1454 1444/1345/1444
f 1444/1345/1444 1454/1391/1454 1445/1383/1445
f 1454/1391/1454 1455/1392/1455 1445/1383/1445
f 1445/1383/1445 1455/1392/1455 1446/1384/1446
f 1455/1392/1455 1456/1393/1456 1446/1384/1446
f 1446/1384/1446 1456/1393/1456 1447/1385/1447
f 1456/1393/1456 1457/1394/1457 1447/1385/1447
f 1447/1385/1447 1457/1394/1457 1448/1386/1448
f 1457/1394/1457 1458/1395/1458 1448/1386/1448
f 1448/1386/1448 1458/1395/1458 1449/1387/1449
f 1458/1395/1458 1459/1396/1459 1449/1387/1449
f 1449/1387/1449 1459/1396/1459 1450/1388/1450
f 1459/1396/1459 1460/1397/1460 1450/1388/1450
f 1450/1388/1450 1460/1397/1460 1451/1389/1451
f 1460/1397/1460 1461/1398/1461 1451/1389/1451
f 1451/1389/1451 1461/1398/1461 1452/1390/1452
f 1461/1398/1461 1462/1399/1462 1452/1390/1452
f 1452/1390/1452 1462/1399/1462 318/789/318
f 1462/1399/1462 317/790/317 318/789/318
f 212/1346/212 1463/1349/1463 1453/1347/1453
f 1463/1349/1463 1464/1400/1464 1453/1347/1453
f 1453/1347/1453 1464/1400/1464 1454/1391/1454
f 1464/1400/1464 1465/1401/1465 1454/1391/1454
f 1454/1391/1454 1465/1401/1465 1455/1392/1455
f 1465/1401/1465 1466/1402/1466 1455/1392/1455
f 1455/1392/1455 1466/1402/1466 1456/1393/1456
f 1466/1402/1466 1467/1403/1467 1456/1393/1456
f 1456/1393/1456 1467/1403/1467 1457/1394/1457
f 1467/1403/1467 1468/1404/1468 1457/1394/1457
f 1457/1394/1457 1468/1404/1468 1458/1395/1458
f 1468/1404/1468 1469/1405/1469 1458/1395/1458
f 1458/1395/1458 1469/1405/1469 1459/1396/1459
f 1469/1405/1469 1470/1406/1470 1459/1396/1459
f 1459/1396/1459 1470/1406/1470 1460/1397/1460
f 1470/1406/1470 1471/1407/1471 1460/1397/1460
f 1460/1397/1460 1471/1407/1471 1461/1398/1461
f 1471/1407/1471 1472/1408/1472 1461/1398/1461
f 1461/1398/1461 1472/1408/1472 1462/1399/1462
f 1472/1408/1472 1473/1409/1473 1462/1399/1462
f 1462/1399/1462 1473/1409/1473 317/790/317
f 1473/1409/1473 316/791/316 317/790/317
f 211/1348/211 1474/1351/1474 1463/1349/1463
f 1474/1351/1474 1475/1410/1475 1463/1349/1463
f 1463/1349/1463 1475/1410/1475 1464/1400/1464
f 1475/1410/1475 1476/1411/1476 1464/1400/1464
f 1464/1400/1464 1476/1411/1476 1465/1401/1465
f 1476/1411/1476 1477/1412/1477 1465/1401/1465
f 1465/1401/1465 1477/1412/1477 1466/1402/1466
f 1477/1412/1477 1478/1413/1478 1466/1402/1466
f 1466/1402/1466 1478/1413/1478 1467/1403/1467
f 1478/1413/1478 1479/1414/1479 1467/1403/1467
f 1467/1403/1467 1479/1414/1479 1468/1404/1468
f 1479/1414/1479 1480/1415/1480 1468/1404/1468
f 1468/1404/1468 1480/1415/1480 1469/1405/1469
f 1480/1415/1480 1481/1416/1481 1469/1405/1469
f 1469/1405/1469 1481/1416/1481 1470/1406/1470
f 1481/1416/1481 1482/1417/1482 1470/1406/1470
f 1470/1406/1470 1482/1417/1482 1471/1407/1471
f 1482/1417/1482 1483/1418/1483 1471/1407/1471
f 1471/1407/1471 1483/1418/1483 1472/1408/1472
f 1483/1418/1483 1484/1419/1484 1472/1408/1472
f 1472/1408/1472 1484/1419/1484 1473/1409/1473
f 1484/1419/1484 1485/1420/1485 1473/1409/1473
f 1473/1409/1473 1485/1420/1485 316/791/316
f 1485/1420/1485 315/792/315 316/791/316
f 210/1350/210 1486/1353/1486 1474/1351/1474
f 1486/1353/1486 1487/1421/1487 1474/1351/1474
f 1474/1351/1474 1487/1421/1487 1475/1410/1475
f 1487/1421/1487 1488/1422/1488 1475/1410/1475
f 1475/1410/1475 1488/1422/1488 1476/1411/1476
f 1488/1422/1488 1489/1423/1489 1476/1411/1476
f 1476/1411/1476 1489/1423/1489 1477/1412/1477
f 1489/1423/1489 1490/1424/1490 1477/1412/1477
f 1477/1412/1477 1490/1424/1490 1478/1413/1478
f 1490/1424/1490 1491/1425/1491 1478/1413/1478
f 1478/1413/1478 1491/1425/1491 1479/1414/1479
f 1491/1425/1491 1492/1426/1492 1479/1414/1479
f 1479/1414/1479 1492/1426/1492 1480/1415/1480
f 1492/1426/1492 1493/1427/1493 1480/1415/1480
f 1480/1415/1480 1493/1427/1493 1481/1416/1481
f 1493/1427/1493 1494/1428/1494 1481/1416/1481
f 1481/1416/1481 1494/1428/1494 1482/1417/1482
f 1494/1428/1494 1495/1429/1495 1482/1417/1482
f 1482/1417/1482 1495/1429/1495 1483/1418/1483
f 1495/1429/1495 1496/1430/1496 1483/1418/1483
f 1483/1418/1483 1496/1430/1496 1484/1419/1484
f 1496/1430/1496 1497/1431/1497 1484/1419/1484
f 1484/1419/1484 1497/1431/1497 1485/1420/1485
f 1497/1431/1497 1498/1432/1498 1485/1420/1485
f 1485/1420/1485 1498/1432/1498 315/792/315
f 1498/1432/1498 314/793/314 315/792/315
f 209/1352/209 1499/1354/1499 1486/1353/1486
f 1499/1354/1499 1500/1433/1500 1486/1353/1486
f 1486/1353/1486 1500/1433/1500 1487/1421/1487
f 1500/1433/1500 1501/1434/1501 1487/1421/1487
f 1487/1421/1487 1501/1434/1501 1488/1422/1488
f 1501/1434/1501 1502/1435/1502 1488/1422/1488
f 1488/1422/1488 1502/1435/1502 1489/1423/1489
f 1502/1435/1502 1503/1436/1503 1489/1423/1489
f 1489/1423/1489 1503/1436/1503 1490/1424/1490
f 1503/1436/1503 1504/1437/1504 1490/1424/1490
f 1490/1424/1490 1504/1437/1504 1491/1425/1491
f 1504/1437/1504 1505/1438/1505 1491/1425/1491
f 1491/1425/1491 1505/1438/1505 1492/1426/1492
f 1505/1438/1505 1506/1439/1506 1492/1426/1492
f 1492/1426/1492 1506/1439/1506 1493/1427/1493
f 1506/1439/1506 1507/1440/1507 1493/1427/1493
f 1493/1427/1493 1507/1440/1507 1494/1428/1494
f 1507/1440/1507 1508/1441/1508 1494/1428/1494
f 1494/1428/1494 1508/1441/1508 1495/1429/1495
f 1508/1441/1508 1509/1442/1509 1495/1429/1495
f 1495/1429/1495 1509/1442/1509 1496/1430/1496
f 1509/1442/1509 1510/1443/1510 1496/1430/1496
f 1496/1430/1496 1510/1443/1510 1497/1431/1497
f 1510/1443/1510 1511/1444/1511 1497/1431/1497
f 1497/1431/1497 1511/1444/1511 1498/1432/1498
f 1511/1444/1511 1512/1445/1512 1498/1432/1498
f 1498/1432/1498 1512/1445/1512 314/793/314
f 1512/1445/1512 313/794/313 314/793/314
f 208/29/208 177/16/177 1499/1354/1499
f 177/16/177 176/1446/176 1499/1354/1499
f 1499/1354/1499 176/1446/176 1500/1433/1500
f 176/1446/176 175/1447/175 1500/1433/1500
f 1500/1433/1500 175/1447/175 1501/1434/1501
f 175/1447/175 174/1448/174 1501/1434/1501
f 1501/1434/1501 174/1448/174 1502/1435/1502
f 174/1448/174 173/1449/173 1502/1435/1502
f 1502/1435/1502 173/1449/173 1503/1436/1503
f 173/1449/173 172/1450/172 1503/1436/1503
f 1503/1436/1503 172/1450/172 1504/1437/1504
f 172/1450/172 171/1451/171 1504/1437/1504
f 1504/1437/1504 171/1451/171 1505/1438/1505
f 171/1451/171 170/1452/170 1505/1438/1505
f 1505/1438/1505 170/1452/170 1506/1439/1506
f 170/1452/170 169/1453/169 1506/1439/1506
f 1506/1439/1506 169/1453/169 1507/1440/1507
f 169/1453/169 168/1454/168 1507/1440/1507
f 1507/1440/1507 168/1454/168 1508/1441/1508
f 168/1454/168 167/1455/167 1508/1441/1508
f 1508/1441/1508 167/1455/167 1509/1442/1509
f 167/1455/167 166/1456/166 1509/1442/1509
f 1509/1442/1509 166/1456/166 1510/1443/1510
f 166/1456/166 165/1457/165 1510/1443/1510
f 1510/1443/1510 165/1457/165 1511/1444/1511
f 165/1457/165 164/1458/164 1511/1444/1511
f 1511/1444/1511 164/1458/164 1512/1445/1512
f 164/1458/164 163/1459/163 1512/1445/1512
f 1512/1445/1512 163/1459/163 313/794/313
f 163/1459/163 11/46/11 313/794/313
f 283/927/283 312/928/312 10/43/10
f 284/926/284 1513/1460/1513 283/927/283
f 285/925/285 1514/1461/1514 284/926/284
f 286/924/286 1516/1462/1516 285/925/285
f 287/923/287 1519/1463/1519 286/924/286
f 288/922/288 1523/1464/1523 287/923/287
f 289/921/289 1528/1465/1528 288/922/288
f 290/920/290 1534/1466/1534 289/921/289
f 291/919/291 1541/1467/1541 290/920/290
f 292/918/292 1549/1468/1549 291/919/291
f 293/917/293 1558/1469/1558 292/918/292
f 294/916/294 1568/1470/1568 293/917/293
f 295/915/295 1579/1471/1579 294/916/294
f 296/914/296 1591/1472/1591 295/915/295
f 297/28/297 1604/1473/1604 296/914/296
f 283/927/283 1513/1460/1513 312/928/312
f 1513/1460/1513 311/929/311 312/928/312
f 284/926/284 1514/1461/1514 1513/1460/1513
f 1514/1461/1514 1515/1474/1515 1513/1460/1513
f 1513/1460/1513 1515/1474/1515 311/929/311
f 1515/1474/1515 310/931/310 311/929/311
f 285/925/285 1516/1462/1516 1514/1461/1514
f 1516/1462/1516 1517/1475/1517 1514/1461/1514
f 1514/1461/1514 1517/1475/1517 1515/1474/1515
f 1517/1475/1517 1518/1476/1518 1515/1474/1515
f 1515/1474/1515 1518/1476/1518 310/931/310
f 1518/1476/1518 309/933/309 310/931/310
f 286/924/286 1519/1463/1519 1516/1462/1516
f 1519/1463/1519 1520/1477/1520 1516/1462/1516
f 1516/1462/1516 1520/1477/1520 1517/1475/1517
f 1520/1477/1520 1521/1478/1521 1517/1475/1517
f 1517/1475/1517 1521/1478/1521 1518/1476/1518
f 1521/1478/1521 1522/1479/1522 1518/1476/1518
f 1518/1476/1518 1522/1479/1522 309/933/309
f 1522/1479/1522 308/935/308 309/933/309
f 287/923/287 1523/1464/1523 1519/1463/1519
f 1523/1464/1523 1524/1480/1524 1519/1463/1519
f 1519/1463/1519 1524/1480/1524 1520/1477/1520
f 1524/1480/1524 1525/1481/1525 1520/1477/1520
f 1520/1477/1520 1525/1481/1525 1521/1478/1521
f 1525/1481/1525 1526/1482/1526 1521/1478/1521
f 1521/1478/1521 1526/1482/1526 1522/1479/1522
f 1526/1482/1526 1527/1483/1527 1522/1479/1522
f 1522/1479/1522 1527/1483/1527 308/935/308
f 1527/1483/1527 307/937/307 308/935/308
f 288/922/288 1528/1465/1528 1523/1464/1523
f 1528/1465/1528 1529/1484/1529 1523/1464/1523
f 1523/1464/1523 1529/1484/1529 1524/1480/1524
f 1529/1484/1529 1530/1485/1530 1524/1480/1524
f 1524/1480/1524 1530/1485/1530 1525/1481/1525
f 1530/1485/1530 1531/1486/1531 1525/1481/1525
f 1525/1481/1525 1531/1486/1531 1526/1482/1526
f 1531/1486/1531 1532/1487/1532 1526/1482/1526
f 1526/1482/1526 1532/1487/1532 1527/1483/1527
f 1532/1487/1532 1533/1488/1533 1527/1483/1527
f 1527/1483/1527 1533/1488/1533 307/937/307
f 1533/1488/1533 306/939/306 307/937/307
f 289/921/289 1534/1466/1534 1528/1465/1528
f 1534/1466/1534 1535/1489/1535 1528/1465/1528
f 1528/1465/1528 1535/1489/1535 1529/1484/1529
f 1535/1489/1535 1536/1490/1536 1529/1484/1529
f 1529/1484/1529 1536/1490/1536 1530/1485/1530
f 1536/1490/1536 1537/1491/1537 1530/1485/1530
f 1530/1485/1530 1537/1491/1537 1531/1486/1531
f 1537/1491/1537 1538/1492/1538 1531/1486/1531
f 1531/1486/1531 1538/1492/1538 1532/1487/1532
f 1538/1492/1538 1539/1493/1539 1532/1487/1532
f 1532/1487/1532 1539/1493/1539 1533/1488/1533
f 1539/1493/1539 1540/1494/1540 1533/1488/1533
f 1533/1488/1533 1540/1494/1540 306/939/306
f 1540/1494/1540 305/941/305 306/939/306
f 290/920/290 1541/1467/1541 1534/1466/1534
f 1541/1467/1541 1542/1495/1542 1534/1466/1534
f 1534/1466/1534 1542/1495/1542 1535/1489/1535
f 1542/1495/1542 1543/1496/1543 1535/1489/1535
f 1535/1489/1535 1543/1496/1543 1536/1490/1536
f 1543/1496/1543 1544/1497/1544 1536/1490/1536
f 1536/1490/1536 1544/1497/1544 1537/1491/1537
f 1544/1497/1544 1545/1498/1545 1537/1491/1537
f 1537/1491/1537 1545/1498/1545 1538/1492/1538
f 1545/1498/1545 1546/1499/1546 1538/1492/1538
f 1538/1492/1538 1546/1499/1546 1539/1493/1539
f 1546/1499/1546 1547/1500/1547 1539/1493/1539
f 1539/1493/1539 1547/1500/1547 1540/1494/1540
f 1547/1500/1547 1548/1501/1548 1540/1494/1540
f 1540/1494/1540 1548/1501/1548 305/941/305
f 1548/1501/1548 304/943/304 305/941/305
f 291/919/291 1549/1468/1549 1541/1467/1541
f 1549/1468/1549 1550/1502/1550 1541/1467/1541
f 1541/1467/1541 1550/1502/1550 1542/1495/1542
f 1550/1502/1550 1551/1503/1551 1542/1495/1542
f 1542/1495/1542 1551/1503/1551 1543/1496/1543
f 1551/1503/1551 1552/1504/1552 1543/1496/1543
f 1543/1496/1543 1552/1504/1552 1544/1497/1544
f 1552/1504/1552 1553/1505/1553 1544/1497/1544
f 1544/1497/1544 1553/1505/1553 1545/1498/1545
f 1553/1505/1553 1554/1506/1554 1545/1498/1545
f 1545/1498/1545 1554/1506/1554 1546/1499/1546
f 1554/1506/1554 1555/1507/1555 1546/1499/1546
f 1546/1499/1546 1555/1507/1555 1547/1500/1547
f 1555/1507/1555 1556/1508/1556 1547/1500/1547
f 1547/1500/1547 1556/1508/1556 1548/1501/1548
f 1556/1508/1556 1557/1509/1557 1548/1501/1548
f 1548/1501/1548 1557/1509/1557 304/943/304
f 1557/1509/1557 303/945/303 304/943/304
f 292/918/292 1558/1469/1558 1549/1468/1549
f 1558/1469/1558 1559/1510/1559 1549/1468/1549
f 1549/1468/1549 1559/1510/1559 1550/1502/1550
f 1559/1510/1559 1560/1511/1560 1550/1502/1550
f 1550/1502/1550 1560/1511/1560 1551/1503/1551
f 1560/1511/1560 1561/1512/1561 1551/1503/1551
f 1551/1503/1551 1561/1512/1561 1552/1504/1552
f 1561/1512/1561 1562/1513/1562 1552/1504/1552
f 1552/1504/1552 1562/1513/1562 1553/1505/1553
f 1562/1513/1562 1563/1514/1563 1553/1505/1553
f 1553/1505/1553 1563/1514/1563 1554/1506/1554
f 1563/1514/1563 1564/1515/1564 1554/1506/1554
f 1554/1506/1554 1564/1515/1564 1555/1507/1555
f 1564/1515/1564 1565/1516/1565 1555/1507/1555
f 1555/1507/1555 1565/1516/1565 1556/1508/1556
f 1565/1516/1565 1566/1517/1566 1556/1508/1556
f 1556/1508/1556 1566/1517/1566 1557/1509/1557
f 1566/1517/1566 1567/1518/1567 1557/1509/1557
f 1557/1509/1557 1567/1518/1567 303/945/303
f 1567/1518/1567 302/947/302 303/945/303
f 293/917/293 1568/1470/1568 1558/1469/1558
f 1568/1470/1568 1569/1519/1569 1558/1469/1558
f 1558/1469/1558 1569/1519/1569 1559/1510/1559
f 1569/1519/1569 1570/1520/1570 1559/1510/1559
f 1559/1510/1559 1570/1520/1570 1560/1511/1560
f 1570/1520/1570 1571/1521/1571 1560/1511/1560
f 1560/1511/1560 1571/1521/1571 1561/1512/1561
f 1571/1521/1571 1572/1522/1572 1561/1512/1561
f 1561/1512/1561 1572/1522/1572 1562/1513/1562
f 1572/1522/1572 1573/1523/1573 1562/1513/1562
f 1562/1513/1562 1573/1523/1573 1563/1514/1563
f 1573/1523/1573 1574/1524/1574 1563/1514/1563
f 1563/1514/1563 1574/1524/1574 1564/1515/1564
f 1574/1524/1574 1575/1525/1575 1564/1515/1564
f 1564/1515/1564 1575/1525/1575 1565/1516/1565
f 1575/1525/1575 1576/1526/1576 1565/1516/1565
f 1565/1516/1565 1576/1526/1576 1566/1517/1566
f 1576/1526/1576 1577/1527/1577 1566/1517/1566
f 1566/1517/1566 1577/1527/1577 1567/1518/1567
f 1577/1527/1577 1578/1528/1578 1567/1518/1567
f 1567/1518/1567 1578/1528/1578 302/947/302
f 1578/1528/1578 301/949/301 302/947/302
f 294/916/294 1579/1471/1579 1568/1470/1568
f 1579/1471/1579 1580/1529/1580 1568/1470/1568
f 1568/1470/1568 1580/1529/1580 1569/1519/1569
f 1580/1529/1580 1581/1530/1581 1569/1519/1569
f 1569/1519/1569 1581/1530/1581 1570/1520/1570
f 1581/1530/1581 1582/1531/1582 1570/1520/1570
f 1570/1520/1570 1582/1531/1582 1571/1521/1571
f 1582/1531/1582 1583/1532/1583 1571/1521/1571
f 1571/1521/1571 1583/1532/1583 1572/1522/1572
f 1583/1532/1583 1584/1533/1584 1572/1522/1572
f 1572/1522/1572 1584/1533/1584 1573/1523/1573
f 1584/1533/1584 1585/1534/1585 1573/1523/1573
f 1573/1523/1573 1585/1534/1585 1574/1524/1574
f 1585/1534/1585 1586/1535/1586 1574/1524/1574
f 1574/1524/1574 1586/1535/1586 1575/1525/1575
f 1586/1535/1586 1587/1536/1587 1575/1525/1575
f 1575/1525/1575 1587/1536/1587 1576/1526/1576
f 1587/1536/1587 1588/1537/1588 1576/1526/1576
f 1576/1526/1576 1588/1537/1588 1577/1527/1577
f 1588/1537/1588 1589/1538/1589 1577/1527/1577
f 1577/1527/1577 1589/1538/1589 1578/1528/1578
f 1589/1538/1589 1590/1539/1590 1578/1528/1578
f 1578/1528/1578 1590/1539/1590 301/949/301
f 1590/1539/1590 300/951/300 301/949/301
f 295/915/295 1591/1472/1591 1579/1471/1579
f 1591/1472/1591 1592/1540/1592 1579/1471/1579
f 1579/1471/1579 1592/1540/1592 1580/1529/1580
f 1592/1540/1592 1593/1541/1593 1580/1529/1580
f 1580/1529/1580 1593/1541/1593 1581/1530/1581
f 1593/1541/1593 1594/1542/1594 1581/1530/1581
f 1581/1530/1581 1594/1542/1594 1582/1531/1582
f 1594/1542/1594 1595/1543/1595 1582/1531/1582
f 1582/1531/1582 1595/1543/1595 1583/1532/1583
f 1595/1543/1595 1596/1544/1596 1583/1532/1583
f 1583/1532/1583 1596/1544/1596 1584/1533/1584
f 1596/1544/1596 1597/1545/1597 1584/1533/1584
f 1584/1533/1584 1597/1545/1597 1585/1534/1585
f 1597/1545/1597 1598/1546/1598 1585/1534/1585
f 1585/1534/1585 1598/1546/1598 1586/1535/1586
f 1598/1546/1598 1599/1547/1599 1586/1535/1586
f 1586/1535/1586 1599/1547/1599 1587/1536/1587
f 1599/1547/1599 1600/1548/1600 1587/1536/1587
f 1587/1536/1587 1600/1548/1600 1588/1537/1588
f 1600/1548/1600 1601/1549/1601 1588/1537/1588
f 1588/1537/1588 1601/1549/1601 1589/1538/1589
f 1601/1549/1601 1602/1550/1602 1589/1538/1589
f 1589/1538/1589 1602/1550/1602 1590/1539/1590
f 1602/1550/1602 1603/1551/1603 1590/1539/1590
f 1590/1539/1590 1603/1551/1603 300/951/300
f 1603/1551/1603 299/953/299 300/951/300
f 296/914/296 1604/1473/1604 1591/1472/1591
f 1604/1473/1604 1605/1552/1605 1591/1472/1591
f 1591/1472/1591 1605/1552/1605 1592/1540/1592
f 1605/1552/1605 1606/1553/1606 1592/1540/1592
f 1592/1540/1592 1606/1553/1606 1593/1541/1593
f 1606/1553/1606 1607/1554/1607 1593/1541/1593
f 1593/1541/1593 1607/1554/1607 1594/1542/1594
f 1607/1554/1607 1608/1555/1608 1594/1542/1594
f 1594/1542/1594 1608/1555/1608 1595/1543/1595
f 1608/1555/1608 1609/1556/1609 1595/1543/1595
f 1595/1543/1595 1609/1556/1609 1596/1544/1596
f 1609/1556/1609 1610/1557/1610 1596/1544/1596
f 1596/1544/1596 1610/1557/1610 1597/1545/1597
f 1610/1557/1610 1611/1558/1611 1597/1545/1597
f 1597/1545/1597 1611/1558/1611 1598/1546/1598
f 1611/1558/1611 1612/1559/1612 1598/1546/1598
f 1598/1546/1598 1612/1559/1612 1599/1547/1599
f 1612/1559/1612 1613/1560/1613 1599/1547/1599
f 1599/1547/1599 1613/1560/1613 1600/1548/1600
f 1613/1560/1613 1614/1561/1614 1600/1548/1600
f 1600/1548/1600 1614/1561/1614 1601/1549/1601
f 1614/1561/1614 1615/1562/1615 1601/1549/1601
f 1601/1549/1601 1615/1562/1615 1602/1550/1602
f 1615/1562/1615 1616/1563/1616 1602/1550/1602
f 1602/1550/1602 1616/1563/1616 1603/1551/1603
f 1616/1563/1616 1617/1564/1617 1603/1551/1603
f 1603/1551/1603 1617/1564/1617 299/953/299
f 1617/1564/1617 298/32/298 299/953/299
f 297/28/297 162/27/162 1604/1473/1604
f 162/27/162 161/1565/161 1604/1473/1604
f 1604/1473/1604 161/1565/161 1605/1552/1605
f 161/1565/161 160/1566/160 1605/1552/1605
f 1605/1552/1605 160/1566/160 1606/1553/1606
f 160/1566/160 159/1567/159 1606/1553/1606
f 1606/1553/1606 159/1567/159 1607/1554/1607
f 159/1567/159 158/1568/158 1607/1554/1607
f 1607/1554/1607 158/1568/158 1608/1555/1608
f 158/1568/158 157/1569/157 1608/1555/1608
f 1608/1555/1608 157/1569/157 1609/1556/1609
f 157/1569/157 156/1570/156 1609/1556/1609
f 1609/1556/1609 156/1570/156 1610/1557/1610
f 156/1570/156 155/1571/155 1610/1557/1610
f 1610/1557/1610 155/1571/155 1611/1558/1611
f 155/1571/155 154/1572/154 1611/1558/1611
f 1611/1558/1611 154/1572/154 1612/1559/1612
f 154/1572/154 153/1573/153 1612/1559/1612
f 1612/1559/1612 153/1573/153 1613/1560/1613
f 153/1573/153 152/1574/152 1613/1560/1613
f 1613/1560/1613 152/1574/152 1614/1561/1614
f 152/1574/152 151/1575/151 1614/1561/1614
f 1614/1561/1614 151/1575/151 1615/1562/1615
f 151/1575/151 150/1576/150 1615/1562/1615
f 1615/1562/1615 150/1576/150 1616/1563/1616
f 150/1576/150 149/1577/149 1616/1563/1616
f 1616/1563/1616 149/1577/149 1617/1564/1617
f 149/1577/149 148/1578/148 1617/1564/1617
f 1617/1564/1617 148/1578/148 298/32/298
f 148/1578/148 5/23/5 298/32/298
f 253/1060/253 282/1061/282 9/40/9
f 254/1059/254 1618/1579/1618 253/1060/253
f 255/1058/255 1619/1580/1619 254/1059/254
f 256/1057/256 1621/1581/1621 255/1058/255
f 257/1056/257 1624/1582/1624 256/1057/256
f 258/1055/258 1628/1583/1628 257/1056/257
f 259/1054/259 1633/1584/1633 258/1055/258
f 260/1053/260 1639/1585/1639 259/1054/259
f 261/1052/261 1646/1586/1646 260/1053/260
f 262/1051/262 1654/1587/1654 261/1052/261
f 263/1050/263 1663/1588/1663 262/1051/262
f 264/1049/264 1673/1589/1673 263/1050/263
f 265/1048/265 1684/1590/1684 264/1049/264
f 266/1047/266 1696/1591/1696 265/1048/265
f 267/25/267 1709/1592/1709 266/1047/266
f 253/1060/253 1618/1579/1618 282/1061/282
f 1618/1579/1618 281/1062/281 282/1061/282
f 254/1059/254 1619/1580/1619 1618/1579/1618
f 1619/1580/1619 1620/1593/1620 1618/1579/1618
f 1618/1579/1618 1620/1593/1620 281/1062/281
f 1620/1593/1620 280/1064/280 281/1062/281
f 255/1058/255 1621/1581/1621 1619/1580/1619
f 1621/1581/1621 1622/1594/1622 1619/1580/1619
f 1619/1580/1619 1622/1594/1622 1620/1593/1620
f 1622/1594/1622 1623/1595/1623 1620/1593/1620
f 1620/1593/1620 1623/1595/1623 280/1064/280
f 1623/1595/1623 279/1066/279 280/1064/280
f 256/1057/256 1624/1582/1624 1621/1581/1621
f 1624/1582/1624 1625/1596/1625 1621/1581/1621
f 1621/1581/1621 1625/1596/1625 1622/1594/1622
f 1625/1596/1625 1626/1597/1626 1622/1594/1622
f 1622/1594/1622 1626/1597/1626 1623/1595/1623
f 1626/1597/1626 1627/1598/1627 1623/1595/1623
f 1623/1595/1623 1627/1598/1627 279/1066/279
f 1627/1598/1627 278/1068/278 279/1066/279
f 257/1056/257 1628/1583/1628 1624/1582/1624
f 1628/1583/1628 1629/1599/1629 1624/1582/1624
f 1624/1582/1624 1629/1599/1629 1625/1596/1625
f 1629/1599/1629 1630/1600/1630 1625/1596/1625
f 1625/1596/1625 1630/1600/1630 1626/1597/1626
f 1630/1600/1630 1631/1601/1631 1626/1597/1626
f 1626/1597/1626 1631/1601/1631 1627/1598/1627
f 1631/1601/1631 1632/1602/1632 1627/1598/1627
f 1627/1598/1627 1632/1602/1632 278/1068/278
f 1632/1602/1632 277/1070/277 278/1068/278
f 258/1055/258 1633/1584/1633 1628/1583/1628
f 1633/1584/1633 1634/1603/1634 1628/1583/1628
f 1628/1583/1628 1634/1603/1634 1629/1599/1629
f 1634/1603/1634 1635/1604/1635 1629/1599/1629
f 1629/1599/1629 1635/1604/1635 1630/1600/1630
f 1635/1604/1635 1636/1605/1636 1630/1600/1630
f 1630/1600/1630 1636/1605/1636 1631/1601/1631
f 1636/1605/1636 1637/1606/1637 1631/1601/1631
f 1631/1601/1631 1637/1606/1637 1632/1602/1632
f 1637/1606/1637 1638/1607/1638 1632/1602/1632
f 1632/1602/1632 1638/1607/1638 277/1070/277
f 1638/1607/1638 276/1072/276 277/1070/277
f 259/1054/259 1639/1585/1639 1633/1584/1633
f 1639/1585/1639 1640/1608/1640 1633/1584/1633
f 1633/1584/1633 1640/1608/1640 1634/1603/1634
f 1640/1608/1640 1641/1609/1641 1634/1603/1634
f 1634/1603/1634 1641/1609/1641 1635/1604/1635
f 1641/1609/1641 1642/1610/1642 1635/1604/1635
f 1635/1604/1635 1642/1610/1642 1636/1605/1636
f 1642/1610/1642 1643/1611/1643 1636/1605/1636
f 1636/1605/1636 1643/1611/1643 1637/1606/1637
f 1643/1611/1643 1644/1612/1644 1637/1606/1637
f 1637/1606/1637 1644/1612/1644 1638/1607/1638
f 1644/1612/1644 1645/1613/1645 1638/1607/1638
f 1638/1607/1638 1645/1613/1645 276/1072/276
f 1645/1613/1645 275/1074/275 276/1072/276
f 260/1053/260 1646/1586/1646 1639/1585/1639
f 1646/1586/1646 1647/1614/1647 1639/1585/1639
f 1639/1585/1639 1647/1614/1647 1640/1608/1640
f 1647/1614/1647 1648/1615/1648 1640/1608/1640
f 1640/1608/1640 1648/1615/1648 1641/1609/1641
f 1648/1615/1648 1649/1616/1649 1641/1609/1641
f 1641/1609/1641 1649/1616/1649 1642/1610/1642
f 1649/1616/1649 1650/1617/1650 1642/1610/1642
f 1642/1610/1642 1650/1617/1650 1643/1611/1643
f 1650/1617/1650 1651/1618/1651 1643/1611/1643
f 1643/1611/1643 1651/1618/1651 1644/1612/1644
f 1651/1618/1651 1652/1619/1652 1644/1612/1644
f 1644/1612/1644 1652/1619/1652 1645/1613/1645
f 1652/1619/1652 1653/1620/1653 1645/1613/1645
f 1645/1613/1645 1653/1620/1653 275/1074/275
f 1653/1620/1653 274/1076/274 275/1074/275
f 261/1052/261 1654/1587/1654 1646/1586/1646
f 1654/1587/1654 1655/1621/1655 1646/1586/1646
f 1646/1586/1646 1655/1621/1655 1647/1614/1647
f 1655/1621/1655 1656/1622/1656 1647/1614/1647
f 1647/1614/1647 1656/1622/1656 1648/1615/1648
f 1656/1622/1656 1657/1623/1657 1648/1615/1648
f 1648/1615/1648 1657/1623/1657 1649/1616/1649
f 1657/1623/1657 1658/1624/1658 1649/1616/1649
f 1649/1616/1649 1658/1624/1658 1650/1617/1650
f 1658/1624/1658 1659/1625/1659 1650/1617/1650
f 1650/1617/1650 1659/1625/1659 1651/1618/1651
f 1659/1625/1659 1660/1626/1660 1651/1618/1651
f 1651/1618/1651 1660/1626/1660 1652/1619/1652
f 1660/1626/1660 1661/1627/1661 1652/1619/1652
f 1652/1619/1652 1661/1627/1661 1653/1620/1653
f 1661/1627/1661 1662/1628/1662 1653/1620/1653
f 1653/1620/1653 1662/1628/1662 274/1076/274
f 1662/1628/1662 273/1078/273 274/1076/274
f 262/1051/262 1663/1588/1663 1654/1587/1654
f 1663/1588/1663 1664/1629/1664 1654/1587/1654
f 1654/1587/1654 1664/1629/1664 1655/1621/1655
f 1664/1629/1664 1665/1630/1665 1655/1621/1655
f 1655/1621/1655 1665/1630/1665 1656/1622/1656
f 1665/1630/1665 1666/1631/1666 1656/1622/1656
f 1656/1622/1656 1666/1631/1666 1657/1623/1657
f 1666/1631/1666 1667/1632/1667 1657/1623/1657
f 1657/1623/1657 1667/1632/1667 1658/1624/1658
f 1667/1632/1667 1668/1633/1668 1658/1624/1658
f 1658/1624/1658 1668/1633/1668 1659/1625/1659
f 1668/1633/1668 1669/1634/1669 1659/1625/1659
f 1659/1625/1659 1669/1634/1669 1660/1626/1660
f 1669/1634/1669 1670/1635/1670 1660/1626/1660
f 1660/1626/1660 1670/1635/1670 1661/1627/1661
f 1670/1635/1670 1671/1636/1671 1661/1627/1661
f 1661/1627/1661 1671/1636/1671 1662/1628/1662
f 1671/1636/1671 1672/1637/1672 1662/1628/1662
f 1662/1628/1662 1672/1637/1672 273/1078/273
f 1672/1637/1672 272/1080/272 273/1078/273
f 263/1050/263 1673/1589/1673 1663/1588/1663
f 1673/1589/1673 1674/1638/1674 1663/1588/1663
f 1663/1588/1663 1674/1638/1674 1664/1629/1664
f 1674/1638/1674 1675/1639/1675 1664/1629/1664
f 1664/1629/1664 1675/1639/1675 1665/1630/1665
f 1675/1639/1675 1676/1640/1676 1665/1630/1665
f 1665/1630/1665 1676/1640/1676 1666/1631/1666
f 1676/1640/1676 1677/1641/1677 1666/1631/1666
f 1666/1631/1666 1677/1641/1677 1667/1632/1667
f 1677/1641/1677 1678/1642/1678 1667/1632/1667
f 1667/1632/1667 1678/1642/1678 1668/1633/1668
f 1678/1642/1678 1679/1643/1679 1668/1633/1668
f 1668/1633/1668 1679/1643/1679 1669/1634/1669
f 1679/1643/1679 1680/1644/1680 1669/1634/1669
f 1669/1634/1669 1680/1644/1680 1670/1635/1670
f 1680/1644/1680 1681/1645/1681 1670/1635/1670
f 1670/1635/1670 1681/1645/1681 1671/1636/1671
f 1681/1645/1681 1682/1646/1682 1671/1636/1671
f 1671/1636/1671 1682/1646/1682 1672/1637/1672
f 1682/1646/1682 1683/1647/1683 1672/1637/1672
f 1672/1637/1672 1683/1647/1683 272/1080/272
f 1683/1647/1683 271/1082/271 272/1080/272
f 264/1049/264 1684/1590/1684 1673/1589/1673
f 1684/1590/1684 1685/1648/1685 1673/1589/1673
f 1673/1589/1673 1685/1648/1685 1674/1638/1674
f 1685/1648/1685 1686/1649/1686 1674/1638/1674
f 1674/1638/1674 1686/1649/1686 1675/1639/1675
f 1686/1649/1686 1687/1650/1687 1675/1639/1675
f 1675/1639/1675 1687/1650/1687 1676/1640/1676
f 1687/1650/1687 1688/1651/1688 1676/1640/1676
f 1676/1640/1676 1688/1651/1688 1677/1641/1677
f 1688/1651/1688 1689/1652/1689 1677/1641/1677
f 1677/1641/1677 1689/1652/1689 1678/1642/1678
f 1689/1652/1689 1690/1653/1690 1678/1642/1678
f 1678/1642/1678 1690/1653/1690 1679/1643/1679
f 1690/1653/1690 1691/1654/1691 1679/1643/1679
f 1679/1643/1679 1691/1654/1691 1680/1644/1680
f 1691/1654/1691 1692/1655/1692 1680/1644/1680
f 1680/1644/1680 1692/1655/1692 1681/1645/1681
f 1692/1655/1692 1693/1656/1693 1681/1645/1681
f 1681/1645/1681 1693/1656/1693 1682/1646/1682
f 1693/1656/1693 1694/1657/1694 1682/1646/1682
f 1682/1646/1682 1694/1657/1694 1683/1647/1683
f 1694/1657/1694 1695/1658/1695 1683/1647/1683
f 1683/1647/1683 1695/1658/1695 271/1082/271
f 1695/1658/1695 270/1084/270 271/1082/271
f 265/1048/265 1696/1591/1696 1684/1590/1684
f 1696/1591/1696 1697/1659/1697 1684/1590/1684
f 1684/1590/1684 1697/1659/1697 1685/1648/1685
f 1697/1659/1697 1698/1660/1698 1685/1648/1685
f 1685/1648/1685 1698/1660/1698 1686/1649/1686
f 1698/1660/1698 1699/1661/1699 1686/1649/1686
f 1686/1649/1686 1699/1661/1699 1687/1650/1687
f 1699/1661/1699 1700/1662/1700 1687/1650/1687
f 1687/1650/1687 1700/1662/1700 1688/1651/1688
f 1700/1662/1700 1701/1663/1701 1688/1651/1688
f 1688/1651/1688 1701/1663/1701 1689/1652/1689
f 1701/1663/1701 1702/1664/1702 1689/1652/1689
f 1689/1652/1689 1702/1664/1702 1690/1653/1690
f 1702/1664/1702 1703/1665/1703 1690/1653/1690
f 1690/1653/1690 1703/1665/1703 1691/1654/1691
f 1703/1665/1703 1704/1666/1704 1691/1654/1691
f 1691/1654/1691 1704/1666/1704 1692/1655/1692
f 1704/1666/1704 1705/1667/1705 1692/1655/1692
f 1692/1655/1692 1705/1667/1705 1693/1656/1693
f 1705/1667/1705 1706/1668/1706 1693/1656/1693
f 1693/1656/1693 1706/1668/1706 1694/1657/1694
f 1706/1668/1706 1707/1669/1707 1694/1657/1694
f 1694/1657/1694 1707/1669/1707 1695/1658/1695
f 1707/1669/1707 1708/1670/1708 1695/1658/1695
f 1695/1658/1695 1708/1670/1708 270/1084/270
f 1708/1670/1708 269/1086/269 270/1084/270
f 266/1047/266 1709/1592/1709 1696/1591/1696
f 1709/1592/1709 1710/1671/1710 1696/1591/1696
f 1696/1591/1696 1710/1671/1710 1697/1659/1697
f 1710/1671/1710 1711/1672/1711 1697/1659/1697
f 1697/1659/1697 1711/1672/1711 1698/1660/1698
f 1711/1672/1711 1712/1673/1712 1698/1660/1698
f 1698/1660/1698 1712/1673/1712 1699/1661/1699
f 1712/1673/1712 1713/1674/1713 1699/1661/1699
f 1699/1661/1699 1713/1674/1713 1700/1662/1700
f 1713/1674/1713 1714/1675/1714 1700/1662/1700
f 1700/1662/1700 1714/1675/1714 1701/1663/1701
f 1714/1675/1714 1715/1676/1715 1701/1663/1701
f 1701/1663/1701 1715/1676/1715 1702/1664/1702
f 1715/1676/1715 1716/1677/1716 1702/1664/1702
f 1702/1664/1702 1716/1677/1716 1703/1665/1703
f 1716/1677/1716 1717/1678/1717 1703/1665/1703
f 1703/1665/1703 1717/1678/1717 1704/1666/1704
f 1717/1678/1717 1718/1679/1718 1704/1666/1704
f 1704/1666/1704 1718/1679/1718 1705/1667/1705
f 1718/1679/1718 1719/1680/1719 1705/1667/1705
f 1705/1667/1705 1719/1680/1719 1706/1668/1706
f 1719/1680/1719 1720/1681/1720 1706/1668/1706
f 1706/1668/1706 1720/1681/1720 1707/1669/1707
f 1720/1681/1720 1721/1682/1721 1707/1669/1707
f 1707/1669/1707 1721/1682/1721 1708/1670/1708
f 1721/1682/1721 1722/1683/1722 1708/1670/1708
f 1708/1670/1708 1722/1683/1722 269/1086/269
f 1722/1683/1722 268/31/268 269/1086/269
f 267/25/267 147/24/147 1709/1592/1709
f 147/24/147 146/1684/146 1709/1592/1709
f 1709/1592/1709 146/1684/146 1710/1671/1710
f 146/1684/146 145/1685/145 1710/1671/1710
f 1710/1671/1710 145/1685/145 1711/1672/1711
f 145/1685/145 144/1686/144 1711/1672/1711
f 1711/1672/1711 144/1686/144 1712/1673/1712
f 144/1686/144 143/1687/143 1712/1673/1712
f 1712/1673/1712 143/1687/143 1713/1674/1713
f 143/1687/143 142/1688/142 1713/1674/1713
f 1713/1674/1713 142/1688/142 1714/1675/1714
f 142/1688/142 141/1689/141 1714/1675/1714
f 1714/1675/1714 141/1689/141 1715/1676/1715
f 141/1689/141 140/1690/140 1715/1676/1715
f 1715/1676/1715 140/1690/140 1716/1677/1716
f 140/1690/140 139/1691/139 1716/1677/1716
f 1716/1677/1716 139/1691/139 1717/1678/1717
f 139/1691/139 138/1692/138 1717/1678/1717
f 1717/1678/1717 138/1692/138 1718/1679/1718
f 138/1692/138 137/1693/137 1718/1679/1718
f 1718/1679/1718 137/1693/137 1719/1680/1719
f 137/1693/137 136/1694/136 1719/1680/1719
f 1719/1680/1719 136/1694/136 1720/1681/1720
f 136/1694/136 135/1695/135 1720/1681/1720
f 1720/1681/1720 135/1695/135 1721/1682/1721
f 135/1695/135 134/1696/134 1721/1682/1721
f 1721/1682/1721 134/1696/134 1722/1683/1722
f 134/1696/134 133/1697/133 1722/1683/1722
f 1722/1683/1722 133/1697/133 268/31/268
f 133/1697/133 4/20/4 268/31/268
f 223/1193/223 252/1698/252 8/496/8
f 224/1192/224 1723/1699/1723 223/1193/223
f 225/1191/225 1724/1700/1724 224/1192/224
f 226/1190/226 1726/1701/1726 225/1191/225
f 227/1189/227 1729/1702/1729 226/1190/226
f 228/1188/228 1733/1703/1733 227/1189/227
f 229/1187/229 1738/1704/1738 228/1188/228
f 230/1186/230 1744/1705/1744 229/1187/229
f 231/1185/231 1751/1706/1751 230/1186/230
f 232/1184/232 1759/1707/1759 231/1185/231
f 233/1183/233 1768/1708/1768 232/1184/232
f 234/1182/234 1778/1709/1778 233/1183/233
f 235/1181/235 1789/1710/1789 234/1182/234
f 236/1180/236 1801/1711/1801 235/1181/235
f 237/22/237 1814/1712/1814 236/1180/236
f 223/1193/223 1723/1699/1723 252/1698/252
f 1723/1699/1723 251/1713/251 252/1698/252
f 224/1192/224 1724/1700/1724 1723/1699/1723
f 1724/1700/1724 1725/1714/1725 1723/1699/1723
f 1723/1699/1723 1725/1714/1725 251/1713/251
f 1725/1714/1725 250/1715/250 251/1713/251
f 225/1191/225 1726/1701/1726 1724/1700/1724
f 1726/1701/1726 1727/1716/1727 1724/1700/1724
f 1724/1700/1724 1727/1716/1727 1725/1714/1725
f 1727/1716/1727 1728/1717/1728 1725/1714/1725
f 1725/1714/1725 1728/1717/1728 250/1715/250
f 1728/1717/1728 249/1718/249 250/1715/250
f 226/1190/226 1729/1702/1729 1726/1701/1726
f 1729/1702/1729 1730/1719/1730 1726/1701/1726
f 1726/1701/1726 1730/1719/1730 1727/1716/1727
f 1730/1719/1730 1731/1720/1731 1727/1716/1727
f 1727/1716/1727 1731/1720/1731 1728/1717/1728
f 1731/1720/1731 1732/1721/1732 1728/1717/1728
f 1728/1717/1728 1732/1721/1732 249/1718/249
f 1732/1721/1732 248/1722/248 249/1718/249
f 227/1189/227 1733/1703/1733 1729/1702/1729
f 1733/1703/1733 1734/1723/1734 1729/1702/1729
f 1729/1702/1729 1734/1723/1734 1730/1719/1730
f 1734/1723/1734 1735/1724/1735 1730/1719/1730
f 1730/1719/1730 1735/1724/1735 1731/1720/1731
f 1735/1724/1735 1736/1725/1736 1731/1720/1731
f 1731/1720/1731 1736/1725/1736 1732/1721/1732
f 1736/1725/1736 1737/1726/1737 1732/1721/1732
f 1732/1721/1732 1737/1726/1737 248/1722/248
f 1737/1726/1737 247/1727/247 248/1722/248
f 228/1188/228 1738/1704/1738 1733/1703/1733
f 1738/1704/1738 1739/1728/1739 1733/1703/1733
f 1733/1703/1733 1739/1728/1739 1734/1723/1734
f 1739/1728/1739 1740/1729/1740 1734/1723/1734
f 1734/1723/1734 1740/1729/1740 1735/1724/1735
f 1740/1729/1740 1741/1730/1741 1735/1724/1735
f 1735/1724/1735 1741/1730/1741 1736/1725/1736
f 1741/1730/1741 1742/1731/1742 1736/1725/1736
f 1736/1725/1736 1742/1731/1742 1737/1726/1737
f 1742/1731/1742 1743/1732/1743 1737/1726/1737
f 1737/1726/1737 1743/1732/1743 247/1727/247
f 1743/1732/1743 246/1733/246 247/1727/247
f 229/1187/229 1744/1705/1744 1738/1704/1738
f 1744/1705/1744 1745/1734/1745 1738/1704/1738
f 1738/1704/1738 1745/1734/1745 1739/1728/1739
f 1745/1734/1745 1746/1735/1746 1739/1728/1739
f 1739/1728/1739 1746/1735/1746 1740/1729/1740
f 1746/1735/1746 1747/1736/1747 1740/1729/1740
f 1740/1729/1740 1747/1736/1747 1741/1730/1741
f 1747/1736/1747 1748/1737/1748 1741/1730/1741
f 1741/1730/1741 1748/1737/1748 1742/1731/1742
f 1748/1737/1748 1749/1738/1749 1742/1731/1742
f 1742/1731/1742 1749/1738/1749 1743/1732/1743
f 1749/1738/1749 1750/1739/1750 1743/1732/1743
f 1743/1732/1743 1750/1739/1750 246/1733/246
f 1750/1739/1750 245/1740/245 246/1733/246
f 230/1186/230 1751/1706/1751 1744/1705/1744
f 1751/1706/1751 1752/1741/1752 1744/1705/1744
f 1744/1705/1744 1752/1741/1752 1745/1734/1745
f 1752/1741/1752 1753/1742/1753 1745/1734/1745
f 1745/1734/1745 1753/1742/1753 1746/1735/1746
f 1753/1742/1753 1754/1743/1754 1746/1735/1746
f 1746/1735/1746 1754/1743/1754 1747/1736/1747
f 1754/1743/1754 1755/1744/1755 1747/1736/1747
f 1747/1736/1747 1755/1744/1755 1748/1737/1748
f 1755/1744/1755 1756/1745/1756 1748/1737/1748
f 1748/1737/1748 1756/1745/1756 1749/1738/1749
f 1756/1745/1756 1757/1746/1757 1749/1738/1749
f 1749/1738/1749 1757/1746/1757 1750/1739/1750
f 1757/1746/1757 1758/1747/1758 1750/1739/1750
f 1750/1739/1750 1758/1747/1758 245/1740/245
f 1758/1747/1758 244/1748/244 245/1740/245
f 231/1185/231 1759/1707/1759 1751/1706/1751
f 1759/1707/1759 1760/1749/1760 1751/1706/1751
f 1751/1706/1751 1760/1749/1760 1752/1741/1752
f 1760/1749/1760 1761/1750/1761 1752/1741/1752
f 1752/1741/1752 1761/1750/1761 1753/1742/1753
f 1761/1750/1761 1762/1751/1762 1753/1742/1753
f 1753/1742/1753 1762/1751/1762 1754/1743/1754
f 1762/1751/1762 1763/1752/1763 1754/1743/1754
f 1754/1743/1754 1763/1752/1763 1755/1744/1755
f 1763/1752/1763 1764/1753/1764 1755/1744/1755
f 1755/1744/1755 1764/1753/1764 1756/1745/1756
f 1764/1753/1764 1765/1754/1765 1756/1745/1756
f 1756/1745/1756 1765/1754/1765 1757/1746/1757
f 1765/1754/1765 1766/1755/1766 1757/1746/1757
f 1757/1746/1757 1766/1755/1766 1758/1747/1758
f 1766/1755/1766 1767/1756/1767 1758/1747/1758
f 1758/1747/1758 1767/1756/1767 244/1748/244
f 1767/1756/1767 243/1757/243 244/1748/244
f 232/1184/232 1768/1708/1768 1759/1707/1759
f 1768/1708/1768 1769/1758/1769 1759/1707/1759
f 1759/1707/1759 1769/1758/1769 1760/1749/1760
f 1769/1758/1769 1770/1759/1770 1760/1749/1760
f 1760/1749/1760 1770/1759/1770 1761/1750/1761
f 1770/1759/1770 1771/1760/1771 1761/1750/1761
f 1761/1750/1761 1771/1760/1771 1762/1751/1762
f 1771/1760/1771 1772/1761/1772 1762/1751/1762
f 1762/1751/1762 1772/1761/1772 1763/1752/1763
f 1772/1761/1772 1773/1762/1773 1763/1752/1763
f 1763/1752/1763 1773/1762/1773 1764/1753/1764
f 1773/1762/1773 1774/1763/1774 1764/1753/1764
f 1764/1753/1764 1774/1763/1774 1765/1754/1765
f 1774/1763/1774 1775/1764/1775 1765/1754/1765
f 1765/1754/1765 1775/1764/1775 1766/1755/1766
f 1775/1764/1775 1776/1765/1776 1766/1755/1766
f 1766/1755/1766 1776/1765/1776 1767/1756/1767
f 1776/1765/1776 1777/1766/1777 1767/1756/1767
f 1767/1756/1767 1777/1766/1777 243/1757/243
f 1777/1766/1777 242/1767/242 243/1757/243
f 233/1183/233 1778/1709/1778 1768/1708/1768
f 1778/1709/1778 1779/1768/1779 1768/1708/1768
f 1768/1708/1768 1779/1768/1779 1769/1758/1769
f 1779/1768/1779 1780/1769/1780 1769/1758/1769
f 1769/1758/1769 1780/1769/1780 1770/1759/1770
f 1780/1769/1780 1781/1770/1781 1770/1759/1770
f 1770/1759/1770 1781/1770/1781 1771/1760/1771
f 1781/1770/1781 1782/1771/1782 1771/1760/1771
f 1771/1760/1771 1782/1771/1782 1772/1761/1772
f 1782/1771/1782 1783/1772/1783 1772/1761/1772
f 1772/1761/1772 1783/1772/1783 1773/1762/1773
f 1783/1772/1783 1784/1773/1784 1773/1762/1773
f 1773/1762/1773 1784/1773/1784 1774/1763/1774
f 1784/1773/1784 1785/1774/1785 1774/1763/1774
f 1774/1763/1774 1785/1774/1785 1775/1764/1775
f 1785/1774/1785 1786/1775/1786 1775/1764/1775
f 1775/1764/1775 1786/1775/1786 1776/1765/1776
f 1786/1775/1786 1787/1776/1787 1776/1765/1776
f 1776/1765/1776 1787/1776/1787 1777/1766/1777
f 1787/1776/1787 1788/1777/1788 1777/1766/1777
f 1777/1766/1777 1788/1777/1788 242/1767/242
f 1788/1777/1788 241/1778/241 242/1767/242
f 234/1182/234 1789/1710/1789 1778/1709/1778
f 1789/1710/1789 1790/1779/1790 1778/1709/1778
f 1778/1709/1778 1790/1779/1790 1779/1768/1779
f 1790/1779/1790 1791/1780/1791 1779/1768/1779
f 1779/1768/1779 1791/1780/1791 1780/1769/1780
f 1791/1780/1791 1792/1781/1792 1780/1769/1780
f 1780/1769/1780 1792/1781/1792 1781/1770/1781
f 1792/1781/1792 1793/1782/1793 1781/1770/1781
f 1781/1770/1781 1793/1782/1793 1782/1771/1782
f 1793/1782/1793 1794/1783/1794 1782/1771/1782
f 1782/1771/1782 1794/1783/1794 1783/1772/1783
f 1794/1783/1794 1795/1784/1795 1783/1772/1783
f 1783/1772/1783 1795/1784/1795 1784/1773/1784
f 1795/1784/1795 1796/1785/1796 1784/1773/1784
f 1784/1773/1784 1796/1785/1796 1785/1774/1785
f 1796/1785/1796 1797/1786/1797 1785/1774/1785
f 1785/1774/1785 1797/1786/1797 1786/1775/1786
f 1797/1786/1797 1798/1787/1798 1786/1775/1786
f 1786/1775/1786 1798/1787/1798 1787/1776/1787
f 1798/1787/1798 1799/1788/1799 1787/1776/1787
f 1787/1776/1787 1799/1788/1799 1788/1777/1788
f 1799/1788/1799 1800/1789/1800 1788/1777/1788
f 1788/1777/1788 1800/1789/1800 241/1778/241
f 1800/1789/1800 240/1790/240 241/1778/241
f 235/1181/235 1801/1711/1801 1789/1710/1789
f 1801/1711/1801 1802/1791/1802 1789/1710/1789
f 1789/1710/1789 1802/1791/1802 1790/1779/1790
f 1802/1791/1802 1803/1792/1803 1790/1779/1790
f 1790/1779/1790 1803/1792/1803 1791/1780/1791
f 1803/1792/1803 1804/1793/1804 1791/1780/1791
f 1791/1780/1791 1804/1793/1804 1792/1781/1792
f 1804/1793/1804 1805/1794/1805 1792/1781/1792
f 1792/1781/1792 1805/1794/1805 1793/1782/1793
f 1805/1794/1805 1806/1795/1806 1793/1782/1793
f 1793/1782/1793 1806/1795/1806 1794/1783/1794
f 1806/1795/1806 1807/1796/1807 1794/1783/1794
f 1794/1783/1794 1807/1796/1807 1795/1784/1795
f 1807/1796/1807 1808/1797/1808 1795/1784/1795
f 1795/1784/1795 1808/1797/1808 1796/1785/1796
f 1808/1797/1808 1809/1798/1809 1796/1785/1796
f 1796/1785/1796 1809/1798/1809 1797/1786/1797
f 1809/1798/1809 1810/1799/1810 1797/1786/1797
f 1797/1786/1797 1810/1799/1810 1798/1787/1798
f 1810/1799/1810 1811/1800/1811 1798/1787/1798
f 1798/1787/1798 1811/1800/1811 1799/1788/1799
f 1811/1800/1811 1812/1801/1812 1799/1788/1799
f 1799/1788/1799 1812/1801/1812 1800/1789/1800
f 1812/1801/1812 1813/1802/1813 1800/1789/1800
f 1800/1789/1800 1813/1802/1813 240/1790/240
f 1813/1802/1813 239/1803/239 240/1790/240
f 236/1180/236 1814/1712/1814 1801/1711/1801
f 1814/1712/1814 1815/1804/1815 1801/1711/1801
f 1801/1711/1801 1815/1804/1815 1802/1791/1802
f 1815/1804/1815 1816/1805/1816 1802/1791/1802
f 1802/1791/1802 1816/1805/1816 1803/1792/1803
f 1816/1805/1816 1817/1806/1817 1803/1792/1803
f 1803/1792/1803 1817/1806/1817 1804/1793/1804
f 1817/1806/1817 1818/1807/1818 1804/1793/1804
f 1804/1793/1804 1818/1807/1818 1805/1794/1805
f 1818/1807/1818 1819/1808/1819 1805/1794/1805
f 1805/1794/1805 1819/1808/1819 1806/1795/1806
f 1819/1808/1819 1820/1809/1820 1806/1795/1806
f 1806/1795/1806 1820/1809/1820 1807/1796/1807
f 1820/1809/1820 1821/1810/1821 1807/1796/1807
f 1807/1796/1807 1821/1810/1821 1808/1797/1808
f 1821/1810/1821 1822/1811/1822 1808/1797/1808
f 1808/1797/1808 1822/1811/1822 1809/1798/1809
f 1822/1811/1822 1823/1812/1823 1809/1798/1809
f 1809/1798/1809 1823/1812/1823 1810/1799/1810
f 1823/1812/1823 1824/1813/1824 1810/1799/1810
f 1810/1799/1810 1824/1813/1824 1811/1800/1811
f 1824/1813/1824 1825/1814/1825 1811/1800/1811
f 1811/1800/1811 1825/1814/1825 1812/1801/1812
f 1825/1814/1825 1826/1815/1826 1812/1801/1812
f 1812/1801/1812 1826/1815/1826 1813/1802/1813
f 1826/1815/1826 1827/1816/1827 1813/1802/1813
f 1813/1802/1813 1827/1816/1827 239/1803/239
f 1827/1816/1827 238/1817/238 239/1803/239
f 237/22/237 117/21/117 1814/1712/1814
f 117/21/117 116/1818/116 1814/1712/1814
f 1814/1712/1814 116/1818/116 1815/1804/1815
f 116/1818/116 115/1819/115 1815/1804/1815
f 1815/1804/1815 115/1819/115 1816/1805/1816
f 115/1819/115 114/1820/114 1816/1805/1816
f 1816/1805/1816 114/1820/114 1817/1806/1817
f 114/1820/114 113/1821/113 1817/1806/1817
f 1817/1806/1817 113/1821/113 1818/1807/1818
f 113/1821/113 112/1822/112 1818/1807/1818
f 1818/1807/1818 112/1822/112 1819/1808/1819
f 112/1822/112 111/1823/111 1819/1808/1819
f 1819/1808/1819 111/1823/111 1820/1809/1820
f 111/1823/111 110/1824/110 1820/1809/1820
f 1820/1809/1820 110/1824/110 1821/1810/1821
f 110/1824/110 109/1825/109 1821/1810/1821
f 1821/1810/1821 109/1825/109 1822/1811/1822
f 109/1825/109 108/1826/108 1822/1811/1822
f 1822/1811/1822 108/1826/108 1823/1812/1823
f 108/1826/108 107/1827/107 1823/1812/1823
f 1823/1812/1823 107/1827/107 1824/1813/1824
f 107/1827/107 106/1828/106 1824/1813/1824
f 1824/1813/1824 106/1828/106 1825/1814/1825
f 106/1828/106 105/1829/105 1825/1814/1825
f 1825/1814/1825 105/1829/105 1826/1815/1826
f 105/1829/105 104/1830/104 1826/1815/1826
f 1826/1815/1826 104/1830/104 1827/1816/1827
f 104/1830/104 103/1831/103 1827/1816/1827
f 1827/1816/1827 103/1831/103 238/1817/238
f 103/1831/103 3/1832/3 238/1817/238
f 193/1326/193 222/1327/222 7/34/7
f 194/1325/194 1828/1833/1828 193/1326/193
f 195/1324/195 1829/1834/1829 194/1325/194
f 196/1323/196 1831/1835/1831 195/1324/195
f 197/1322/197 1834/1836/1834 196/1323/196
f 198/1321/198 1838/1837/1838 197/1322/197
f 199/1320/199 1843/1838/1843 198/1321/198
f 200/1319/200 1849/1839/1849 199/1320/199
f 201/1318/201 1856/1840/1856 200/1319/200
f 202/1317/202 1864/1841/1864 201/1318/201
f 203/1316/203 1873/1842/1873 202/1317/202
f 204/1315/204 1883/1843/1883 203/1316/203
f 205/1314/205 1894/1844/1894 204/1315/204
f 206/1313/206 1906/1845/1906 205/1314/205
f 207/19/207 1919/1846/1919 206/1313/206
f 193/1326/193 1828/1833/1828 222/1327/222
f 1828/1833/1828 221/1328/221 222/1327/222
f 194/1325/194 1829/1834/1829 1828/1833/1828
f 1829/1834/1829 1830/1847/1830 1828/1833/1828
f 1828/1833/1828 1830/1847/1830 221/1328/221
f 1830/1847/1830 220/1330/220 221/1328/221
f 195/1324/195 1831/1835/1831 1829/1834/1829
f 1831/1835/1831 1832/1848/1832 1829/1834/1829
f 1829/1834/1829 1832/1848/1832 1830/1847/1830
f 1832/1848/1832 1833/1849/1833 1830/1847/1830
f 1830/1847/1830 1833/1849/1833 220/1330/220
f 1833/1849/1833 219/1332/219 220/1330/220
f 196/1323/196 1834/1836/1834 1831/1835/1831
f 1834/1836/1834 1835/1850/1835 1831/1835/1831
f 1831/1835/1831 1835/1850/1835 1832/1848/1832
f 1835/1850/1835 1836/1851/1836 1832/1848/1832
f 1832/1848/1832 1836/1851/1836 1833/1849/1833
f 1836/1851/1836 1837/1852/1837 1833/1849/1833
f 1833/1849/1833 1837/1852/1837 219/1332/219
f 1837/1852/1837 218/1334/218 219/1332/219
f 197/1322/197 1838/1837/1838 1834/1836/1834
f 1838/1837/1838 1839/1853/1839 1834/1836/1834
f 1834/1836/1834 1839/1853/1839 1835/1850/1835
f 1839/1853/1839 1840/1854/1840 1835/1850/1835
f 1835/1850/1835 1840/1854/1840 1836/1851/1836
f 1840/1854/1840 1841/1855/1841 1836/1851/1836
f 1836/1851/1836 1841/1855/1841 1837/1852/1837
f 1841/1855/1841 1842/1856/1842 1837/1852/1837
f 1837/1852/1837 1842/1856/1842 218/1334/218
f 1842/1856/1842 217/1336/217 218/1334/218
f 198/1321/198 1843/1838/1843 1838/1837/1838
f 1843/1838/1843 1844/1857/1844 1838/1837/1838
f 1838/1837/1838 1844/1857/1844 1839/1853/1839
f 1844/1857/1844 1845/1858/1845 1839/1853/1839
f 1839/1853/1839 1845/1858/1845 1840/1854/1840
f 1845/1858/1845 1846/1859/1846 1840/1854/1840
f 1840/1854/1840 1846/1859/1846 1841/1855/1841
f 1846/1859/1846 1847/1860/1847 1841/1855/1841
f 1841/1855/1841 1847/1860/1847 1842/1856/1842
f 1847/1860/1847 1848/1861/1848 1842/1856/1842
f 1842/1856/1842 1848/1861/1848 217/1336/217
f 1848/1861/1848 216/1338/216 217/1336/217
f 199/1320/199 1849/1839/1849 1843/1838/1843
f 1849/1839/1849 1850/1862/1850 1843/1838/1843
f 1843/1838/1843 1850/1862/1850 1844/1857/1844
f 1850/1862/1850 1851/1863/1851 1844/1857/1844
f 1844/1857/1844 1851/1863/1851 1845/1858/1845
f 1851/1863/1851 1852/1864/1852 1845/1858/1845
f 1845/1858/1845 1852/1864/1852 1846/1859/1846
f 1852/1864/1852 1853/1865/1853 1846/1859/1846
f 1846/1859/1846 1853/1865/1853 1847/1860/1847
f 1853/1865/1853 1854/1866/1854 1847/1860/1847
f 1847/1860/1847 1854/1866/1854 1848/1861/1848
f 1854/1866/1854 1855/1867/1855 1848/1861/1848
f 1848/1861/1848 1855/1867/1855 216/1338/216
f 1855/1867/1855 215/1340/215 216/1338/216
f 200/1319/200 1856/1840/1856 1849/1839/1849
f 1856/1840/1856 1857/1868/1857 1849/1839/1849
f 1849/1839/1849 1857/1868/1857 1850/1862/1850
f 1857/1868/1857 1858/1869/1858 1850/1862/1850
f 1850/1862/1850 1858/1869/1858 1851/1863/1851
f 1858/1869/1858 1859/1870/1859 1851/1863/1851
f 1851/1863/1851 1859/1870/1859 1852/1864/1852
f 1859/1870/1859 1860/1871/1860 1852/1864/1852
f 1852/1864/1852 1860/1871/1860 1853/1865/1853
f 1860/1871/1860 1861/1872/1861 1853/1865/1853
f 1853/1865/1853 1861/1872/1861 1854/1866/1854
f 1861/1872/1861 1862/1873/1862 1854/1866/1854
f 1854/1866/1854 1862/1873/1862 1855/1867/1855
f 1862/1873/1862 1863/1874/1863 1855/1867/1855
f 1855/1867/1855 1863/1874/1863 215/1340/215
f 1863/1874/1863 214/1342/214 215/1340/215
f 201/1318/201 1864/1841/1864 1856/1840/1856
f 1864/1841/1864 1865/1875/1865 1856/1840/1856
f 1856/1840/1856 1865/1875/1865 1857/1868/1857
f 1865/1875/1865 1866/1876/1866 1857/1868/1857
f 1857/1868/1857 1866/1876/1866 1858/1869/1858
f 1866/1876/1866 1867/1877/1867 1858/1869/1858
f 1858/1869/1858 1867/1877/1867 1859/1870/1859
f 1867/1877/1867 1868/1878/1868 1859/1870/1859
f 1859/1870/1859 1868/1878/1868 1860/1871/1860
f 1868/1878/1868 1869/1879/1869 1860/1871/1860
f 1860/1871/1860 1869/1879/1869 1861/1872/1861
f 1869/1879/1869 1870/1880/1870 1861/1872/1861
f 1861/1872/1861 1870/1880/1870 1862/1873/1862
f 1870/1880/1870 1871/1881/1871 1862/1873/1862
f 1862/1873/1862 1871/1881/1871 1863/1874/1863
f 1871/1881/1871 1872/1882/1872 1863/1874/1863
f 1863/1874/1863 1872/1882/1872 214/1342/214
f 1872/1882/1872 213/1344/213 214/1342/214
f 202/1317/202 1873/1842/1873 1864/1841/1864
f 1873/1842/1873 1874/1883/1874 1864/1841/1864
f 1864/1841/1864 1874/1883/1874 1865/1875/1865
f 1874/1883/1874 1875/1884/1875 1865/1875/1865
f 1865/1875/1865 1875/1884/1875 1866/1876/1866
f 1875/1884/1875 1876/1885/1876 1866/1876/1866
f 1866/1876/1866 1876/1885/1876 1867/1877/1867
f 1876/1885/1876 1877/1886/1877 1867/1877/1867
f 1867/1877/1867 1877/1886/1877 1868/1878/1868
f 1877/1886/1877 1878/1887/1878 1868/1878/1868
f 1868/1878/1868 1878/1887/1878 1869/1879/1869
f 1878/1887/1878 1879/1888/1879 1869/1879/1869
f 1869/1879/1869 1879/1888/1879 1870/1880/1870
f 1879/1888/1879 1880/1889/1880 1870/1880/1870
f 1870/1880/1870 1880/1889/1880 1871/1881/1871
f 1880/1889/1880 1881/1890/1881 1871/1881/1871
f 1871/1881/1871 1881/1890/1881 1872/1882/1872
f 1881/1890/1881 1882/1891/1882 1872/1882/1872
f 1872/1882/1872 1882/1891/1882 213/1344/213
f 1882/1891/1882 212/1346/212 213/1344/213
f 203/1316/203 1883/1843/1883 1873/1842/1873
f 1883/1843/1883 1884/1892/1884 1873/1842/1873
f 1873/1842/1873 1884/1892/1884 1874/1883/1874
f 1884/1892/1884 1885/1893/1885 1874/1883/1874
f 1874/1883/1874 1885/1893/1885 1875/1884/1875
f 1885/1893/1885 1886/1894/1886 1875/1884/1875
f 1875/1884/1875 1886/1894/1886 1876/1885/1876
f 1886/1894/1886 1887/1895/1887 1876/1885/1876
f 1876/1885/1876 1887/1895/1887 1877/1886/1877
f 1887/1895/1887 1888/1896/1888 1877/1886/1877
f 1877/1886/1877 1888/1896/1888 1878/1887/1878
f 1888/1896/1888 1889/1897/1889 1878/1887/1878
f 1878/1887/1878 1889/1897/1889 1879/1888/1879
f 1889/1897/1889 1890/1898/1890 1879/1888/1879
f 1879/1888/1879 1890/1898/1890 1880/1889/1880
f 1890/1898/1890 1891/1899/1891 1880/1889/1880
f 1880/1889/1880 1891/1899/1891 1881/1890/1881
f 1891/1899/1891 1892/1900/1892 1881/1890/1881
f 1881/1890/1881 1892/1900/1892 1882/1891/1882
f 1892/1900/1892 1893/1901/1893 1882/1891/1882
f 1882/1891/1882 1893/1901/1893 212/1346/212
f 1893/1901/1893 211/1348/211 212/1346/212
f 204/1315/204 1894/1844/1894 1883/1843/1883
f 1894/1844/1894 1895/1902/1895 1883/1843/1883
f 1883/1843/1883 1895/1902/1895 1884/1892/1884
f 1895/1902/1895 1896/1903/1896 1884/1892/1884
f 1884/1892/1884 1896/1903/1896 1885/1893/1885
f 1896/1903/1896 1897/1904/1897 1885/1893/1885
f 1885/1893/1885 1897/1904/1897 1886/1894/1886
f 1897/1904/1897 1898/1905/1898 1886/1894/1886
f 1886/1894/1886 1898/1905/1898 1887/1895/1887
f 1898/1905/1898 1899/1906/1899 1887/1895/1887
f 1887/1895/1887 1899/1906/1899 1888/1896/1888
f 1899/1906/1899 1900/1907/1900 1888/1896/1888
f 1888/1896/1888 1900/1907/1900 1889/1897/1889
f 1900/1907/1900 1901/1908/1901 1889/1897/1889
f 1889/1897/1889 1901/1908/1901 1890/1898/1890
f 1901/1908/1901 1902/1909/1902 1890/1898/1890
f 1890/1898/1890 1902/1909/1902 1891/1899/1891
f 1902/1909/1902 1903/1910/1903 1891/1899/1891
f 1891/1899/1891 1903/1910/1903 1892/1900/1892
f 1903/1910/1903 1904/1911/1904 1892/1900/1892
f 1892/1900/1892 1904/1911/1904 1893/1901/1893
f 1904/1911/1904 1905/1912/1905 1893/1901/1893
f 1893/1901/1893 1905/1912/1905 211/1348/211
f 1905/1912/1905 210/1350/210 211/1348/211
f 205/1314/205 1906/1845/1906 1894/1844/1894
f 1906/1845/1906 1907/1913/1907 1894/1844/1894
f 1894/1844/1894 1907/1913/1907 1895/1902/1895
f 1907/1913/1907 1908/1914/1908 1895/1902/1895
f 1895/1902/1895 1908/1914/1908 1896/1903/1896
f 1908/1914/1908 1909/1915/1909 1896/1903/1896
f 1896/1903/1896 1909/1915/1909 1897/1904/1897
f 1909/1915/1909 1910/1916/1910 1897/1904/1897
f 1897/1904/1897 1910/1916/1910 1898/1905/1898
f 1910/1916/1910 1911/1917/1911 1898/1905/1898
f 1898/1905/1898 1911/1917/1911 1899/1906/1899
f 1911/1917/1911 1912/1918/1912 1899/1906/1899
f 1899/1906/1899 1912/1918/1912 1900/1907/1900
f 1912/1918/1912 1913/1919/1913 1900/1907/1900
f 1900/1907/1900 1913/1919/1913 1901/1908/1901
f 1913/1919/1913 1914/1920/1914 1901/1908/1901
f 1901/1908/1901 1914/1920/1914 1902/1909/1902
f 1914/1920/1914 1915/1921/1915 1902/1909/1902
f 1902/1909/1902 1915/1921/1915 1903/1910/1903
f 1915/1921/1915 1916/1922/1916 1903/1910/1903
f 1903/1910/1903 1916/1922/1916 1904/1911/1904
f 1916/1922/1916 1917/1923/1917 1904/1911/1904
f 1904/1911/1904 1917/1923/1917 1905/1912/1905
f 1917/1923/1917 1918/1924/1918 1905/1912/1905
f 1905/1912/1905 1918/1924/1918 210/1350/210
f 1918/1924/1918 209/1352/209 210/1350/210
f 206/1313/206 1919/1846/1919 1906/1845/1906
f 1919/1846/1919 1920/1925/1920 1906/1845/1906
f 1906/1845/1906 1920/1925/1920 1907/1913/1907
f 1920/1925/1920 1921/1926/1921 1907/1913/1907
f 1907/1913/1907 1921/1926/1921 1908/1914/1908
f 1921/1926/1921 1922/1927/1922 1908/1914/1908
f 1908/1914/1908 1922/1927/1922 1909/1915/1909
f 1922/1927/1922 1923/1928/1923 1909/1915/1909
f 1909/1915/1909 1923/1928/1923 1910/1916/1910
f 1923/1928/1923 1924/1929/1924 1910/1916/1910
f 1910/1916/1910 1924/1929/1924 1911/1917/1911
f 1924/1929/1924 1925/1930/1925 1911/1917/1911
f 1911/1917/1911 1925/1930/1925 1912/1918/1912
f 1925/1930/1925 1926/1931/1926 1912/1918/1912
f 1912/1918/1912 1926/1931/1926 1913/1919/1913
f 1926/1931/1926 1927/1932/1927 1913/1919/1913
f 1913/1919/1913 1927/1932/1927 1914/1920/1914
f 1927/1932/1927 1928/1933/1928 1914/1920/1914
f 1914/1920/1914 1928/1933/1928 1915/1921/1915
f 1928/1933/1928 1929/1934/1929 1915/1921/1915
f 1915/1921/1915 1929/1934/1929 1916/1922/1916
f 1929/1934/1929 1930/1935/1930 1916/1922/1916
f 1916/1922/1916 1930/1935/1930 1917/1923/1917
f 1930/1935/1930 1931/1936/1931 1917/1923/1917
f 1917/1923/1917 1931/1936/1931 1918/1924/1918
f 1931/1936/1931 1932/1937/1932 1918/1924/1918
f 1918/1924/1918 1932/1937/1932 209/1352/209
f 1932/1937/1932 208/29/208 209/1352/209
f 207/19/207 57/18/57 1919/1846/1919
f 57/18/57 56/1938/56 1919/1846/1919
f 1919/1846/1919 56/1938/56 1920/1925/1920
f 56/1938/56 55/1939/55 1920/1925/1920
f 1920/1925/1920 55/1939/55 1921/1926/1921
f 55/1939/55 54/1940/54 1921/1926/1921
f 1921/1926/1921 54/1940/54 1922/1927/1922
f 54/1940/54 53/1941/53 1922/1927/1922
f 1922/1927/1922 53/1941/53 1923/1928/1923
f 53/1941/53 52/1942/52 1923/1928/1923
f 1923/1928/1923 52/1942/52 1924/1929/1924
f 52/1942/52 51/1943/51 1924/1929/1924
f 1924/1929/1924 51/1943/51 1925/1930/1925
f 51/1943/51 50/1944/50 1925/1930/1925
f 1925/1930/1925 50/1944/50 1926/1931/1926
f 50/1944/50 49/1945/49 1926/1931/1926
f 1926/1931/1926 49/1945/49 1927/1932/1927
f 49/1945/49 48/1946/48 1927/1932/1927
f 1927/1932/1927 48/1946/48 1928/1933/1928
f 48/1946/48 47/1947/47 1928/1933/1928
f 1928/1933/1928 47/1947/47 1929/1934/1929
f 47/1947/47 46/1948/46 1929/1934/1929
f 1929/1934/1929 46/1948/46 1930/1935/1930
f 46/1948/46 45/1949/45 1930/1935/1930
f 1930/1935/1930 45/1949/45 1931/1936/1931
f 45/1949/45 44/1950/44 1931/1936/1931
f 1931/1936/1931 44/1950/44 1932/1937/1932
f 44/1950/44 43/1951/43 1932/1937/1932
f 1932/1937/1932 43/1951/43 208/29/208
f 43/1951/43 2/4/2 208/29/208
f 163/1459/163 192/795/192 11/46/11
f 164/1458/164 1933/1952/1933 163/1459/163
f 165/1457/165 1934/1953/1934 164/1458/164
f 166/1456/166 1936/1954/1936 165/1457/165
f 167/1455/167 1939/1955/1939 166/1456/166
f 168/1454/168 1943/1956/1943 167/1455/167
f 169/1453/169 1948/1957/1948 168/1454/168
f 170/1452/170 1954/1958/1954 169/1453/169
f 171/1451/171 1961/1959/1961 170/1452/170
f 172/1450/172 1969/1960/1969 171/1451/171
f 173/1449/173 1978/1961/1978 172/1450/172
f 174/1448/174 1988/1962/1988 173/1449/173
f 175/1447/175 1999/1963/1999 174/1448/174
f 176/1446/176 2011/1964/2011 175/1447/175
f 177/16/177 2024/1965/2024 176/1446/176
f 163/1459/163 1933/1952/1933 192/795/192
f 1933/1952/1933 191/796/191 192/795/192
f 164/1458/164 1934/1953/1934 1933/1952/1933
f 1934/1953/1934 1935/1966/1935 1933/1952/1933
f 1933/1952/1933 1935/1966/1935 191/796/191
f 1935/1966/1935 190/798/190 191/796/191
f 165/1457/165 1936/1954/1936 1934/1953/1934
f 1936/1954/1936 1937/1967/1937 1934/1953/1934
f 1934/1953/1934 1937/1967/1937 1935/1966/1935
f 1937/1967/1937 1938/1968/1938 1935/1966/1935
f 1935/1966/1935 1938/1968/1938 190/798/190
f 1938/1968/1938 189/800/189 190/798/190
f 166/1456/166 1939/1955/1939 1936/1954/1936
f 1939/1955/1939 1940/1969/1940 1936/1954/1936
f 1936/1954/1936 1940/1969/1940 1937/1967/1937
f 1940/1969/1940 1941/1970/1941 1937/1967/1937
f 1937/1967/1937 1941/1970/1941 1938/1968/1938
f 1941/1970/1941 1942/1971/1942 1938/1968/1938
f 1938/1968/1938 1942/1971/1942 189/800/189
f 1942/1971/1942 188/802/188 189/800/189
f 167/1455/167 1943/1956/1943 1939/1955/1939
f 1943/1956/1943 1944/1972/1944 1939/1955/1939
f 1939/1955/1939 1944/1972/1944 1940/1969/1940
f 1944/1972/1944 1945/1973/1945 1940/1969/1940
f 1940/1969/1940 1945/1973/1945 1941/1970/1941
f 1945/1973/1945 1946/1974/1946 1941/1970/1941
f 1941/1970/1941 1946/1974/1946 1942/1971/1942
f 1946/1974/1946 1947/1975/1947 1942/1971/1942
f 1942/1971/1942 1947/1975/1947 188/802/188
f 1947/1975/1947 187/804/187 188/802/188
f 168/1454/168 1948/1957/1948 1943/1956/1943
f 1948/1957/1948 1949/1976/1949 1943/1956/1943
f 1943/1956/1943 1949/1976/1949 1944/1972/1944
f 1949/1976/1949 1950/1977/1950 1944/1972/1944
f 1944/1972/1944 1950/1977/1950 1945/1973/1945
f 1950/1977/1950 1951/1978/1951 1945/1973/1945
f 1945/1973/1945 1951/1978/1951 1946/1974/1946
f 1951/1978/1951 1952/1979/1952 1946/1974/1946
f 1946/1974/1946 1952/1979/1952 1947/1975/1947
f 1952/1979/1952 1953/1980/1953 1947/1975/1947
f 1947/1975/1947 1953/1980/1953 187/804/187
f 1953/1980/1953 186/806/186 187/804/187
f 169/1453/169 1954/1958/1954 1948/1957/1948
f 1954/1958/1954 1955/1981/1955 1948/1957/1948
f 1948/1957/1948 1955/1981/1955 1949/1976/1949
f 1955/1981/1955 1956/1982/1956 1949/1976/1949
f 1949/1976/1949 1956/1982/1956 1950/1977/1950
f 1956/1982/1956 1957/1983/1957 1950/1977/1950
f 1950/1977/1950 1957/1983/1957 1951/1978/1951
f 1957/1983/1957 1958/1984/1958 1951/1978/1951
f 1951/1978/1951 1958/1984/1958 1952/1979/1952
f 1958/1984/1958 1959/1985/1959 1952/1979/1952
f 1952/1979/1952 1959/1985/1959 1953/1980/1953
f 1959/1985/1959 1960/1986/1960 1953/1980/1953
f 1953/1980/1953 1960/1986/1960 186/806/186
f 1960/1986/1960 185/808/185 186/806/186
f 170/1452/170 1961/1959/1961 1954/1958/1954
f 1961/1959/1961 1962/1987/1962 1954/1958/1954
f 1954/1958/1954 1962/1987/1962 1955/1981/1955
f 1962/1987/1962 1963/1988/1963 1955/1981/1955
f 1955/1981/1955 1963/1988/1963 1956/1982/1956
f 1963/1988/1963 1964/1989/1964 1956/1982/1956
f 1956/1982/1956 1964/1989/1964 1957/1983/1957
f 1964/1989/1964 1965/1990/1965 1957/1983/1957
f 1957/1983/1957 1965/1990/1965 1958/1984/1958
f 1965/1990/1965 1966/1991/1966 1958/1984/1958
f 1958/1984/1958 1966/1991/1966 1959/1985/1959
f 1966/1991/1966 1967/1992/1967 1959/1985/1959
f 1959/1985/1959 1967/1992/1967 1960/1986/1960
f 1967/1992/1967 1968/1993/1968 1960/1986/1960
f 1960/1986/1960 1968/1993/1968 185/808/185
f 1968/1993/1968 184/810/184 185/808/185
f 171/1451/171 1969/1960/1969 1961/1959/1961
f 1969/1960/1969 1970/1994/1970 1961/1959/1961
f 1961/1959/1961 1970/1994/1970 1962/1987/1962
f 1970/1994/1970 1971/1995/1971 1962/1987/1962
f 1962/1987/1962 1971/1995/1971 1963/1988/1963
f 1971/1995/1971 1972/1996/1972 1963/1988/1963
f 1963/1988/1963 1972/1996/1972 1964/1989/1964
f 1972/1996/1972 1973/1997/1973 1964/1989/1964
f 1964/1989/1964 1973/1997/1973 1965/1990/1965
f 1973/1997/1973 1974/1998/1974 1965/1990/1965
f 1965/1990/1965 1974/1998/1974 1966/1991/1966
f 1974/1998/1974 1975/1999/1975 1966/1991/1966
f 1966/1991/1966 1975/1999/1975 1967/1992/1967
f 1975/1999/1975 1976/2000/1976 1967/1992/1967
f 1967/1992/1967 1976/2000/1976 1968/1993/1968
f 1976/2000/1976 1977/2001/1977 1968/1993/1968
f 1968/1993/1968 1977/2001/1977 184/810/184
f 1977/2001/1977 183/812/183 184/810/184
f 172/1450/172 1978/1961/1978 1969/1960/1969
f 1978/1961/1978 1979/2002/1979 1969/1960/1969
f 1969/1960/1969 1979/2002/1979 1970/1994/1970
f 1979/2002/1979 1980/2003/1980 1970/1994/1970
f 1970/1994/1970 1980/2003/1980 1971/1995/1971
f 1980/2003/1980 1981/2004/1981 1971/1995/1971
f 1971/1995/1971 1981/2004/1981 1972/1996/1972
f 1981/2004/1981 1982/2005/1982 1972/1996/1972
f 1972/1996/1972 1982/2005/1982 1973/1997/1973
f 1982/2005/1982 1983/2006/1983 1973/1997/1973
f 1973/1997/1973 1983/2006/1983 1974/1998/1974
f 1983/2006/1983 1984/2007/1984 1974/1998/1974
f 1974/1998/1974 1984/2007/1984 1975/1999/1975
f 1984/2007/1984 1985/2008/1985 1975/1999/1975
f 1975/1999/1975 1985/2008/1985 1976/2000/1976
f 1985/2008/1985 1986/2009/1986 1976/2000/1976
f 1976/2000/1976 1986/2009/1986 1977/2001/1977
f 1986/2009/1986 1987/2010/1987 1977/2001/1977
f 1977/2001/1977 1987/2010/1987 183/812/183
f 1987/2010/1987 182/814/182 183/812/183
f 173/1449/173 1988/1962/1988 1978/1961/1978
f 1988/1962/1988 1989/2011/1989 1978/1961/1978
f 1978/1961/1978 1989/2011/1989 1979/2002/1979
f 1989/2011/1989 1990/2012/1990 1979/2002/1979
f 1979/2002/1979 1990/2012/1990 1980/2003/1980
f 1990/2012/1990 1991/2013/1991 1980/2003/1980
f 1980/2003/1980 1991/2013/1991 1981/2004/1981
f 1991/2013/1991 1992/2014/1992 1981/2004/1981
f 1981/2004/1981 1992/2014/1992 1982/2005/1982
f 1992/2014/1992 1993/2015/1993 1982/2005/1982
f 1982/2005/1982 1993/2015/1993 1983/2006/1983
f 1993/2015/1993 1994/2016/1994 1983/2006/1983
f 1983/2006/1983 1994/2016/1994 1984/2007/1984
f 1994/2016/1994 1995/2017/1995 1984/2007/1984
f 1984/2007/1984 1995/2017/1995 1985/2008/1985
f 1995/2017/1995 1996/2018/1996 1985/2008/1985
f 1985/2008/1985 1996/2018/1996 1986/2009/1986
f 1996/2018/1996 1997/2019/1997 1986/2009/1986
f 1986/2009/1986 1997/2019/1997 1987/2010/1987
f 1997/2019/1997 1998/2020/1998 1987/2010/1987
f 1987/2010/1987 1998/2020/1998 182/814/182
f 1998/2020/1998 181/816/181 182/814/182
f 174/1448/174 1999/1963/1999 1988/1962/1988
f 1999/1963/1999 2000/2021/2000 1988/1962/1988
f 1988/1962/1988 2000/2021/2000 1989/2011/1989
f 2000/2021/2000 2001/2022/2001 1989/2011/1989
f 1989/2011/1989 2001/2022/2001 1990/2012/1990
f 2001/2022/2001 2002/2023/2002 1990/2012/1990
f 1990/2012/1990 2002/2023/2002 1991/2013/1991
f 2002/2023/2002 2003/2024/2003 1991/2013/1991
f 1991/2013/1991 2003/2024/2003 1992/2014/1992
f 2003/2024/2003 2004/2025/2004 1992/2014/1992
f 1992/2014/1992 2004/2025/2004 1993/2015/1993
f 2004/2025/2004 2005/2026/2005 1993/2015/1993
f 1993/2015/1993 2005/2026/2005 1994/2016/1994
f 2005/2026/2005 2006/2027/2006 1994/2016/1994
f 1994/2016/1994 2006/2027/2006 1995/2017/1995
f 2006/2027/2006 2007/2028/2007 1995/2017/1995
f 1995/2017/1995 2007/2028/2007 1996/2018/1996
f 2007/2028/2007 2008/2029/2008 1996/2018/1996
f 1996/2018/1996 2008/2029/2008 1997/2019/1997
f 2008/2029/2008 2009/2030/2009 1997/2019/1997
f 1997/2019/1997 2009/2030/2009 1998/2020/1998
f 2009/2030/2009 2010/2031/2010 1998/2020/1998
f 1998/2020/1998 2010/2031/2010 181/816/181
f 2010/2031/2010 180/818/180 181/816/181
f 175/1447/175 2011/1964/2011 1999/1963/1999
f 2011/1964/2011 2012/2032/2012 1999/1963/1999
f 1999/1963/1999 2012/2032/2012 2000/2021/2000
f 2012/2032/2012 2013/2033/2013 2000/2021/2000
f 2000/2021/2000 2013/2033/2013 2001/2022/2001
f 2013/2033/2013 2014/2034/2014 2001/2022/2001
f 2001/2022/2001 2014/2034/2014 2002/2023/2002
f 2014/2034/2014 2015/2035/2015 2002/2023/2002
f 2002/2023/2002 2015/2035/2015 2003/2024/2003
f 2015/2035/2015 2016/2036/2016 2003/2024/2003
f 2003/2024/2003 2016/2036/2016 2004/2025/2004
f 2016/2036/2016 2017/2037/2017 2004/2025/2004
f 2004/2025/2004 2017/2037/2017 2005/2026/2005
f 2017/2037/2017 2018/2038/2018 2005/2026/2005
f 2005/2026/2005 2018/2038/2018 2006/2027/2006
f 2018/2038/2018 2019/2039/2019 2006/2027/2006
f 2006/2027/2006 2019/2039/2019 2007/2028/2007
f 2019/2039/2019 2020/2040/2020 2007/2028/2007
f 2007/2028/2007 2020/2040/2020 2008/2029/2008
f 2020/2040/2020 2021/2041/2021 2008/2029/2008
f 2008/2029/2008 2021/2041/2021 2009/2030/2009
f 2021/2041/2021 2022/2042/2022 2009/2030/2009
f 2009/2030/2009 2022/2042/2022 2010/2031/2010
f 2022/2042/2022 2023/2043/2023 2010/2031/2010
f 2010/2031/2010 2023/2043/2023 180/818/180
f 2023/2043/2023 179/820/179 180/818/180
f 176/1446/176 2024/1965/2024 2011/1964/2011
f 2024/1965/2024 2025/2044/2025 2011/1964/2011
f 2011/1964/2011 2025/2044/2025 2012/2032/2012
f 2025/2044/2025 2026/2045/2026 2012/2032/2012
f 2012/2032/2012 2026/2045/2026 2013/2033/2013
f 2026/2045/2026 2027/2046/2027 2013/2033/2013
f 2013/2033/2013 2027/2046/2027 2014/2034/2014
f 2027/2046/2027 2028/2047/2028 2014/2034/2014
f 2014/2034/2014 2028/2047/2028 2015/2035/2015
f 2028/2047/2028 2029/2048/2029 2015/2035/2015
f 2015/2035/2015 2029/2048/2029 2016/2036/2016
f 2029/2048/2029 2030/2049/2030 2016/2036/2016
f 2016/2036/2016 2030/2049/2030 2017/2037/2017
f 2030/2049/2030 2031/2050/2031 2017/2037/2017
f 2017/2037/2017 2031/2050/2031 2018/2038/2018
f 2031/2050/2031 2032/2051/2032 2018/2038/2018
f 2018/2038/2018 2032/2051/2032 2019/2039/2019
f 2032/2051/2032 2033/2052/2033 2019/2039/2019
f 2019/2039/2019 2033/2052/2033 2020/2040/2020
f 2033/2052/2033 2034/2053/2034 2020/2040/2020
f 2020/2040/2020 2034/2053/2034 2021/2041/2021
f 2034/2053/2034 2035/2054/2035 2021/2041/2021
f 2021/2041/2021 2035/2054/2035 2022/2042/2022
f 2035/2054/2035 2036/2055/2036 2022/2042/2022
f 2022/2042/2022 2036/2055/2036 2023/2043/2023
f 2036/2055/2036 2037/2056/2037 2023/2043/2023
f 2023/2043/2023 2037/2056/2037 179/820/179
f 2037/2056/2037 178/33/178 179/820/179
f 177/16/177 72/6/72 2024/1965/2024
f 72/6/72 71/2057/71 2024/1965/2024
f 2024/1965/2024 71/2057/71 2025/2044/2025
f 71/2057/71 70/2058/70 2025/2044/2025
f 2025/2044/2025 70/2058/70 2026/2045/2026
f 70/2058/70 69/2059/69 2026/2045/2026
f 2026/2045/2026 69/2059/69 2027/2046/2027
f 69/2059/69 68/2060/68 2027/2046/2027
f 2027/2046/2027 68/2060/68 2028/2047/2028
f 68/2060/68 67/2061/67 2028/2047/2028
f 2028/2047/2028 67/2061/67 2029/2048/2029
f 67/2061/67 66/2062/66 2029/2048/2029
f 2029/2048/2029 66/2062/66 2030/2049/2030
f 66/2062/66 65/2063/65 2030/2049/2030
f 2030/2049/2030 65/2063/65 2031/2050/2031
f 65/2063/65 64/2064/64 2031/2050/2031
f 2031/2050/2031 64/2064/64 2032/2051/2032
f 64/2064/64 63/2065/63 2032/2051/2032
f 2032/2051/2032 63/2065/63 2033/2052/2033
f 63/2065/63 62/2066/62 2033/2052/2033
f 2033/2052/2033 62/2066/62 2034/2053/2034
f 62/2066/62 61/2067/61 2034/2053/2034
f 2034/2053/2034 61/2067/61 2035/2054/2035
f 61/2067/61 60/2068/60 2035/2054/2035
f 2035/2054/2035 60/2068/60 2036/2055/2036
f 60/2068/60 59/2069/59 2036/2055/2036
f 2036/2055/2036 59/2069/59 2037/2056/2037
f 59/2069/59 58/2070/58 2037/2056/2037
f 2037/2056/2037 58/2070/58 178/33/178
f 58/2070/58 6/26/6 178/33/178
f 87/2071/87 162/27/162 6/26/6
f 86/2072/86 2038/2073/2038 87/2071/87
f 85/2074/85 2039/2075/2039 86/2072/86
f 84/2076/84 2041/2077/2041 85/2074/85
f 83/2078/83 2044/2079/2044 84/2076/84
f 82/2080/82 2048/2081/2048 83/2078/83
f 81/2082/81 2053/2083/2053 82/2080/82
f 80/2084/80 2059/2085/2059 81/2082/81
f 79/2086/79 2066/2087/2066 80/2084/80
f 78/2088/78 2074/2089/2074 79/2086/79
f 77/2090/77 2083/2091/2083 78/2088/78
f 76/2092/76 2093/2093/2093 77/2090/77
f 75/2094/75 2104/2095/2104 76/2092/76
f 74/2096/74 2116/2097/2116 75/2094/75
f 73/15/73 2129/2098/2129 74/2096/74
f 87/2071/87 2038/2073/2038 162/27/162
f 2038/2073/2038 161/1565/161 162/27/162
f 86/2072/86 2039/2075/2039 2038/2073/2038
f 2039/2075/2039 2040/2099/2040 2038/2073/2038
f 2038/2073/2038 2040/2099/2040 161/1565/161
f 2040/2099/2040 160/1566/160 161/1565/161
f 85/2074/85 2041/2077/2041 2039/2075/2039
f 2041/2077/2041 2042/2100/2042 2039/2075/2039
f 2039/2075/2039 2042/2100/2042 2040/2099/2040
f 2042/2100/2042 2043/2101/2043 2040/2099/2040
f 2040/2099/2040 2043/2101/2043 160/1566/160
f 2043/2101/2043 159/1567/159 160/1566/160
f 84/2076/84 2044/2079/2044 2041/2077/2041
f 2044/2079/2044 2045/2102/2045 2041/2077/2041
f 2041/2077/2041 2045/2102/2045 2042/2100/2042
f 2045/2102/2045 2046/2103/2046 2042/2100/2042
f 2042/2100/2042 2046/2103/2046 2043/2101/2043
f 2046/2103/2046 2047/2104/2047 2043/2101/2043
f 2043/2101/2043 2047/2104/2047 159/1567/159
f 2047/2104/2047 158/1568/158 159/1567/159
f 83/2078/83 2048/2081/2048 2044/2079/2044
f 2048/2081/2048 2049/2105/2049 2044/2079/2044
f 2044/2079/2044 2049/2105/2049 2045/2102/2045
f 2049/2105/2049 2050/2106/2050 2045/2102/2045
f 2045/2102/2045 2050/2106/2050 2046/2103/2046
f 2050/2106/2050 2051/2107/2051 2046/2103/2046
f 2046/2103/2046 2051/2107/2051 2047/2104/2047
f 2051/2107/2051 2052/2108/2052 2047/2104/2047
f 2047/2104/2047 2052/2108/2052 158/1568/158
f 2052/2108/2052 157/1569/157 158/1568/158
f 82/2080/82 2053/2083/2053 2048/2081/2048
f 2053/2083/2053 2054/2109/2054 2048/2081/2048
f 2048/2081/2048 2054/2109/2054 2049/2105/2049
f 2054/2109/2054 2055/2110/2055 2049/2105/2049
f 2049/2105/2049 2055/2110/2055 2050/2106/2050
f 2055/2110/2055 2056/2111/2056 2050/2106/2050
f 2050/2106/2050 2056/2111/2056 2051/2107/2051
f 2056/2111/2056 2057/2112/2057 2051/2107/2051
f 2051/2107/2051 2057/2112/2057 2052/2108/2052
f 2057/2112/2057 2058/2113/2058 2052/2108/2052
f 2052/2108/2052 2058/2113/2058 157/1569/157
f 2058/2113/2058 156/1570/156 157/1569/157
f 81/2082/81 2059/2085/2059 2053/2083/2053
f 2059/2085/2059 2060/2114/2060 2053/2083/2053
f 2053/2083/2053 2060/2114/2060 2054/2109/2054
f 2060/2114/2060 2061/2115/2061 2054/2109/2054
f 2054/2109/2054 2061/2115/2061 2055/2110/2055
f 2061/2115/2061 2062/2116/2062 2055/2110/2055
f 2055/2110/2055 2062/2116/2062 2056/2111/2056
f 2062/2116/2062 2063/2117/2063 2056/2111/2056
f 2056/2111/2056 2063/2117/2063 2057/2112/2057
f 2063/2117/2063 2064/2118/2064 2057/2112/2057
f 2057/2112/2057 2064/2118/2064 2058/2113/2058
f 2064/2118/2064 2065/2119/2065 2058/2113/2058
f 2058/2113/2058 2065/2119/2065 156/1570/156
f 2065/2119/2065 155/1571/155 156/1570/156
f 80/2084/80 2066/2087/2066 2059/2085/2059
f 2066/2087/2066 2067/2120/2067 2059/2085/2059
f 2059/2085/2059 2067/2120/2067 2060/2114/2060
f 2067/2120/2067 2068/2121/2068 2060/2114/2060
f 2060/2114/2060 2068/2121/2068 2061/2115/2061
f 2068/2121/2068 2069/2122/2069 2061/2115/2061
f 2061/2115/2061 2069/2122/2069 2062/2116/2062
f 2069/2122/2069 2070/2123/2070 2062/2116/2062
f 2062/2116/2062 2070/2123/2070 2063/2117/2063
f 2070/2123/2070 2071/2124/2071 2063/2117/2063
f 2063/2117/2063 2071/2124/2071 2064/2118/2064
f 2071/2124/2071 2072/2125/2072 2064/2118/2064
f 2064/2118/2064 2072/2125/2072 2065/2119/2065
f 2072/2125/2072 2073/2126/2073 2065/2119/2065
f 2065/2119/2065 2073/2126/2073 155/1571/155
f 2073/2126/2073 154/1572/154 155/1571/155
f 79/2086/79 2074/2089/2074 2066/2087/2066
f 2074/2089/2074 2075/2127/2075 2066/2087/2066
f 2066/2087/2066 2075/2127/2075 2067/2120/2067
f 2075/2127/2075 2076/2128/2076 2067/2120/2067
f 2067/2120/2067 2076/2128/2076 2068/2121/2068
f 2076/2128/2076 2077/2129/2077 2068/2121/2068
f 2068/2121/2068 2077/2129/2077 2069/2122/2069
f 2077/2129/2077 2078/2130/2078 2069/2122/2069
f 2069/2122/2069 2078/2130/2078 2070/2123/2070
f 2078/2130/2078 2079/2131/2079 2070/2123/2070
f 2070/2123/2070 2079/2131/2079 2071/2124/2071
f 2079/2131/2079 2080/2132/2080 2071/2124/2071
f 2071/2124/2071 2080/2132/2080 2072/2125/2072
f 2080/2132/2080 2081/2133/2081 2072/2125/2072
f 2072/2125/2072 2081/2133/2081 2073/2126/2073
f 2081/2133/2081 2082/2134/2082 2073/2126/2073
f 2073/2126/2073 2082/2134/2082 154/1572/154
f 2082/2134/2082 153/1573/153 154/1572/154
f 78/2088/78 2083/2091/2083 2074/2089/2074
f 2083/2091/2083 2084/2135/2084 2074/2089/2074
f 2074/2089/2074 2084/2135/2084 2075/2127/2075
f 2084/2135/2084 2085/2136/2085 2075/2127/2075
f 2075/2127/2075 2085/2136/2085 2076/2128/2076
f 2085/2136/2085 2086/2137/2086 2076/2128/2076
f 2076/2128/2076 2086/2137/2086 2077/2129/2077
f 2086/2137/2086 2087/2138/2087 2077/2129/2077
f 2077/2129/2077 2087/2138/2087 2078/2130/2078
f 2087/2138/2087 2088/2139/2088 2078/2130/2078
f 2078/2130/2078 2088/2139/2088 2079/2131/2079
f 2088/2139/2088 2089/2140/2089 2079/2131/2079
f 2079/2131/2079 2089/2140/2089 2080/2132/2080
f 2089/2140/2089 2090/2141/2090 2080/2132/2080
f 2080/2132/2080 2090/2141/2090 2081/2133/2081
f 2090/2141/2090 2091/2142/2091 2081/2133/2081
f 2081/2133/2081 2091/2142/2091 2082/2134/2082
f 2091/2142/2091 2092/2143/2092 2082/2134/2082
f 2082/2134/2082 2092/2143/2092 153/1573/153
f 2092/2143/2092 152/1574/152 153/1573/153
f 77/2090/77 2093/2093/2093 2083/2091/2083
f 2093/2093/2093 2094/2144/2094 2083/2091/2083
f 2083/2091/2083 2094/2144/2094 2084/2135/2084
f 2094/2144/2094 2095/2145/2095 2084/2135/2084
f 2084/2135/2084 2095/2145/2095 2085/2136/2085
f 2095/2145/2095 2096/2146/2096 2085/2136/2085
f 2085/2136/2085 2096/2146/2096 2086/2137/2086
f 2096/2146/2096 2097/2147/2097 2086/2137/2086
f 2086/2137/2086 2097/2147/2097 2087/2138/2087
f 2097/2147/2097 2098/2148/2098 2087/2138/2087
f 2087/2138/2087 2098/2148/2098 2088/2139/2088
f 2098/2148/2098 2099/2149/2099 2088/2139/2088
f 2088/2139/2088 2099/2149/2099 2089/2140/2089
f 2099/2149/2099 2100/2150/2100 2089/2140/2089
f 2089/2140/2089 2100/2150/2100 2090/2141/2090
f 2100/2150/2100 2101/2151/2101 2090/2141/2090
f 2090/2141/2090 2101/2151/2101 2091/2142/2091
f 2101/2151/2101 2102/2152/2102 2091/2142/2091
f 2091/2142/2091 2102/2152/2102 2092/2143/2092
f 2102/2152/2102 2103/2153/2103 2092/2143/2092
f 2092/2143/2092 2103/2153/2103 152/1574/152
f 2103/2153/2103 151/1575/151 152/1574/152
f 76/2092/76 2104/2095/2104 2093/2093/2093
f 2104/2095/2104 2105/2154/2105 2093/2093/2093
f 2093/2093/2093 2105/2154/2105 2094/2144/2094
f 2105/2154/2105 2106/2155/2106 2094/2144/2094
f 2094/2144/2094 2106/2155/2106 2095/2145/2095
f 2106/2155/2106 2107/2156/2107 2095/2145/2095
f 2095/2145/2095 2107/2156/2107 2096/2146/2096
f 2107/2156/2107 2108/2157/2108 2096/2146/2096
f 2096/2146/2096 2108/2157/2108 2097/2147/2097
f 2108/2157/2108 2109/2158/2109 2097/2147/2097
f 2097/2147/2097 2109/2158/2109 2098/2148/2098
f 2109/2158/2109 2110/2159/2110 2098/2148/2098
f 2098/2148/2098 2110/2159/2110 2099/2149/2099
f 2110/2159/2110 2111/2160/2111 2099/2149/2099
f 2099/2149/2099 2111/2160/2111 2100/2150/2100
f 2111/2160/2111 2112/2161/2112 2100/2150/2100
f 2100/2150/2100 2112/2161/2112 2101/2151/2101
f 2112/2161/2112 2113/2162/2113 2101/2151/2101
f 2101/2151/2101 2113/2162/2113 2102/2152/2102
f 2113/2162/2113 2114/2163/2114 2102/2152/2102
f 2102/2152/2102 2114/2163/2114 2103/2153/2103
f 2114/2163/2114 2115/2164/2115 2103/2153/2103
f 2103/2153/2103 2115/2164/2115 151/1575/151
f 2115/2164/2115 150/1576/150 151/1575/151
f 75/2094/75 2116/2097/2116 2104/2095/2104
f 2116/2097/2116 2117/2165/2117 2104/2095/2104
f 2104/2095/2104 2117/2165/2117 2105/2154/2105
f 2117/2165/2117 2118/2166/2118 2105/2154/2105
f 2105/2154/2105 2118/2166/2118 2106/2155/2106
f 2118/2166/2118 2119/2167/2119 2106/2155/2106
f 2106/2155/2106 2119/2167/2119 2107/2156/2107
f 2119/2167/2119 2120/2168/2120 2107/2156/2107
f 2107/2156/2107 2120/2168/2120 2108/2157/2108
f 2120/2168/2120 2121/2169/2121 2108/2157/2108
f 2108/2157/2108 2121/2169/2121 2109/2158/2109
f 2121/2169/2121 2122/2170/2122 2109/2158/2109
f 2109/2158/2109 2122/2170/2122 2110/2159/2110
f 2122/2170/2122 2123/2171/2123 2110/2159/2110
f 2110/2159/2110 2123/2171/2123 2111/2160/2111
f 2123/2171/2123 2124/2172/2124 2111/2160/2111
f 2111/2160/2111 2124/2172/2124 2112/2161/2112
f 2124/2172/2124 2125/2173/2125 2112/2161/2112
f 2112/2161/2112 2125/2173/2125 2113/2162/2113
f 2125/2173/2125 2126/2174/2126 2113/2162/2113
f 2113/2162/2113 2126/2174/2126 2114/2163/2114
f 2126/2174/2126 2127/2175/2127 2114/2163/2114
f 2114/2163/2114 2127/2175/2127 2115/2164/2115
f 2127/2175/2127 2128/2176/2128 2115/2164/2115
f 2115/2164/2115 2128/2176/2128 150/1576/150
f 2128/2176/2128 149/1577/149 150/1576/150
f 74/2096/74 2129/2098/2129 2116/2097/2116
f 2129/2098/2129 2130/2177/2130 2116/2097/2116
f 2116/2097/2116 2130/2177/2130 2117/2165/2117
f 2130/2177/2130 2131/2178/2131 2117/2165/2117
f 2117/2165/2117 2131/2178/2131 2118/2166/2118
f 2131/2178/2131 2132/2179/2132 2118/2166/2118
f 2118/2166/2118 2132/2179/2132 2119/2167/2119
f 2132/2179/2132 2133/2180/2133 2119/2167/2119
f 2119/2167/2119 2133/2180/2133 2120/2168/2120
f 2133/2180/2133 2134/2181/2134 2120/2168/2120
f 2120/2168/2120 2134/2181/2134 2121/2169/2121
f 2134/2181/2134 2135/2182/2135 2121/2169/2121
f 2121/2169/2121 2135/2182/2135 2122/2170/2122
f 2135/2182/2135 2136/2183/2136 2122/2170/2122
f 2122/2170/2122 2136/2183/2136 2123/2171/2123
f 2136/2183/2136 2137/2184/2137 2123/2171/2123
f 2123/2171/2123 2137/2184/2137 2124/2172/2124
f 2137/2184/2137 2138/2185/2138 2124/2172/2124
f 2124/2172/2124 2138/2185/2138 2125/2173/2125
f 2138/2185/2138 2139/2186/2139 2125/2173/2125
f 2125/2173/2125 2139/2186/2139 2126/2174/2126
f 2139/2186/2139 2140/2187/2140 2126/2174/2126
f 2126/2174/2126 2140/2187/2140 2127/2175/2127
f 2140/2187/2140 2141/2188/2141 2127/2175/2127
f 2127/2175/2127 2141/2188/2141 2128/2176/2128
f 2141/2188/2141 2142/2189/2142 2128/2176/2128
f 2128/2176/2128 2142/2189/2142 149/1577/149
f 2142/2189/2142 148/1578/148 149/1577/149
f 73/15/73 132/14/132 2129/2098/2129
f 132/14/132 131/2190/131 2129/2098/2129
f 2129/2098/2129 131/2190/131 2130/2177/2130
f 131/2190/131 130/2191/130 2130/2177/2130
f 2130/2177/2130 130/2191/130 2131/2178/2131
f 130/2191/130 129/2192/129 2131/2178/2131
f 2131/2178/2131 129/2192/129 2132/2179/2132
f 129/2192/129 128/2193/128 2132/2179/2132
f 2132/2179/2132 128/2193/128 2133/2180/2133
f 128/2193/128 127/2194/127 2133/2180/2133
f 2133/2180/2133 127/2194/127 2134/2181/2134
f 127/2194/127 126/2195/126 2134/2181/2134
f 2134/2181/2134 126/2195/126 2135/2182/2135
f 126/2195/126 125/2196/125 2135/2182/2135
f 2135/2182/2135 125/2196/125 2136/2183/2136
f 125/2196/125 124/2197/124 2136/2183/2136
f 2136/2183/2136 124/2197/124 2137/2184/2137
f 124/2197/124 123/2198/123 2137/2184/2137
f 2137/2184/2137 123/2198/123 2138/2185/2138
f 123/2198/123 122/2199/122 2138/2185/2138
f 2138/2185/2138 122/2199/122 2139/2186/2139
f 122/2199/122 121/2200/121 2139/2186/2139
f 2139/2186/2139 121/2200/121 2140/2187/2140
f 121/2200/121 120/2201/120 2140/2187/2140
f 2140/2187/2140 120/2201/120 2141/2188/2141
f 120/2201/120 119/2202/119 2141/2188/2141
f 2141/2188/2141 119/2202/119 2142/2189/2142
f 119/2202/119 118/2203/118 2142/2189/2142
f 2142/2189/2142 118/2203/118 148/1578/148
f 118/2203/118 5/23/5 148/1578/148
f 118/2204/118 147/24/147 5/23/5
f 119/2205/119 2143/2206/2143 118/2204/118
f 120/2207/120 2144/2208/2144 119/2205/119
f 121/2209/121 2146/2210/2146 120/2207/120
f 122/2211/122 2149/2212/2149 121/2209/121
f 123/2213/123 2153/2214/2153 122/2211/122
f 124/2215/124 2158/2216/2158 123/2213/123
f 125/2217/125 2164/2218/2164 124/2215/124
f 126/2219/126 2171/2220/2171 125/2217/125
f 127/2221/127 2179/2222/2179 126/2219/126
f 128/2223/128 2188/2224/2188 127/2221/127
f 129/2225/129 2198/2226/2198 128/2223/128
f 130/2227/130 2209/2228/2209 129/2225/129
f 131/2229/131 2221/2230/2221 130/2227/130
f 132/12/132 2234/2231/2234 131/2229/131
f 118/2204/118 2143/2206/2143 147/24/147
f 2143/2206/2143 146/1684/146 147/24/147
f 119/2205/119 2144/2208/2144 2143/2206/2143
f 2144/2208/2144 2145/2232/2145 2143/2206/2143
f 2143/2206/2143 2145/2232/2145 146/1684/146
f 2145/2232/2145 145/1685/145 146/1684/146
f 120/2207/120 2146/2210/2146 2144/2208/2144
f 2146/2210/2146 2147/2233/2147 2144/2208/2144
f 2144/2208/2144 2147/2233/2147 2145/2232/2145
f 2147/2233/2147 2148/2234/2148 2145/2232/2145
f 2145/2232/2145 2148/2234/2148 145/1685/145
f 2148/2234/2148 144/1686/144 145/1685/145
f 121/2209/121 2149/2212/2149 2146/2210/2146
f 2149/2212/2149 2150/2235/2150 2146/2210/2146
f 2146/2210/2146 2150/2235/2150 2147/2233/2147
f 2150/2235/2150 2151/2236/2151 2147/2233/2147
f 2147/2233/2147 2151/2236/2151 2148/2234/2148
f 2151/2236/2151 2152/2237/2152 2148/2234/2148
f 2148/2234/2148 2152/2237/2152 144/1686/144
f 2152/2237/2152 143/1687/143 144/1686/144
f 122/2211/122 2153/2214/2153 2149/2212/2149
f 2153/2214/2153 2154/2238/2154 2149/2212/2149
f 2149/2212/2149 2154/2238/2154 2150/2235/2150
f 2154/2238/2154 2155/2239/2155 2150/2235/2150
f 2150/2235/2150 2155/2239/2155 2151/2236/2151
f 2155/2239/2155 2156/2240/2156 2151/2236/2151
f 2151/2236/2151 2156/2240/2156 2152/2237/2152
f 2156/2240/2156 2157/2241/2157 2152/2237/2152
f 2152/2237/2152 2157/2241/2157 143/1687/143
f 2157/2241/2157 142/1688/142 143/1687/143
f 123/2213/123 2158/2216/2158 2153/2214/2153
f 2158/2216/2158 2159/2242/2159 2153/2214/2153
f 2153/2214/2153 2159/2242/2159 2154/2238/2154
f 2159/2242/2159 2160/2243/2160 2154/2238/2154
f 2154/2238/2154 2160/2243/2160 2155/2239/2155
f 2160/2243/2160 2161/2244/2161 2155/2239/2155
f 2155/2239/2155 2161/2244/2161 2156/2240/2156
f 2161/2244/2161 2162/2245/2162 2156/2240/2156
f 2156/2240/2156 2162/2245/2162 2157/2241/2157
f 2162/2245/2162 2163/2246/2163 2157/2241/2157
f 2157/2241/2157 2163/2246/2163 142/1688/142
f 2163/2246/2163 141/1689/141 142/1688/142
f 124/2215/124 2164/2218/2164 2158/2216/2158
f 2164/2218/2164 2165/2247/2165 2158/2216/2158
f 2158/2216/2158 2165/2247/2165 2159/2242/2159
f 2165/2247/2165 2166/2248/2166 2159/2242/2159
f 2159/2242/2159 2166/2248/2166 2160/2243/2160
f 2166/2248/2166 2167/2249/2167 2160/2243/2160
f 2160/2243/2160 2167/2249/2167 2161/2244/2161
f 2167/2249/2167 2168/2250/2168 2161/2244/2161
f 2161/2244/2161 2168/2250/2168 2162/2245/2162
f 2168/2250/2168 2169/2251/2169 2162/2245/2162
f 2162/2245/2162 2169/2251/2169 2163/2246/2163
f 2169/2251/2169 2170/2252/2170 2163/2246/2163
f 2163/2246/2163 2170/2252/2170 141/1689/141
f 2170/2252/2170 140/1690/140 141/1689/141
f 125/2217/125 2171/2220/2171 2164/2218/2164
f 2171/2220/2171 2172/2253/2172 2164/2218/2164
f 2164/2218/2164 2172/2253/2172 2165/2247/2165
f 2172/2253/2172 2173/2254/2173 2165/2247/2165
f 2165/2247/2165 2173/2254/2173 2166/2248/2166
f 2173/2254/2173 2174/2255/2174 2166/2248/2166
f 2166/2248/2166 2174/2255/2174 2167/2249/2167
f 2174/2255/2174 2175/2256/2175 2167/2249/2167
f 2167/2249/2167 2175/2256/2175 2168/2250/2168
f 2175/2256/2175 2176/2257/2176 2168/2250/2168
f 2168/2250/2168 2176/2257/2176 2169/2251/2169
f 2176/2257/2176 2177/2258/2177 2169/2251/2169
f 2169/2251/2169 2177/2258/2177 2170/2252/2170
f 2177/2258/2177 2178/2259/2178 2170/2252/2170
f 2170/2252/2170 2178/2259/2178 140/1690/140
f 2178/2259/2178 139/1691/139 140/1690/140
f 126/2219/126 2179/2222/2179 2171/2220/2171
f 2179/2222/2179 2180/2260/2180 2171/2220/2171
f 2171/2220/2171 2180/2260/2180 2172/2253/2172
f 2180/2260/2180 2181/2261/2181 2172/2253/2172
f 2172/2253/2172 2181/2261/2181 2173/2254/2173
f 2181/2261/2181 2182/2262/2182 2173/2254/2173
f 2173/2254/2173 2182/2262/2182 2174/2255/2174
f 2182/2262/2182 2183/2263/2183 2174/2255/2174
f 2174/2255/2174 2183/2263/2183 2175/2256/2175
f 2183/2263/2183 2184/2264/2184 2175/2256/2175
f 2175/2256/2175 2184/2264/2184 2176/2257/2176
f 2184/2264/2184 2185/2265/2185 2176/2257/2176
f 2176/2257/2176 2185/2265/2185 2177/2258/2177
f 2185/2265/2185 2186/2266/2186 2177/2258/2177
f 2177/2258/2177 2186/2266/2186 2178/2259/2178
f 2186/2266/2186 2187/2267/2187 2178/2259/2178
f 2178/2259/2178 2187/2267/2187 139/1691/139
f 2187/2267/2187 138/1692/138 139/1691/139
f 127/2221/127 2188/2224/2188 2179/2222/2179
f 2188/2224/2188 2189/2268/2189 2179/2222/2179
f 2179/2222/2179 2189/2268/2189 2180/2260/2180
f 2189/2268/2189 2190/2269/2190 2180/2260/2180
f 2180/2260/2180 2190/2269/2190 2181/2261/2181
f 2190/2269/2190 2191/2270/2191 2181/2261/2181
f 2181/2261/2181 2191/2270/2191 2182/2262/2182
f 2191/2270/2191 2192/2271/2192 2182/2262/2182
f 2182/2262/2182 2192/2271/2192 2183/2263/2183
f 2192/2271/2192 2193/2272/2193 2183/2263/2183
f 2183/2263/2183 2193/2272/2193 2184/2264/2184
f 2193/2272/2193 2194/2273/2194 2184/2264/2184
f 2184/2264/2184 2194/2273/2194 2185/2265/2185
f 2194/2273/2194 2195/2274/2195 2185/2265/2185
f 2185/2265/2185 2195/2274/2195 2186/2266/2186
f 2195/2274/2195 2196/2275/2196 2186/2266/2186
f 2186/2266/2186 2196/2275/2196 2187/2267/2187
f 2196/2275/2196 2197/2276/2197 2187/2267/2187
f 2187/2267/2187 2197/2276/2197 138/1692/138
f 2197/2276/2197 137/1693/137 138/1692/138
f 128/2223/128 2198/2226/2198 2188/2224/2188
f 2198/2226/2198 2199/2277/2199 2188/2224/2188
f 2188/2224/2188 2199/2277/2199 2189/2268/2189
f 2199/2277/2199 2200/2278/2200 2189/2268/2189
f 2189/2268/2189 2200/2278/2200 2190/2269/2190
f 2200/2278/2200 2201/2279/2201 2190/2269/2190
f 2190/2269/2190 2201/2279/2201 2191/2270/2191
f 2201/2279/2201 2202/2280/2202 2191/2270/2191
f 2191/2270/2191 2202/2280/2202 2192/2271/2192
f 2202/2280/2202 2203/2281/2203 2192/2271/2192
f 2192/2271/2192 2203/2281/2203 2193/2272/2193
f 2203/2281/2203 2204/2282/2204 2193/2272/2193
f 2193/2272/2193 2204/2282/2204 2194/2273/2194
f 2204/2282/2204 2205/2283/2205 2194/2273/2194
f 2194/2273/2194 2205/2283/2205 2195/2274/2195
f 2205/2283/2205 2206/2284/2206 2195/2274/2195
f 2195/2274/2195 2206/2284/2206 2196/2275/2196
f 2206/2284/2206 2207/2285/2207 2196/2275/2196
f 2196/2275/2196 2207/2285/2207 2197/2276/2197
f 2207/2285/2207 2208/2286/2208 2197/2276/2197
f 2197/2276/2197 2208/2286/2208 137/1693/137
f 2208/2286/2208 136/1694/136 137/1693/137
f 129/2225/129 2209/2228/2209 2198/2226/2198
f 2209/2228/2209 2210/2287/2210 2198/2226/2198
f 2198/2226/2198 2210/2287/2210 2199/2277/2199
f 2210/2287/2210 2211/2288/2211 2199/2277/2199
f 2199/2277/2199 2211/2288/2211 2200/2278/2200
f 2211/2288/2211 2212/2289/2212 2200/2278/2200
f 2200/2278/2200 2212/2289/2212 2201/2279/2201
f 2212/2289/2212 2213/2290/2213 2201/2279/2201
f 2201/2279/2201 2213/2290/2213 2202/2280/2202
f 2213/2290/2213 2214/2291/2214 2202/2280/2202
f 2202/2280/2202 2214/2291/2214 2203/2281/2203
f 2214/2291/2214 2215/2292/2215 2203/2281/2203
f 2203/2281/2203 2215/2292/2215 2204/2282/2204
f 2215/2292/2215 2216/2293/2216 2204/2282/2204
f 2204/2282/2204 2216/2293/2216 2205/2283/2205
f 2216/2293/2216 2217/2294/2217 2205/2283/2205
f 2205/2283/2205 2217/2294/2217 2206/2284/2206
f 2217/2294/2217 2218/2295/2218 2206/2284/2206
f 2206/2284/2206 2218/2295/2218 2207/2285/2207
f 2218/2295/2218 2219/2296/2219 2207/2285/2207
f 2207/2285/2207 2219/2296/2219 2208/2286/2208
f 2219/2296/2219 2220/2297/2220 2208/2286/2208
f 2208/2286/2208 2220/2297/2220 136/1694/136
f 2220/2297/2220 135/1695/135 136/1694/136
f 130/2227/130 2221/2230/2221 2209/2228/2209
f 2221/2230/2221 2222/2298/2222 2209/2228/2209
f 2209/2228/2209 2222/2298/2222 2210/2287/2210
f 2222/2298/2222 2223/2299/2223 2210/2287/2210
f 2210/2287/2210 2223/2299/2223 2211/2288/2211
f 2223/2299/2223 2224/2300/2224 2211/2288/2211
f 2211/2288/2211 2224/2300/2224 2212/2289/2212
f 2224/2300/2224 2225/2301/2225 2212/2289/2212
f 2212/2289/2212 2225/2301/2225 2213/2290/2213
f 2225/2301/2225 2226/2302/2226 2213/2290/2213
f 2213/2290/2213 2226/2302/2226 2214/2291/2214
f 2226/2302/2226 2227/2303/2227 2214/2291/2214
f 2214/2291/2214 2227/2303/2227 2215/2292/2215
f 2227/2303/2227 2228/2304/2228 2215/2292/2215
f 2215/2292/2215 2228/2304/2228 2216/2293/2216
f 2228/2304/2228 2229/2305/2229 2216/2293/2216
f 2216/2293/2216 2229/2305/2229 2217/2294/2217
f 2229/2305/2229 2230/2306/2230 2217/2294/2217
f 2217/2294/2217 2230/2306/2230 2218/2295/2218
f 2230/2306/2230 2231/2307/2231 2218/2295/2218
f 2218/2295/2218 2231/2307/2231 2219/2296/2219
f 2231/2307/2231 2232/2308/2232 2219/2296/2219
f 2219/2296/2219 2232/2308/2232 2220/2297/2220
f 2232/2308/2232 2233/2309/2233 2220/2297/2220
f 2220/2297/2220 2233/2309/2233 135/1695/135
f 2233/2309/2233 134/1696/134 135/1695/135
f 131/2229/131 2234/2231/2234 2221/2230/2221
f 2234/2231/2234 2235/2310/2235 2221/2230/2221
f 2221/2230/2221 2235/2310/2235 2222/2298/2222
f 2235/2310/2235 2236/2311/2236 2222/2298/2222
f 2222/2298/2222 2236/2311/2236 2223/2299/2223
f 2236/2311/2236 2237/2312/2237 2223/2299/2223
f 2223/2299/2223 2237/2312/2237 2224/2300/2224
f 2237/2312/2237 2238/2313/2238 2224/2300/2224
f 2224/2300/2224 2238/2313/2238 2225/2301/2225
f 2238/2313/2238 2239/2314/2239 2225/2301/2225
f 2225/2301/2225 2239/2314/2239 2226/2302/2226
f 2239/2314/2239 2240/2315/2240 2226/2302/2226
f 2226/2302/2226 2240/2315/2240 2227/2303/2227
f 2240/2315/2240 2241/2316/2241 2227/2303/2227
f 2227/2303/2227 2241/2316/2241 2228/2304/2228
f 2241/2316/2241 2242/2317/2242 2228/2304/2228
f 2228/2304/2228 2242/2317/2242 2229/2305/2229
f 2242/2317/2242 2243/2318/2243 2229/2305/2229
f 2229/2305/2229 2243/2318/2243 2230/2306/2230
f 2243/2318/2243 2244/2319/2244 2230/2306/2230
f 2230/2306/2230 2244/2319/2244 2231/2307/2231
f 2244/2319/2244 2245/2320/2245 2231/2307/2231
f 2231/2307/2231 2245/2320/2245 2232/2308/2232
f 2245/2320/2245 2246/2321/2246 2232/2308/2232
f 2232/2308/2232 2246/2321/2246 2233/2309/2233
f 2246/2321/2246 2247/2322/2247 2233/2309/2233
f 2233/2309/2233 2247/2322/2247 134/1696/134
f 2247/2322/2247 133/1697/133 134/1696/134
f 132/12/132 102/11/102 2234/2231/2234
f 102/11/102 101/2323/101 2234/2231/2234
f 2234/2231/2234 101/2323/101 2235/2310/2235
f 101/2323/101 100/2324/100 2235/2310/2235
f 2235/2310/2235 100/2324/100 2236/2311/2236
f 100/2324/100 99/2325/99 2236/2311/2236
f 2236/2311/2236 99/2325/99 2237/2312/2237
f 99/2325/99 98/2326/98 2237/2312/2237
f 2237/2312/2237 98/2326/98 2238/2313/2238
f 98/2326/98 97/2327/97 2238/2313/2238
f 2238/2313/2238 97/2327/97 2239/2314/2239
f 97/2327/97 96/2328/96 2239/2314/2239
f 2239/2314/2239 96/2328/96 2240/2315/2240
f 96/2328/96 95/2329/95 2240/2315/2240
f 2240/2315/2240 95/2329/95 2241/2316/2241
f 95/2329/95 94/2330/94 2241/2316/2241
f 2241/2316/2241 94/2330/94 2242/2317/2242
f 94/2330/94 93/2331/93 2242/2317/2242
f 2242/2317/2242 93/2331/93 2243/2318/2243
f 93/2331/93 92/2332/92 2243/2318/2243
f 2243/2318/2243 92/2332/92 2244/2319/2244
f 92/2332/92 91/2333/91 2244/2319/2244
f 2244/2319/2244 91/2333/91 2245/2320/2245
f 91/2333/91 90/2334/90 2245/2320/2245
f 2245/2320/2245 90/2334/90 2246/2321/2246
f 90/2334/90 89/2335/89 2246/2321/2246
f 2246/2321/2246 89/2335/89 2247/2322/2247
f 89/2335/89 88/2336/88 2247/2322/2247
f 2247/2322/2247 88/2336/88 133/1697/133
f 88/2336/88 4/20/4 133/1697/133
f 88/2337/88 117/21/117 4/20/4
f 89/2338/89 2248/2339/2248 88/2337/88
f 90/2340/90 2249/2341/2249 89/2338/89
f 91/2342/91 2251/2343/2251 90/2340/90
f 92/2344/92 2254/2345/2254 91/2342/91
f 93/2346/93 2258/2347/2258 92/2344/92
f 94/2348/94 2263/2349/2263 93/2346/93
f 95/2350/95 2269/2351/2269 94/2348/94
f 96/2352/96 2276/2353/2276 95/2350/95
f 97/2354/97 2284/2355/2284 96/2352/96
f 98/2356/98 2293/2357/2293 97/2354/97
f 99/2358/99 2303/2359/2303 98/2356/98
f 100/2360/100 2314/2361/2314 99/2358/99
f 101/2362/101 2326/2363/2326 100/2360/100
f 102/9/102 2339/2364/2339 101/2362/101
f 88/2337/88 2248/2339/2248 117/21/117
f 2248/2339/2248 116/1818/116 117/21/117
f 89/2338/89 2249/2341/2249 2248/2339/2248
f 2249/2341/2249 2250/2365/2250 2248/2339/2248
f 2248/2339/2248 2250/2365/2250 116/1818/116
f 2250/2365/2250 115/1819/115 116/1818/116
f 90/2340/90 2251/2343/2251 2249/2341/2249
f 2251/2343/2251 2252/2366/2252 2249/2341/2249
f 2249/2341/2249 2252/2366/2252 2250/2365/2250
f 2252/2366/2252 2253/2367/2253 2250/2365/2250
f 2250/2365/2250 2253/2367/2253 115/1819/115
f 2253/2367/2253 114/1820/114 115/1819/115
f 91/2342/91 2254/2345/2254 2251/2343/2251
f 2254/2345/2254 2255/2368/2255 2251/2343/2251
f 2251/2343/2251 2255/2368/2255 2252/2366/2252
f 2255/2368/2255 2256/2369/2256 2252/2366/2252
f 2252/2366/2252 2256/2369/2256 2253/2367/2253
f 2256/2369/2256 2257/2370/2257 2253/2367/2253
f 2253/2367/2253 2257/2370/2257 114/1820/114
f 2257/2370/2257 113/1821/113 114/1820/114
f 92/2344/92 2258/2347/2258 2254/2345/2254
f 2258/2347/2258 2259/2371/2259 2254/2345/2254
f 2254/2345/2254 2259/2371/2259 2255/2368/2255
f 2259/2371/2259 2260/2372/2260 2255/2368/2255
f 2255/2368/2255 2260/2372/2260 2256/2369/2256
f 2260/2372/2260 2261/2373/2261 2256/2369/2256
f 2256/2369/2256 2261/2373/2261 2257/2370/2257
f 2261/2373/2261 2262/2374/2262 2257/2370/2257
f 2257/2370/2257 2262/2374/2262 113/1821/113
f 2262/2374/2262 112/1822/112 113/1821/113
f 93/2346/93 2263/2349/2263 2258/2347/2258
f 2263/2349/2263 2264/2375/2264 2258/2347/2258
f 2258/2347/2258 2264/2375/2264 2259/2371/2259
f 2264/2375/2264 2265/2376/2265 2259/2371/2259
f 2259/2371/2259 2265/2376/2265 2260/2372/2260
f 2265/2376/2265 2266/2377/2266 2260/2372/2260
f 2260/2372/2260 2266/2377/2266 2261/2373/2261
f 2266/2377/2266 2267/2378/2267 2261/2373/2261
f 2261/2373/2261 2267/2378/2267 2262/2374/2262
f 2267/2378/2267 2268/2379/2268 2262/2374/2262
f 2262/2374/2262 2268/2379/2268 112/1822/112
f 2268/2379/2268 111/1823/111 112/1822/112
f 94/2348/94 2269/2351/2269 2263/2349/2263
f 2269/2351/2269 2270/2380/2270 2263/2349/2263
f 2263/2349/2263 2270/2380/2270 2264/2375/2264
f 2270/2380/2270 2271/2381/2271 2264/2375/2264
f 2264/2375/2264 2271/2381/2271 2265/2376/2265
f 2271/2381/2271 2272/2382/2272 2265/2376/2265
f 2265/2376/2265 2272/2382/2272 2266/2377/2266
f 2272/2382/2272 2273/2383/2273 2266/2377/2266
f 2266/2377/2266 2273/2383/2273 2267/2378/2267
f 2273/2383/2273 2274/2384/2274 2267/2378/2267
f 2267/2378/2267 2274/2384/2274 2268/2379/2268
f 2274/2384/2274 2275/2385/2275 2268/2379/2268
f 2268/2379/2268 2275/2385/2275 111/1823/111
f 2275/2385/2275 110/1824/110 111/1823/111
f 95/2350/95 2276/2353/2276 2269/2351/2269
f 2276/2353/2276 2277/2386/2277 2269/2351/2269
f 2269/2351/2269 2277/2386/2277 2270/2380/2270
f 2277/2386/2277 2278/2387/2278 2270/2380/2270
f 2270/2380/2270 2278/2387/2278 2271/2381/2271
f 2278/2387/2278 2279/2388/2279 2271/2381/2271
f 2271/2381/2271 2279/2388/2279 2272/2382/2272
f 2279/2388/2279 2280/2389/2280 2272/2382/2272
f 2272/2382/2272 2280/2389/2280 2273/2383/2273
f 2280/2389/2280 2281/2390/2281 2273/2383/2273
f 2273/2383/2273 2281/2390/2281 2274/2384/2274
f 2281/2390/2281 2282/2391/2282 2274/2384/2274
f 2274/2384/2274 2282/2391/2282 2275/2385/2275
f 2282/2391/2282 2283/2392/2283 2275/2385/2275
f 2275/2385/2275 2283/2392/2283 110/1824/110
f 2283/2392/2283 109/1825/109 110/1824/110
f 96/2352/96 2284/2355/2284 2276/2353/2276
f 2284/2355/2284 2285/2393/2285 2276/2353/2276
f 2276/2353/2276 2285/2393/2285 2277/2386/2277
f 2285/2393/2285 2286/2394/2286 2277/2386/2277
f 2277/2386/2277 2286/2394/2286 2278/2387/2278
f 2286/2394/2286 2287/2395/2287 2278/2387/2278
f 2278/2387/2278 2287/2395/2287 2279/2388/2279
f 2287/2395/2287 2288/2396/2288 2279/2388/2279
f 2279/2388/2279 2288/2396/2288 2280/2389/2280
f 2288/2396/2288 2289/2397/2289 2280/2389/2280
f 2280/2389/2280 2289/2397/2289 2281/2390/2281
f 2289/2397/2289 2290/2398/2290 2281/2390/2281
f 2281/2390/2281 2290/2398/2290 2282/2391/2282
f 2290/2398/2290 2291/2399/2291 2282/2391/2282
f 2282/2391/2282 2291/2399/2291 2283/2392/2283
f 2291/2399/2291 2292/2400/2292 2283/2392/2283
f 2283/2392/2283 2292/2400/2292 109/1825/109
f 2292/2400/2292 108/1826/108 109/1825/109
f 97/2354/97 2293/2357/2293 2284/2355/2284
f 2293/2357/2293 2294/2401/2294 2284/2355/2284
f 2284/2355/2284 2294/2401/2294 2285/2393/2285
f 2294/2401/2294 2295/2402/2295 2285/2393/2285
f 2285/2393/2285 2295/2402/2295 2286/2394/2286
f 2295/2402/2295 2296/2403/2296 2286/2394/2286
f 2286/2394/2286 2296/2403/2296 2287/2395/2287
f 2296/2403/2296 2297/2404/2297 2287/2395/2287
f 2287/2395/2287 2297/2404/2297 2288/2396/2288
f 2297/2404/2297 2298/2405/2298 2288/2396/2288
f 2288/2396/2288 2298/2405/2298 2289/2397/2289
f 2298/2405/2298 2299/2406/2299 2289/2397/2289
f 2289/2397/2289 2299/2406/2299 2290/2398/2290
f 2299/2406/2299 2300/2407/2300 2290/2398/2290
f 2290/2398/2290 2300/2407/2300 2291/2399/2291
f 2300/2407/2300 2301/2408/2301 2291/2399/2291
f 2291/2399/2291 2301/2408/2301 2292/2400/2292
f 2301/2408/2301 2302/2409/2302 2292/2400/2292
f 2292/2400/2292 2302/2409/2302 108/1826/108
f 2302/2409/2302 107/1827/107 108/1826/108
f 98/2356/98 2303/2359/2303 2293/2357/2293
f 2303/2359/2303 2304/2410/2304 2293/2357/2293
f 2293/2357/2293 2304/2410/2304 2294/2401/2294
f 2304/2410/2304 2305/2411/2305 2294/2401/2294
f 2294/2401/2294 2305/2411/2305 2295/2402/2295
f 2305/2411/2305 2306/2412/2306 2295/2402/2295
f 2295/2402/2295 2306/2412/2306 2296/2403/2296
f 2306/2412/2306 2307/2413/2307 2296/2403/2296
f 2296/2403/2296 2307/2413/2307 2297/2404/2297
f 2307/2413/2307 2308/2414/2308 2297/2404/2297
f 2297/2404/2297 2308/2414/2308 2298/2405/2298
f 2308/2414/2308 2309/2415/2309 2298/2405/2298
f 2298/2405/2298 2309/2415/2309 2299/2406/2299
f 2309/2415/2309 2310/2416/2310 2299/2406/2299
f 2299/2406/2299 2310/2416/2310 2300/2407/2300
f 2310/2416/2310 2311/2417/2311 2300/2407/2300
f 2300/2407/2300 2311/2417/2311 2301/2408/2301
f 2311/2417/2311 2312/2418/2312 2301/2408/2301
f 2301/2408/2301 2312/2418/2312 2302/2409/2302
f 2312/2418/2312 2313/2419/2313 2302/2409/2302
f 2302/2409/2302 2313/2419/2313 107/1827/107
f 2313/2419/2313 106/1828/106 107/1827/107
f 99/2358/99 2314/2361/2314 2303/2359/2303
f 2314/2361/2314 2315/2420/2315 2303/2359/2303
f 2303/2359/2303 2315/2420/2315 2304/2410/2304
f 2315/2420/2315 2316/2421/2316 2304/2410/2304
f 2304/2410/2304 2316/2421/2316 2305/2411/2305
f 2316/2421/2316 2317/2422/2317 2305/2411/2305
f 2305/2411/2305 2317/2422/2317 2306/2412/2306
f 2317/2422/2317 2318/2423/2318 2306/2412/2306
f 2306/2412/2306 2318/2423/2318 2307/2413/2307
f 2318/2423/2318 2319/2424/2319 2307/2413/2307
f 2307/2413/2307 2319/2424/2319 2308/2414/2308
f 2319/2424/2319 2320/2425/2320 2308/2414/2308
f 2308/2414/2308 2320/2425/2320 2309/2415/2309
f 2320/2425/2320 2321/2426/2321 2309/2415/2309
f 2309/2415/2309 2321/2426/2321 2310/2416/2310
f 2321/2426/2321 2322/2427/2322 2310/2416/2310
f 2310/2416/2310 2322/2427/2322 2311/2417/2311
f 2322/2427/2322 2323/2428/2323 2311/2417/2311
f 2311/2417/2311 2323/2428/2323 2312/2418/2312
f 2323/2428/2323 2324/2429/2324 2312/2418/2312
f 2312/2418/2312 2324/2429/2324 2313/2419/2313
f 2324/2429/2324 2325/2430/2325 2313/2419/2313
f 2313/2419/2313 2325/2430/2325 106/1828/106
f 2325/2430/2325 105/1829/105 106/1828/106
f 100/2360/100 2326/2363/2326 2314/2361/2314
f 2326/2363/2326 2327/2431/2327 2314/2361/2314
f 2314/2361/2314 2327/2431/2327 2315/2420/2315
f 2327/2431/2327 2328/2432/2328 2315/2420/2315
f 2315/2420/2315 2328/2432/2328 2316/2421/2316
f 2328/2432/2328 2329/2433/2329 2316/2421/2316
f 2316/2421/2316 2329/2433/2329 2317/2422/2317
f 2329/2433/2329 2330/2434/2330 2317/2422/2317
f 2317/2422/2317 2330/2434/2330 2318/2423/2318
f 2330/2434/2330 2331/2435/2331 2318/2423/2318
f 2318/2423/2318 2331/2435/2331 2319/2424/2319
f 2331/2435/2331 2332/2436/2332 2319/2424/2319
f 2319/2424/2319 2332/2436/2332 2320/2425/2320
f 2332/2436/2332 2333/2437/2333 2320/2425/2320
f 2320/2425/2320 2333/2437/2333 2321/2426/2321
f 2333/2437/2333 2334/2438/2334 2321/2426/2321
f 2321/2426/2321 2334/2438/2334 2322/2427/2322
f 2334/2438/2334 2335/2439/2335 2322/2427/2322
f 2322/2427/2322 2335/2439/2335 2323/2428/2323
f 2335/2439/2335 2336/2440/2336 2323/2428/2323
f 2323/2428/2323 2336/2440/2336 2324/2429/2324
f 2336/2440/2336 2337/2441/2337 2324/2429/2324
f 2324/2429/2324 2337/2441/2337 2325/2430/2325
f 2337/2441/2337 2338/2442/2338 2325/2430/2325
f 2325/2430/2325 2338/2442/2338 105/1829/105
f 2338/2442/2338 104/1830/104 105/1829/105
f 101/2362/101 2339/2364/2339 2326/2363/2326
f 2339/2364/2339 2340/2443/2340 2326/2363/2326
f 2326/2363/2326 2340/2443/2340 2327/2431/2327
f 2340/2443/2340 2341/2444/2341 2327/2431/2327
f 2327/2431/2327 2341/2444/2341 2328/2432/2328
f 2341/2444/2341 2342/2445/2342 2328/2432/2328
f 2328/2432/2328 2342/2445/2342 2329/2433/2329
f 2342/2445/2342 2343/2446/2343 2329/2433/2329
f 2329/2433/2329 2343/2446/2343 2330/2434/2330
f 2343/2446/2343 2344/2447/2344 2330/2434/2330
f 2330/2434/2330 2344/2447/2344 2331/2435/2331
f 2344/2447/2344 2345/2448/2345 2331/2435/2331
f 2331/2435/2331 2345/2448/2345 2332/2436/2332
f 2345/2448/2345 2346/2449/2346 2332/2436/2332
f 2332/2436/2332 2346/2449/2346 2333/2437/2333
f 2346/2449/2346 2347/2450/2347 2333/2437/2333
f 2333/2437/2333 2347/2450/2347 2334/2438/2334
f 2347/2450/2347 2348/2451/2348 2334/2438/2334
f 2334/2438/2334 2348/2451/2348 2335/2439/2335
f 2348/2451/2348 2349/2452/2349 2335/2439/2335
f 2335/2439/2335 2349/2452/2349 2336/2440/2336
f 2349/2452/2349 2350/2453/2350 2336/2440/2336
f 2336/2440/2336 2350/2453/2350 2337/2441/2337
f 2350/2453/2350 2351/2454/2351 2337/2441/2337
f 2337/2441/2337 2351/2454/2351 2338/2442/2338
f 2351/2454/2351 2352/2455/2352 2338/2442/2338
f 2338/2442/2338 2352/2455/2352 104/1830/104
f 2352/2455/2352 103/1831/103 104/1830/104
f 102/9/102 27/8/27 2339/2364/2339
f 27/8/27 26/2456/26 2339/2364/2339
f 2339/2364/2339 26/2456/26 2340/2443/2340
f 26/2456/26 25/2457/25 2340/2443/2340
f 2340/2443/2340 25/2457/25 2341/2444/2341
f 25/2457/25 24/2458/24 2341/2444/2341
f 2341/2444/2341 24/2458/24 2342/2445/2342
f 24/2458/24 23/2459/23 2342/2445/2342
f 2342/2445/2342 23/2459/23 2343/2446/2343
f 23/2459/23 22/2460/22 2343/2446/2343
f 2343/2446/2343 22/2460/22 2344/2447/2344
f 22/2460/22 21/2461/21 2344/2447/2344
f 2344/2447/2344 21/2461/21 2345/2448/2345
f 21/2461/21 20/2462/20 2345/2448/2345
f 2345/2448/2345 20/2462/20 2346/2449/2346
f 20/2462/20 19/2463/19 2346/2449/2346
f 2346/2449/2346 19/2463/19 2347/2450/2347
f 19/2463/19 18/2464/18 2347/2450/2347
f 2347/2450/2347 18/2464/18 2348/2451/2348
f 18/2464/18 17/2465/17 2348/2451/2348
f 2348/2451/2348 17/2465/17 2349/2452/2349
f 17/2465/17 16/2466/16 2349/2452/2349
f 2349/2452/2349 16/2466/16 2350/2453/2350
f 16/2466/16 15/2467/15 2350/2453/2350
f 2350/2453/2350 15/2467/15 2351/2454/2351
f 15/2467/15 14/2468/14 2351/2454/2351
f 2351/2454/2351 14/2468/14 2352/2455/2352
f 14/2468/14 13/2469/13 2352/2455/2352
f 2352/2455/2352 13/2469/13 103/1831/103
f 13/2469/13 3/1832/3 103/1831/103
f 58/2070/58 87/2470/87 6/26/6
f 59/2069/59 2353/2471/2353 58/2070/58
f 60/2068/60 2354/2472/2354 59/2069/59
f 61/2067/61 2356/2473/2356 60/2068/60
f 62/2066/62 2359/2474/2359 61/2067/61
f 63/2065/63 2363/2475/2363 62/2066/62
f 64/2064/64 2368/2476/2368 63/2065/63
f 65/2063/65 2374/2477/2374 64/2064/64
f 66/2062/66 2381/2478/2381 65/2063/65
f 67/2061/67 2389/2479/2389 66/2062/66
f 68/2060/68 2398/2480/2398 67/2061/67
f 69/2059/69 2408/2481/2408 68/2060/68
f 70/2058/70 2419/2482/2419 69/2059/69
f 71/2057/71 2431/2483/2431 70/2058/70
f 72/6/72 2444/2484/2444 71/2057/71
f 58/2070/58 2353/2471/2353 87/2470/87
f 2353/2471/2353 86/2485/86 87/2470/87
f 59/2069/59 2354/2472/2354 2353/2471/2353
f 2354/2472/2354 2355/2486/2355 2353/2471/2353
f 2353/2471/2353 2355/2486/2355 86/2485/86
f 2355/2486/2355 85/2487/85 86/2485/86
f 60/2068/60 2356/2473/2356 2354/2472/2354
f 2356/2473/2356 2357/2488/2357 2354/2472/2354
f 2354/2472/2354 2357/2488/2357 2355/2486/2355
f 2357/2488/2357 2358/2489/2358 2355/2486/2355
f 2355/2486/2355 2358/2489/2358 85/2487/85
f 2358/2489/2358 84/2490/84 85/2487/85
f 61/2067/61 2359/2474/2359 2356/2473/2356
f 2359/2474/2359 2360/2491/2360 2356/2473/2356
f 2356/2473/2356 2360/2491/2360 2357/2488/2357
f 2360/2491/2360 2361/2492/2361 2357/2488/2357
f 2357/2488/2357 2361/2492/2361 2358/2489/2358
f 2361/2492/2361 2362/2493/2362 2358/2489/2358
f 2358/2489/2358 2362/2493/2362 84/2490/84
f 2362/2493/2362 83/2494/83 84/2490/84
f 62/2066/62 2363/2475/2363 2359/2474/2359
f 2363/2475/2363 2364/2495/2364 2359/2474/2359
f 2359/2474/2359 2364/2495/2364 2360/2491/2360
f 2364/2495/2364 2365/2496/2365 2360/2491/2360
f 2360/2491/2360 2365/2496/2365 2361/2492/2361
f 2365/2496/2365 2366/2497/2366 2361/2492/2361
f 2361/2492/2361 2366/2497/2366 2362/2493/2362
f 2366/2497/2366 2367/2498/2367 2362/2493/2362
f 2362/2493/2362 2367/2498/2367 83/2494/83
f 2367/2498/2367 82/2499/82 83/2494/83
f 63/2065/63 2368/2476/2368 2363/2475/2363
f 2368/2476/2368 2369/2500/2369 2363/2475/2363
f 2363/2475/2363 2369/2500/2369 2364/2495/2364
f 2369/2500/2369 2370/2501/2370 2364/2495/2364
f 2364/2495/2364 2370/2501/2370 2365/2496/2365
f 2370/2501/2370 2371/2502/2371 2365/2496/2365
f 2365/2496/2365 2371/2502/2371 2366/2497/2366
f 2371/2502/2371 2372/2503/2372 2366/2497/2366
f 2366/2497/2366 2372/2503/2372 2367/2498/2367
f 2372/2503/2372 2373/2504/2373 2367/2498/2367
f 2367/2498/2367 2373/2504/2373 82/2499/82
f 2373/2504/2373 81/2505/81 82/2499/82
f 64/2064/64 2374/2477/2374 2368/2476/2368
f 2374/2477/2374 2375/2506/2375 2368/2476/2368
f 2368/2476/2368 2375/2506/2375 2369/2500/2369
f 2375/2506/2375 2376/2507/2376 2369/2500/2369
f 2369/2500/2369 2376/2507/2376 2370/2501/2370
f 2376/2507/2376 2377/2508/2377 2370/2501/2370
f 2370/2501/2370 2377/2508/2377 2371/2502/2371
f 2377/2508/2377 2378/2509/2378 2371/2502/2371
f 2371/2502/2371 2378/2509/2378 2372/2503/2372
f 2378/2509/2378 2379/2510/2379 2372/2503/2372
f 2372/2503/2372 2379/2510/2379 2373/2504/2373
f 2379/2510/2379 2380/2511/2380 2373/2504/2373
f 2373/2504/2373 2380/2511/2380 81/2505/81
f 2380/2511/2380 80/2512/80 81/2505/81
f 65/2063/65 2381/2478/2381 2374/2477/2374
f 2381/2478/2381 2382/2513/2382 2374/2477/2374
f 2374/2477/2374 2382/2513/2382 2375/2506/2375
f 2382/2513/2382 2383/2514/2383 2375/2506/2375
f 2375/2506/2375 2383/2514/2383 2376/2507/2376
f 2383/2514/2383 2384/2515/2384 2376/2507/2376
f 2376/2507/2376 2384/2515/2384 2377/2508/2377
f 2384/2515/2384 2385/2516/2385 2377/2508/2377
f 2377/2508/2377 2385/2516/2385 2378/2509/2378
f 2385/2516/2385 2386/2517/2386 2378/2509/2378
f 2378/2509/2378 2386/2517/2386 2379/2510/2379
f 2386/2517/2386 2387/2518/2387 2379/2510/2379
f 2379/2510/2379 2387/2518/2387 2380/2511/2380
f 2387/2518/2387 2388/2519/2388 2380/2511/2380
f 2380/2511/2380 2388/2519/2388 80/2512/80
f 2388/2519/2388 79/2520/79 80/2512/80
f 66/2062/66 2389/2479/2389 2381/2478/2381
f 2389/2479/2389 2390/2521/2390 2381/2478/2381
f 2381/2478/2381 2390/2521/2390 2382/2513/2382
f 2390/2521/2390 2391/2522/2391 2382/2513/2382
f 2382/2513/2382 2391/2522/2391 2383/2514/2383
f 2391/2522/2391 2392/2523/2392 2383/2514/2383
f 2383/2514/2383 2392/2523/2392 2384/2515/2384
f 2392/2523/2392 2393/2524/2393 2384/2515/2384
f 2384/2515/2384 2393/2524/2393 2385/2516/2385
f 2393/2524/2393 2394/2525/2394 2385/2516/2385
f 2385/2516/2385 2394/2525/2394 2386/2517/2386
f 2394/2525/2394 2395/2526/2395 2386/2517/2386
f 2386/2517/2386 2395/2526/2395 2387/2518/2387
f 2395/2526/2395 2396/2527/2396 2387/2518/2387
f 2387/2518/2387 2396/2527/2396 2388/2519/2388
f 2396/2527/2396 2397/2528/2397 2388/2519/2388
f 2388/2519/2388 2397/2528/2397 79/2520/79
f 2397/2528/2397 78/2529/78 79/2520/79
f 67/2061/67 2398/2480/2398 2389/2479/2389
f 2398/2480/2398 2399/2530/2399 2389/2479/2389
f 2389/2479/2389 2399/2530/2399 2390/2521/2390
f 2399/2530/2399 2400/2531/2400 2390/2521/2390
f 2390/2521/2390 2400/2531/2400 2391/2522/2391
f 2400/2531/2400 2401/2532/2401 2391/2522/2391
f 2391/2522/2391 2401/2532/2401 2392/2523/2392
f 2401/2532/2401 2402/2533/2402 2392/2523/2392
f 2392/2523/2392 2402/2533/2402 2393/2524/2393
f 2402/2533/2402 2403/2534/2403 2393/2524/2393
f 2393/2524/2393 2403/2534/2403 2394/2525/2394
f 2403/2534/2403 2404/2535/2404 2394/2525/2394
f 2394/2525/2394 2404/2535/2404 2395/2526/2395
f 2404/2535/2404 2405/2536/2405 2395/2526/2395
f 2395/2526/2395 2405/2536/2405 2396/2527/2396
f 2405/2536/2405 2406/2537/2406 2396/2527/2396
f 2396/2527/2396 2406/2537/2406 2397/2528/2397
f 2406/2537/2406 2407/2538/2407 2397/2528/2397
f 2397/2528/2397 2407/2538/2407 78/2529/78
f 2407/2538/2407 77/2539/77 78/2529/78
f 68/2060/68 2408/2481/2408 2398/2480/2398
f 2408/2481/2408 2409/2540/2409 2398/2480/2398
f 2398/2480/2398 2409/2540/2409 2399/2530/2399
f 2409/2540/2409 2410/2541/2410 2399/2530/2399
f 2399/2530/2399 2410/2541/2410 2400/2531/2400
f 2410/2541/2410 2411/2542/2411 2400/2531/2400
f 2400/2531/2400 2411/2542/2411 2401/2532/2401
f 2411/2542/2411 2412/2543/2412 2401/2532/2401
f 2401/2532/2401 2412/2543/2412 2402/2533/2402
f 2412/2543/2412 2413/2544/2413 2402/2533/2402
f 2402/2533/2402 2413/2544/2413 2403/2534/2403
f 2413/2544/2413 2414/2545/2414 2403/2534/2403
f 2403/2534/2403 2414/2545/2414 2404/2535/2404
f 2414/2545/2414 2415/2546/2415 2404/2535/2404
f 2404/2535/2404 2415/2546/2415 2405/2536/2405
f 2415/2546/2415 2416/2547/2416 2405/2536/2405
f 2405/2536/2405 2416/2547/2416 2406/2537/2406
f 2416/2547/2416 2417/2548/2417 2406/2537/2406
f 2406/2537/2406 2417/2548/2417 2407/2538/2407
f 2417/2548/2417 2418/2549/2418 2407/2538/2407
f 2407/2538/2407 2418/2549/2418 77/2539/77
f 2418/2549/2418 76/2550/76 77/2539/77
f 69/2059/69 2419/2482/2419 2408/2481/2408
f 2419/2482/2419 2420/2551/2420 2408/2481/2408
f 2408/2481/2408 2420/2551/2420 2409/2540/2409
f 2420/2551/2420 2421/2552/2421 2409/2540/2409
f 2409/2540/2409 2421/2552/2421 2410/2541/2410
f 2421/2552/2421 2422/2553/2422 2410/2541/2410
f 2410/2541/2410 2422/2553/2422 2411/2542/2411
f 2422/2553/2422 2423/2554/2423 2411/2542/2411
f 2411/2542/2411 2423/2554/2423 2412/2543/2412
f 2423/2554/2423 2424/2555/2424 2412/2543/2412
f 2412/2543/2412 2424/2555/2424 2413/2544/2413
f 2424/2555/2424 2425/2556/2425 2413/2544/2413
f 2413/2544/2413 2425/2556/2425 2414/2545/2414
f 2425/2556/2425 2426/2557/2426 2414/2545/2414
f 2414/2545/2414 2426/2557/2426 2415/2546/2415
f 2426/2557/2426 2427/2558/2427 2415/2546/2415
f 2415/2546/2415 2427/2558/2427 2416/2547/2416
f 2427/2558/2427 2428/2559/2428 2416/2547/2416
f 2416/2547/2416 2428/2559/2428 2417/2548/2417
f 2428/2559/2428 2429/2560/2429 2417/2548/2417
f 2417/2548/2417 2429/2560/2429 2418/2549/2418
f 2429/2560/2429 2430/2561/2430 2418/2549/2418
f 2418/2549/2418 2430/2561/2430 76/2550/76
f 2430/2561/2430 75/2562/75 76/2550/76
f 70/2058/70 2431/2483/2431 2419/2482/2419
f 2431/2483/2431 2432/2563/2432 2419/2482/2419
f 2419/2482/2419 2432/2563/2432 2420/2551/2420
f 2432/2563/2432 2433/2564/2433 2420/2551/2420
f 2420/2551/2420 2433/2564/2433 2421/2552/2421
f 2433/2564/2433 2434/2565/2434 2421/2552/2421
f 2421/2552/2421 2434/2565/2434 2422/2553/2422
f 2434/2565/2434 2435/2566/2435 2422/2553/2422
f 2422/2553/2422 2435/2566/2435 2423/2554/2423
f 2435/2566/2435 2436/2567/2436 2423/2554/2423
f 2423/2554/2423 2436/2567/2436 2424/2555/2424
f 2436/2567/2436 2437/2568/2437 2424/2555/2424
f 2424/2555/2424 2437/2568/2437 2425/2556/2425
f 2437/2568/2437 2438/2569/2438 2425/2556/2425
f 2425/2556/2425 2438/2569/2438 2426/2557/2426
f 2438/2569/2438 2439/2570/2439 2426/2557/2426
f 2426/2557/2426 2439/2570/2439 2427/2558/2427
f 2439/2570/2439 2440/2571/2440 2427/2558/2427
f 2427/2558/2427 2440/2571/2440 2428/2559/2428
f 2440/2571/2440 2441/2572/2441 2428/2559/2428
f 2428/2559/2428 2441/2572/2441 2429/2560/2429
f 2441/2572/2441 2442/2573/2442 2429/2560/2429
f 2429/2560/2429 2442/2573/2442 2430/2561/2430
f 2442/2573/2442 2443/2574/2443 2430/2561/2430
f 2430/2561/2430 2443/2574/2443 75/2562/75
f 2443/2574/2443 74/2575/74 75/2562/75
f 71/2057/71 2444/2484/2444 2431/2483/2431
f 2444/2484/2444 2445/2576/2445 2431/2483/2431
f 2431/2483/2431 2445/2576/2445 2432/2563/2432
f 2445/2576/2445 2446/2577/2446 2432/2563/2432
f 2432/2563/2432 2446/2577/2446 2433/2564/2433
f 2446/2577/2446 2447/2578/2447 2433/2564/2433
f 2433/2564/2433 2447/2578/2447 2434/2565/2434
f 2447/2578/2447 2448/2579/2448 2434/2565/2434
f 2434/2565/2434 2448/2579/2448 2435/2566/2435
f 2448/2579/2448 2449/2580/2449 2435/2566/2435
f 2435/2566/2435 2449/2580/2449 2436/2567/2436
f 2449/2580/2449 2450/2581/2450 2436/2567/2436
f 2436/2567/2436 2450/2581/2450 2437/2568/2437
f 2450/2581/2450 2451/2582/2451 2437/2568/2437
f 2437/2568/2437 2451/2582/2451 2438/2569/2438
f 2451/2582/2451 2452/2583/2452 2438/2569/2438
f 2438/2569/2438 2452/2583/2452 2439/2570/2439
f 2452/2583/2452 2453/2584/2453 2439/2570/2439
f 2439/2570/2439 2453/2584/2453 2440/2571/2440
f 2453/2584/2453 2454/2585/2454 2440/2571/2440
f 2440/2571/2440 2454/2585/2454 2441/2572/2441
f 2454/2585/2454 2455/2586/2455 2441/2572/2441
f 2441/2572/2441 2455/2586/2455 2442/2573/2442
f 2455/2586/2455 2456/2587/2456 2442/2573/2442
f 2442/2573/2442 2456/2587/2456 2443/2574/2443
f 2456/2587/2456 2457/2588/2457 2443/2574/2443
f 2443/2574/2443 2457/2588/2457 74/2575/74
f 2457/2588/2457 73/2589/73 74/2575/74
f 72/6/72 42/5/42 2444/2484/2444
f 42/5/42 41/2590/41 2444/2484/2444
f 2444/2484/2444 41/2590/41 2445/2576/2445
f 41/2590/41 40/2591/40 2445/2576/2445
f 2445/2576/2445 40/2591/40 2446/2577/2446
f 40/2591/40 39/2592/39 2446/2577/2446
f 2446/2577/2446 39/2592/39 2447/2578/2447
f 39/2592/39 38/2593/38 2447/2578/2447
f 2447/2578/2447 38/2593/38 2448/2579/2448
f 38/2593/38 37/2594/37 2448/2579/2448
f 2448/2579/2448 37/2594/37 2449/2580/2449
f 37/2594/37 36/2595/36 2449/2580/2449
f 2449/2580/2449 36/2595/36 2450/2581/2450
f 36/2595/36 35/2596/35 2450/2581/2450
f 2450/2581/2450 35/2596/35 2451/2582/2451
f 35/2596/35 34/2597/34 2451/2582/2451
f 2451/2582/2451 34/2597/34 2452/2583/2452
f 34/2597/34 33/2598/33 2452/2583/2452
f 2452/2583/2452 33/2598/33 2453/2584/2453
f 33/2598/33 32/2599/32 2453/2584/2453
f 2453/2584/2453 32/2599/32 2454/2585/2454
f 32/2599/32 31/2600/31 2454/2585/2454
f 2454/2585/2454 31/2600/31 2455/2586/2455
f 31/2600/31 30/2601/30 2455/2586/2455
f 2455/2586/2455 30/2601/30 2456/2587/2456
f 30/2601/30 29/2602/29 2456/2587/2456
f 2456/2587/2456 29/2602/29 2457/2588/2457
f 29/2602/29 28/2603/28 2457/2588/2457
f 2457/2588/2457 28/2603/28 73/2589/73
f 28/2603/28 1/2604/1 73/2589/73
f 13/2605/13 57/18/57 3/17/3
f 14/2606/14 2458/2607/2458 13/2605/13
f 15/2608/15 2459/2609/2459 14/2606/14
f 16/2610/16 2461/2611/2461 15/2608/15
f 17/2612/17 2464/2613/2464 16/2610/16
f 18/2614/18 2468/2615/2468 17/2612/17
f 19/2616/19 2473/2617/2473 18/2614/18
f 20/2618/20 2479/2619/2479 19/2616/19
f 21/2620/21 2486/2621/2486 20/2618/20
f 22/2622/22 2494/2623/2494 21/2620/21
f 23/2624/23 2503/2625/2503 22/2622/22
f 24/2626/24 2513/2627/2513 23/2624/23
f 25/2628/25 2524/2629/2524 24/2626/24
f 26/2630/26 2536/2631/2536 25/2628/25
f 27/3/27 2549/2632/2549 26/2630/26
f 13/2605/13 2458/2607/2458 57/18/57
f 2458/2607/2458 56/1938/56 57/18/57
f 14/2606/14 2459/2609/2459 2458/2607/2458
f 2459/2609/2459 2460/2633/2460 2458/2607/2458
f 2458/2607/2458 2460/2633/2460 56/1938/56
f 2460/2633/2460 55/1939/55 56/1938/56
f 15/2608/15 2461/2611/2461 2459/2609/2459
f 2461/2611/2461 2462/2634/2462 2459/2609/2459
f 2459/2609/2459 2462/2634/2462 2460/2633/2460
f 2462/2634/2462 2463/2635/2463 2460/2633/2460
f 2460/2633/2460 2463/2635/2463 55/1939/55
f 2463/2635/2463 54/1940/54 55/1939/55
f 16/2610/16 2464/2613/2464 2461/2611/2461
f 2464/2613/2464 2465/2636/2465 2461/2611/2461
f 2461/2611/2461 2465/2636/2465 2462/2634/2462
f 2465/2636/2465 2466/2637/2466 2462/2634/2462
f 2462/2634/2462 2466/2637/2466 2463/2635/2463
f 2466/2637/2466 2467/2638/2467 2463/2635/2463
f 2463/2635/2463 2467/2638/2467 54/1940/54
f 2467/2638/2467 53/1941/53 54/1940/54
f 17/2612/17 2468/2615/2468 2464/2613/2464
f 2468/2615/2468 2469/2639/2469 2464/2613/2464
f 2464/2613/2464 2469/2639/2469 2465/2636/2465
f 2469/2639/2469 2470/2640/2470 2465/2636/2465
f 2465/2636/2465 2470/2640/2470 2466/2637/2466
f 2470/2640/2470 2471/2641/2471 2466/2637/2466
f 2466/2637/2466 2471/2641/2471 2467/2638/2467
f 2471/2641/2471 2472/2642/2472 2467/2638/2467
f 2467/2638/2467 2472/2642/2472 53/1941/53
f 2472/2642/2472 52/1942/52 53/1941/53
f 18/2614/18 2473/2617/2473 2468/2615/2468
f 2473/2617/2473 2474/2643/2474 2468/2615/2468
f 2468/2615/2468 2474/2643/2474 2469/2639/2469
f 2474/2643/2474 2475/2644/2475 2469/2639/2469
f 2469/2639/2469 2475/2644/2475 2470/2640/2470
f 2475/2644/2475 2476/2645/2476 2470/2640/2470
f 2470/2640/2470 2476/2645/2476 2471/2641/2471
f 2476/2645/2476 2477/2646/2477 2471/2641/2471
f 2471/2641/2471 2477/2646/2477 2472/2642/2472
f 2477/2646/2477 2478/2647/2478 2472/2642/2472
f 2472/2642/2472 2478/2647/2478 52/1942/52
f 2478/2647/2478 51/1943/51 52/1942/52
f 19/2616/19 2479/2619/2479 2473/2617/2473
f 2479/2619/2479 2480/2648/2480 2473/2617/2473
f 2473/2617/2473 2480/2648/2480 2474/2643/2474
f 2480/2648/2480 2481/2649/2481 2474/2643/2474
f 2474/2643/2474 2481/2649/2481 2475/2644/2475
f 2481/2649/2481 2482/2650/2482 2475/2644/2475
f 2475/2644/2475 2482/2650/2482 2476/2645/2476
f 2482/2650/2482 2483/2651/2483 2476/2645/2476
f 2476/2645/2476 2483/2651/2483 2477/2646/2477
f 2483/2651/2483 2484/2652/2484 2477/2646/2477
f 2477/2646/2477 2484/2652/2484 2478/2647/2478
f 2484/2652/2484 2485/2653/2485 2478/2647/2478
f 2478/2647/2478 2485/2653/2485 51/1943/51
f 2485/2653/2485 50/1944/50 51/1943/51
f 20/2618/20 2486/2621/2486 2479/2619/2479
f 2486/2621/2486 2487/2654/2487 2479/2619/2479
f 2479/2619/2479 2487/2654/2487 2480/2648/2480
f 2487/2654/2487 2488/2655/2488 2480/2648/2480
f 2480/2648/2480 2488/2655/2488 2481/2649/2481
f 2488/2655/2488 2489/2656/2489 2481/2649/2481
f 2481/2649/2481 2489/2656/2489 2482/2650/2482
f 2489/2656/2489 2490/2657/2490 2482/2650/2482
f 2482/2650/2482 2490/2657/2490 2483/2651/2483
f 2490/2657/2490 2491/2658/2491 2483/2651/2483
f 2483/2651/2483 2491/2658/2491 2484/2652/2484
f 2491/2658/2491 2492/2659/2492 2484/2652/2484
f 2484/2652/2484 2492/2659/2492 2485/2653/2485
f 2492/2659/2492 2493/2660/2493 2485/2653/2485
f 2485/2653/2485 2493/2660/2493 50/1944/50
f 2493/2660/2493 49/1945/49 50/1944/50
f 21/2620/21 2494/2623/2494 2486/2621/2486
f 2494/2623/2494 2495/2661/2495 2486/2621/2486
f 2486/2621/2486 2495/2661/2495 2487/2654/2487
f 2495/2661/2495 2496/2662/2496 2487/2654/2487
f 2487/2654/2487 2496/2662/2496 2488/2655/2488
f 2496/2662/2496 2497/2663/2497 2488/2655/2488
f 2488/2655/2488 2497/2663/2497 2489/2656/2489
f 2497/2663/2497 2498/2664/2498 2489/2656/2489
f 2489/2656/2489 2498/2664/2498 2490/2657/2490
f 2498/2664/2498 2499/2665/2499 2490/2657/2490
f 2490/2657/2490 2499/2665/2499 2491/2658/2491
f 2499/2665/2499 2500/2666/2500 2491/2658/2491
f 2491/2658/2491 2500/2666/2500 2492/2659/2492
f 2500/2666/2500 2501/2667/2501 2492/2659/2492
f 2492/2659/2492 2501/2667/2501 2493/2660/2493
f 2501/2667/2501 2502/2668/2502 2493/2660/2493
f 2493/2660/2493 2502/2668/2502 49/1945/49
f 2502/2668/2502 48/1946/48 49/1945/49
f 22/2622/22 2503/2625/2503 2494/2623/2494
f 2503/2625/2503 2504/2669/2504 2494/2623/2494
f 2494/2623/2494 2504/2669/2504 2495/2661/2495
f 2504/2669/2504 2505/2670/2505 2495/2661/2495
f 2495/2661/2495 2505/2670/2505 2496/2662/2496
f 2505/2670/2505 2506/2671/2506 2496/2662/2496
f 2496/2662/2496 2506/2671/2506 2497/2663/2497
f 2506/2671/2506 2507/2672/2507 2497/2663/2497
f 2497/2663/2497 2507/2672/2507 2498/2664/2498
f 2507/2672/2507 2508/2673/2508 2498/2664/2498
f 2498/2664/2498 2508/2673/2508 2499/2665/2499
f 2508/2673/2508 2509/2674/2509 2499/2665/2499
f 2499/2665/2499 2509/2674/2509 2500/2666/2500
f 2509/2674/2509 2510/2675/2510 2500/2666/2500
f 2500/2666/2500 2510/2675/2510 2501/2667/2501
f 2510/2675/2510 2511/2676/2511 2501/2667/2501
f 2501/2667/2501 2511/2676/2511 2502/2668/2502
f 2511/2676/2511 2512/2677/2512 2502/2668/2502
f 2502/2668/2502 2512/2677/2512 48/1946/48
f 2512/2677/2512 47/1947/47 48/1946/48
f 23/2624/23 2513/2627/2513 2503/2625/2503
f 2513/2627/2513 2514/2678/2514 2503/2625/2503
f 2503/2625/2503 2514/2678/2514 2504/2669/2504
f 2514/2678/2514 2515/2679/2515 2504/2669/2504
f 2504/2669/2504 2515/2679/2515 2505/2670/2505
f 2515/2679/2515 2516/2680/2516 2505/2670/2505
f 2505/2670/2505 2516/2680/2516 2506/2671/2506
f 2516/2680/2516 2517/2681/2517 2506/2671/2506
f 2506/2671/2506 2517/2681/2517 2507/2672/2507
f 2517/2681/2517 2518/2682/2518 2507/2672/2507
f 2507/2672/2507 2518/2682/2518 2508/2673/2508
f 2518/2682/2518 2519/2683/2519 2508/2673/2508
f 2508/2673/2508 2519/2683/2519 2509/2674/2509
f 2519/2683/2519 2520/2684/2520 2509/2674/2509
f 2509/2674/2509 2520/2684/2520 2510/2675/2510
f 2520/2684/2520 2521/2685/2521 2510/2675/2510
f 2510/2675/2510 2521/2685/2521 2511/2676/2511
f 2521/2685/2521 2522/2686/2522 2511/2676/2511
f 2511/2676/2511 2522/2686/2522 2512/2677/2512
f 2522/2686/2522 2523/2687/2523 2512/2677/2512
f 2512/2677/2512 2523/2687/2523 47/1947/47
f 2523/2687/2523 46/1948/46 47/1947/47
f 24/2626/24 2524/2629/2524 2513/2627/2513
f 2524/2629/2524 2525/2688/2525 2513/2627/2513
f 2513/2627/2513 2525/2688/2525 2514/2678/2514
f 2525/2688/2525 2526/2689/2526 2514/2678/2514
f 2514/2678/2514 2526/2689/2526 2515/2679/2515
f 2526/2689/2526 2527/2690/2527 2515/2679/2515
f 2515/2679/2515 2527/2690/2527 2516/2680/2516
f 2527/2690/2527 2528/2691/2528 2516/2680/2516
f 2516/2680/2516 2528/2691/2528 2517/2681/2517
f 2528/2691/2528 2529/2692/2529 2517/2681/2517
f 2517/2681/2517 2529/2692/2529 2518/2682/2518
f 2529/2692/2529 2530/2693/2530 2518/2682/2518
f 2518/2682/2518 2530/2693/2530 2519/2683/2519
f 2530/2693/2530 2531/2694/2531 2519/2683/2519
f 2519/2683/2519 2531/2694/2531 2520/2684/2520
f 2531/2694/2531 2532/2695/2532 2520/2684/2520
f 2520/2684/2520 2532/2695/2532 2521/2685/2521
f 2532/2695/2532 2533/2696/2533 2521/2685/2521
f 2521/2685/2521 2533/2696/2533 2522/2686/2522
f 2533/2696/2533 2534/2697/2534 2522/2686/2522
f 2522/2686/2522 2534/2697/2534 2523/2687/2523
f 2534/2697/2534 2535/2698/2535 2523/2687/2523
f 2523/2687/2523 2535/2698/2535 46/1948/46
f 2535/2698/2535 45/1949/45 46/1948/46
f 25/2628/25 2536/2631/2536 2524/2629/2524
f 2536/2631/2536 2537/2699/2537 2524/2629/2524
f 2524/2629/2524 2537/2699/2537 2525/2688/2525
f 2537/2699/2537 2538/2700/2538 2525/2688/2525
f 2525/2688/2525 2538/2700/2538 2526/2689/2526
f 2538/2700/2538 2539/2701/2539 2526/2689/2526
f 2526/2689/2526 2539/2701/2539 2527/2690/2527
f 2539/2701/2539 2540/2702/2540 2527/2690/2527
f 2527/2690/2527 2540/2702/2540 2528/2691/2528
f 2540/2702/2540 2541/2703/2541 2528/2691/2528
f 2528/2691/2528 2541/2703/2541 2529/2692/2529
f 2541/2703/2541 2542/2704/2542 2529/2692/2529
f 2529/2692/2529 2542/2704/2542 2530/2693/2530
f 2542/2704/2542 2543/2705/2543 2530/2693/2530
f 2530/2693/2530 2543/2705/2543 2531/2694/2531
f 2543/2705/2543 2544/2706/2544 2531/2694/2531
f 2531/2694/2531 2544/2706/2544 2532/2695/2532
f 2544/2706/2544 2545/2707/2545 2532/2695/2532
f 2532/2695/2532 2545/2707/2545 2533/2696/2533
f 2545/2707/2545 2546/2708/2546 2533/2696/2533
f 2533/2696/2533 2546/2708/2546 2534/2697/2534
f 2546/2708/2546 2547/2709/2547 2534/2697/2534
f 2534/2697/2534 2547/2709/2547 2535/2698/2535
f 2547/2709/2547 2548/2710/2548 2535/2698/2535
f 2535/2698/2535 2548/2710/2548 45/1949/45
f 2548/2710/2548 44/1950/44 45/1949/45
f 26/2630/26 2549/2632/2549 2536/2631/2536
f 2549/2632/2549 2550/2711/2550 2536/2631/2536
f 2536/2631/2536 2550/2711/2550 2537/2699/2537
f 2550/2711/2550 2551/2712/2551 2537/2699/2537
f 2537/2699/2537 2551/2712/2551 2538/2700/2538
f 2551/2712/2551 2552/2713/2552 2538/2700/2538
f 2538/2700/2538 2552/2713/2552 2539/2701/2539
f 2552/2713/2552 2553/2714/2553 2539/2701/2539
f 2539/2701/2539 2553/2714/2553 2540/2702/2540
f 2553/2714/2553 2554/2715/2554 2540/2702/2540
f 2540/2702/2540 2554/2715/2554 2541/2703/2541
f 2554/2715/2554 2555/2716/2555 2541/2703/2541
f 2541/2703/2541 2555/2716/2555 2542/2704/2542
f 2555/2716/2555 2556/2717/2556 2542/2704/2542
f 2542/2704/2542 2556/2717/2556 2543/2705/2543
f 2556/2717/2556 2557/2718/2557 2543/2705/2543
f 2543/2705/2543 2557/2718/2557 2544/2706/2544
f 2557/2718/2557 2558/2719/2558 2544/2706/2544
f 2544/2706/2544 2558/2719/2558 2545/2707/2545
f 2558/2719/2558 2559/2720/2559 2545/2707/2545
f 2545/2707/2545 2559/2720/2559 2546/2708/2546
f 2559/2720/2559 2560/2721/2560 2546/2708/2546
f 2546/2708/2546 2560/2721/2560 2547/2709/2547
f 2560/2721/2560 2561/2722/2561 2547/2709/2547
f 2547/2709/2547 2561/2722/2561 2548/2710/2548
f 2561/2722/2561 2562/2723/2562 2548/2710/2548
f 2548/2710/2548 2562/2723/2562 44/1950/44
f 2562/2723/2562 43/1951/43 44/1950/44
f 27/3/27 28/2/28 2549/2632/2549
f 28/2/28 29/2724/29 2549/2632/2549
f 2549/2632/2549 29/2724/29 2550/2711/2550
f 29/2724/29 30/2725/30 2550/2711/2550
f 2550/2711/2550 30/2725/30 2551/2712/2551
f 30/2725/30 31/2726/31 2551/2712/2551
f 2551/2712/2551 31/2726/31 2552/2713/2552
f 31/2726/31 32/2727/32 2552/2713/2552
f 2552/2713/2552 32/2727/32 2553/2714/2553
f 32/2727/32 33/2728/33 2553/2714/2553
f 2553/2714/2553 33/2728/33 2554/2715/2554
f 33/2728/33 34/2729/34 2554/2715/2554
f 2554/2715/2554 34/2729/34 2555/2716/2555
f 34/2729/34 35/2730/35 2555/2716/2555
f 2555/2716/2555 35/2730/35 2556/2717/2556
f 35/2730/35 36/2731/36 2556/2717/2556
f 2556/2717/2556 36/2731/36 2557/2718/2557
f 36/2731/36 37/2732/37 2557/2718/2557
f 2557/2718/2557 37/2732/37 2558/2719/2558
f 37/2732/37 38/2733/38 2558/2719/2558
f 2558/2719/2558 38/2733/38 2559/2720/2559
f 38/2733/38 39/2734/39 2559/2720/2559
f 2559/2720/2559 39/2734/39 2560/2721/2560
f 39/2734/39 40/2735/40 2560/2721/2560
f 2560/2721/2560 40/2735/40 2561/2722/2561
f 40/2735/40 41/2736/41 2561/2722/2561
f 2561/2722/2561 41/2736/41 2562/2723/2562
f 41/2736/41 42/2737/42 2562/2723/2562
f 2562/2723/2562 42/2737/42 43/1951/43
f 42/2737/42 2/4/2 43/1951/43
